ISO-10303-21;
HEADER;
FILE_DESCRIPTION (( 'STEP AP214' ),
    '1' );
FILE_NAME ('DKMW30組合圖-1060103.STEP',
    '2020-05-21T03:52:42',
    ( '' ),
    ( '' ),
    'SwSTEP 2.0',
    'SolidWorks 2017',
    '' );
FILE_SCHEMA (( 'AUTOMOTIVE_DESIGN' ));
ENDSEC;

DATA;
#1 = LINE ( 'NONE', #1401, #1838 ) ;
#2 = ORIENTED_EDGE ( 'NONE', *, *, #3235, .F. ) ;
#3 = EDGE_CURVE ( 'NONE', #1385, #363, #1317, .T. ) ;
#4 = CARTESIAN_POINT ( 'NONE',  ( 0.0000000000000000000, -0.5000000000000000000, 0.0000000000000000000 ) ) ;
#5 = DIRECTION ( 'NONE',  ( 0.0000000000000000000, 0.0000000000000000000, -1.000000000000000000 ) ) ;
#6 = CIRCLE ( 'NONE', #793, 1.100000000000000300 ) ;
#7 = DIRECTION ( 'NONE',  ( -1.548860246407865100E-016, 0.0000000000000000000, -1.000000000000000000 ) ) ;
#8 = FACE_OUTER_BOUND ( 'NONE', #1915, .T. ) ;
#9 = DIRECTION ( 'NONE',  ( 0.0000000000000000000, 0.0000000000000000000, 1.000000000000000000 ) ) ;
#10 = LINE ( 'NONE', #2302, #3351 ) ;
#11 = FILL_AREA_STYLE_COLOUR ( '', #1416 ) ;
#12 =( GEOMETRIC_REPRESENTATION_CONTEXT ( 3 ) GLOBAL_UNCERTAINTY_ASSIGNED_CONTEXT ( ( #2096 ) ) GLOBAL_UNIT_ASSIGNED_CONTEXT ( ( #3572, #3623, #903 ) ) REPRESENTATION_CONTEXT ( 'NONE', 'WORKASPACE' ) );
#13 = ADVANCED_FACE ( 'NONE', ( #2634 ), #2718, .T. ) ;
#14 = DIRECTION ( 'NONE',  ( -1.000000000000000000, 0.0000000000000000000, 1.548860246407865100E-016 ) ) ;
#15 = VECTOR ( 'NONE', #2308, 1000.000000000000000 ) ;
#16 = ORIENTED_EDGE ( 'NONE', *, *, #2531, .F. ) ;
#17 = DIRECTION ( 'NONE',  ( 0.0000000000000000000, 0.0000000000000000000, 1.000000000000000000 ) ) ;
#18 = VERTEX_POINT ( 'NONE', #653 ) ;
#19 = CIRCLE ( 'NONE', #2391, 0.5000000000000004400 ) ;
#20 = DIRECTION ( 'NONE',  ( 7.395570986446985700E-032, 1.000000000000000000, 7.982189977661023200E-032 ) ) ;
#21 = DIRECTION ( 'NONE',  ( 1.000000000000000000, 7.395570986446975800E-032, -7.675767592817735300E-017 ) ) ;
#22 = CARTESIAN_POINT ( 'NONE',  ( 6.123233995736763600E-017, 5.599999999999999600, 10.65000000000000200 ) ) ;
#23 = DIRECTION ( 'NONE',  ( 7.395570986446985700E-032, 1.000000000000000000, 7.982189977661023200E-032 ) ) ;
#24 = DIRECTION ( 'NONE',  ( 0.0000000000000000000, 0.0000000000000000000, 1.000000000000000000 ) ) ;
#25 = ORIENTED_EDGE ( 'NONE', *, *, #1383, .T. ) ;
#26 = VECTOR ( 'NONE', #2086, 1000.000000000000000 ) ;
#27 = SURFACE_STYLE_USAGE ( .BOTH. , #279 ) ;
#28 = EDGE_CURVE ( 'NONE', #3566, #3788, #3343, .T. ) ;
#29 = AXIS2_PLACEMENT_3D ( 'NONE', #1068, #1078, #3465 ) ;
#30 = VERTEX_POINT ( 'NONE', #2414 ) ;
#31 = ORIENTED_EDGE ( 'NONE', *, *, #1505, .F. ) ;
#32 = CARTESIAN_POINT ( 'NONE',  ( -11.19999999999999000, -9.800000000000000700, -12.30000000000000100 ) ) ;
#33 = VERTEX_POINT ( 'NONE', #2130 ) ;
#34 = AXIS2_PLACEMENT_3D ( 'NONE', #514, #2949, #2033 ) ;
#35 = EDGE_CURVE ( 'NONE', #397, #2121, #937, .T. ) ;
#36 = ORIENTED_EDGE ( 'NONE', *, *, #3596, .T. ) ;
#37 = CARTESIAN_POINT ( 'NONE',  ( -11.19999999999999800, -8.300000000000002500, 11.19999999999999900 ) ) ;
#38 = VERTEX_POINT ( 'NONE', #620 ) ;
#39 = ADVANCED_FACE ( 'NONE', ( #1738 ), #1526, .T. ) ;
#40 = ORIENTED_EDGE ( 'NONE', *, *, #805, .F. ) ;
#41 = DIRECTION ( 'NONE',  ( 0.0000000000000000000, 0.0000000000000000000, 1.000000000000000000 ) ) ;
#42 = DIRECTION ( 'NONE',  ( 7.395570986446985700E-032, 1.000000000000000000, 7.982189977661023200E-032 ) ) ;
#43 = VERTEX_POINT ( 'NONE', #2143 ) ;
#44 = VERTEX_POINT ( 'NONE', #65 ) ;
#45 = APPLICATION_PROTOCOL_DEFINITION ( 'draft international standard', 'automotive_design', 1998, #3080 ) ;
#46 = ORIENTED_EDGE ( 'NONE', *, *, #3750, .T. ) ;
#47 = EDGE_LOOP ( 'NONE', ( #302, #1012, #439, #316 ) ) ;
#48 = EDGE_CURVE ( 'NONE', #1720, #1673, #3075, .T. ) ;
#49 = AXIS2_PLACEMENT_3D ( 'NONE', #295, #3308, #3008 ) ;
#50 = CARTESIAN_POINT ( 'NONE',  ( 11.30000000000001100, 0.7999999999999999300, -11.30000000000001500 ) ) ;
#51 = DIRECTION ( 'NONE',  ( 0.0000000000000000000, 0.0000000000000000000, 1.000000000000000000 ) ) ;
#52 = LINE ( 'NONE', #3644, #612 ) ;
#53 = CYLINDRICAL_SURFACE ( 'NONE', #110, 0.5000000000000004400 ) ;
#54 = CARTESIAN_POINT ( 'NONE',  ( -12.29999999999999900, 0.0000000000000000000, 11.19999999999998900 ) ) ;
#55 = EDGE_CURVE ( 'NONE', #2816, #3557, #3251, .T. ) ;
#56 = AXIS2_PLACEMENT_3D ( 'NONE', #1922, #703, #2225 ) ;
#57 = LINE ( 'NONE', #921, #2077 ) ;
#58 = LINE ( 'NONE', #202, #1041 ) ;
#59 = DIRECTION ( 'NONE',  ( 1.000000000000000000, 0.0000000000000000000, 0.0000000000000000000 ) ) ;
#60 = ADVANCED_FACE ( 'NONE', ( #518 ), #53, .T. ) ;
#61 = CIRCLE ( 'NONE', #470, 1.100000000000000300 ) ;
#62 = EDGE_CURVE ( 'NONE', #44, #1679, #2776, .T. ) ;
#63 = DIRECTION ( 'NONE',  ( 0.0000000000000000000, -0.0000000000000000000, 1.000000000000000000 ) ) ;
#64 = FACE_BOUND ( 'NONE', #2184, .T. ) ;
#65 = CARTESIAN_POINT ( 'NONE',  ( -11.19999999999998900, 0.0000000000000000000, 12.69999999999999900 ) ) ;
#66 = DIRECTION ( 'NONE',  ( 7.395570986446985700E-032, 1.000000000000000000, 7.982189977661023200E-032 ) ) ;
#67 = CIRCLE ( 'NONE', #1398, 0.7000000000000009500 ) ;
#68 = PRESENTATION_STYLE_ASSIGNMENT (( #1207 ) ) ;
#69 =( REPRESENTATION_RELATIONSHIP ('NONE','NONE', #181, #148 ) REPRESENTATION_RELATIONSHIP_WITH_TRANSFORMATION ( #2958 )SHAPE_REPRESENTATION_RELATIONSHIP( ) );
#70 = CIRCLE ( 'NONE', #2337, 0.7000000000000009500 ) ;
#71 = FACE_OUTER_BOUND ( 'NONE', #1998, .T. ) ;
#72 = EDGE_CURVE ( 'NONE', #2797, #887, #2395, .T. ) ;
#73 = AXIS2_PLACEMENT_3D ( 'NONE', #900, #2155, #41 ) ;
#74 = DIRECTION ( 'NONE',  ( 0.9961946980917455500, -0.08715574274765820800, -1.645830789927028900E-016 ) ) ;
#75 = DIRECTION ( 'NONE',  ( -7.395570986446985700E-032, -1.000000000000000000, -7.982189977661023200E-032 ) ) ;
#76 = EDGE_LOOP ( 'NONE', ( #1827, #2210, #652, #1807 ) ) ;
#77 = CIRCLE ( 'NONE', #3604, 1.000000000000000900 ) ;
#78 = DIRECTION ( 'NONE',  ( 0.0000000000000000000, -0.0000000000000000000, 1.000000000000000000 ) ) ;
#79 = CARTESIAN_POINT ( 'NONE',  ( -11.20000000000000800, 0.0000000000000000000, 11.20000000000001000 ) ) ;
#80 = ORIENTED_EDGE ( 'NONE', *, *, #3468, .T. ) ;
#81 = LINE ( 'NONE', #841, #2514 ) ;
#82 = AXIS2_PLACEMENT_3D ( 'NONE', #1129, #1174, #3238 ) ;
#83 = ORIENTED_EDGE ( 'NONE', *, *, #3801, .T. ) ;
#84 = DIRECTION ( 'NONE',  ( 0.0000000000000000000, 0.0000000000000000000, 1.000000000000000000 ) ) ;
#85 = EDGE_CURVE ( 'NONE', #2612, #2407, #3170, .T. ) ;
#86 = VERTEX_POINT ( 'NONE', #328 ) ;
#87 = CARTESIAN_POINT ( 'NONE',  ( -11.20000000000000100, -8.300000000000002500, -11.19999999999999900 ) ) ;
#88 = PLANE ( 'NONE',  #2083 ) ;
#89 = ORIENTED_EDGE ( 'NONE', *, *, #3, .T. ) ;
#90 = ORIENTED_EDGE ( 'NONE', *, *, #3072, .F. ) ;
#91 = DIRECTION ( 'NONE',  ( -1.000000000000000000, -0.0000000000000000000, 0.0000000000000000000 ) ) ;
#92 = PRESENTATION_LAYER_ASSIGNMENT (  '', '', ( #1252 ) ) ;
#93 = VERTEX_POINT ( 'NONE', #1227 ) ;
#94 = DIRECTION ( 'NONE',  ( 7.395570986446985700E-032, 1.000000000000000000, 7.982189977661023200E-032 ) ) ;
#95 = DIRECTION ( 'NONE',  ( -1.548860246407865100E-016, 0.0000000000000000000, -1.000000000000000000 ) ) ;
#96 = ORIENTED_EDGE ( 'NONE', *, *, #2123, .T. ) ;
#97 = CARTESIAN_POINT ( 'NONE',  ( 10.15000000000000900, 0.7999999999999999300, 10.15000000000000900 ) ) ;
#98 = CIRCLE ( 'NONE', #1927, 1.000000000000000900 ) ;
#99 = CYLINDRICAL_SURFACE ( 'NONE', #150, 1.000000000000000900 ) ;
#100 = FACE_OUTER_BOUND ( 'NONE', #1501, .T. ) ;
#101 = DIRECTION ( 'NONE',  ( 0.0000000000000000000, 0.0000000000000000000, 1.000000000000000000 ) ) ;
#102 = PLANE ( 'NONE',  #1380 ) ;
#103 = EDGE_CURVE ( 'NONE', #690, #1234, #2165, .T. ) ;
#104 = AXIS2_PLACEMENT_3D ( 'NONE', #3734, #2241, #3747 ) ;
#105 = VECTOR ( 'NONE', #2931, 1000.000000000000100 ) ;
#106 = AXIS2_PLACEMENT_3D ( 'NONE', #565, #896, #2676 ) ;
#107 = CARTESIAN_POINT ( 'NONE',  ( -11.30000000000000800, 1.500000000000000000, 11.30000000000001100 ) ) ;
#108 = DIRECTION ( 'NONE',  ( 7.395570986446985700E-032, 1.000000000000000000, 7.982189977661023200E-032 ) ) ;
#109 = FACE_OUTER_BOUND ( 'NONE', #2526, .T. ) ;
#110 = AXIS2_PLACEMENT_3D ( 'NONE', #2117, #3657, #338 ) ;
#111 = CIRCLE ( 'NONE', #2747, 0.9300090691792602900 ) ;
#112 = SHAPE_REPRESENTATION_RELATIONSHIP ( 'NONE' , 'NONE' ,  #2735, #2675 ) ;
#113 = DIRECTION ( 'NONE',  ( 2.302730277845319100E-016, 8.013949756639679900E-032, 1.000000000000000000 ) ) ;
#114 = PRODUCT_DEFINITION_SHAPE ( 'NONE', 'NONE',  #3510 ) ;
#115 = EDGE_LOOP ( 'NONE', ( #2725, #133 ) ) ;
#116 = DIRECTION ( 'NONE',  ( 0.0000000000000000000, 1.000000000000000000, 0.0000000000000000000 ) ) ;
#117 = CARTESIAN_POINT ( 'NONE',  ( -11.19999999999998900, -8.300000000000002500, 11.19999999999999900 ) ) ;
#118 = DIRECTION ( 'NONE',  ( 0.0000000000000000000, 0.9961946980917455500, -0.08715574274765820800 ) ) ;
#119 = ORIENTED_EDGE ( 'NONE', *, *, #904, .T. ) ;
#120 = VECTOR ( 'NONE', #1283, 1000.000000000000000 ) ;
#121 = ORIENTED_EDGE ( 'NONE', *, *, #1739, .F. ) ;
#122 = EDGE_CURVE ( 'NONE', #1482, #397, #1038, .T. ) ;
#123 = FACE_OUTER_BOUND ( 'NONE', #3099, .T. ) ;
#124 = CARTESIAN_POINT ( 'NONE',  ( -10.49999999999999100, -3.000000000000000000, -11.23753400942222700 ) ) ;
#125 = DIRECTION ( 'NONE',  ( 7.395570986446985700E-032, 1.000000000000000000, 7.982189977661023200E-032 ) ) ;
#126 = ORIENTED_EDGE ( 'NONE', *, *, #1722, .F. ) ;
#127 = LINE ( 'NONE', #1585, #641 ) ;
#128 = CARTESIAN_POINT ( 'NONE',  ( 11.30000000000001100, 1.500000000000000000, -12.30000000000002600 ) ) ;
#129 = AXIS2_PLACEMENT_3D ( 'NONE', #3083, #370, #661 ) ;
#130 = ORIENTED_EDGE ( 'NONE', *, *, #2458, .F. ) ;
#131 = DIRECTION ( 'NONE',  ( 7.395570986446985700E-032, 1.000000000000000000, 7.982189977661023200E-032 ) ) ;
#132 = VERTEX_POINT ( 'NONE', #3322 ) ;
#133 = ORIENTED_EDGE ( 'NONE', *, *, #883, .F. ) ;
#134 = ORIENTED_EDGE ( 'NONE', *, *, #2572, .F. ) ;
#135 = EDGE_CURVE ( 'NONE', #3422, #43, #471, .T. ) ;
#136 = ORIENTED_EDGE ( 'NONE', *, *, #2250, .F. ) ;
#137 = CARTESIAN_POINT ( 'NONE',  ( -11.19999999999999800, 0.0000000000000000000, 11.19999999999999900 ) ) ;
#138 = CARTESIAN_POINT ( 'NONE',  ( 2.550000000000002900, 0.7999999999999997100, 10.15000000000001100 ) ) ;
#139 = PLANE ( 'NONE',  #29 ) ;
#140 = ORIENTED_EDGE ( 'NONE', *, *, #1586, .F. ) ;
#141 = CARTESIAN_POINT ( 'NONE',  ( 12.69999999999999800, -8.300000000000002500, -11.19999999999998900 ) ) ;
#142 = DIRECTION ( 'NONE',  ( 7.395570986446985700E-032, 1.000000000000000000, 7.982189977661023200E-032 ) ) ;
#143 = CONICAL_SURFACE ( 'NONE', #3252, 0.7000000000000009500, 0.1832595714594050000 ) ;
#144 = EDGE_LOOP ( 'NONE', ( #3703, #3512, #275, #1858, #3542, #1529, #2813, #969 ) ) ;
#145 = VECTOR ( 'NONE', #2991, 1000.000000000000000 ) ;
#146 = DIRECTION ( 'NONE',  ( 7.395570986446985700E-032, 1.000000000000000000, 7.982189977661023200E-032 ) ) ;
#147 = CIRCLE ( 'NONE', #3872, 0.9300090691792602900 ) ;
#148 = SHAPE_REPRESENTATION ( 'DKMW30 PIN-1060103', ( #216 ), #2987 ) ;
#149 = CARTESIAN_POINT ( 'NONE',  ( -10.20000000000001000, 0.0000000000000000000, -10.15000000000001100 ) ) ;
#150 = AXIS2_PLACEMENT_3D ( 'NONE', #1840, #1814, #2541 ) ;
#151 = LINE ( 'NONE', #1835, #3261 ) ;
#152 = EDGE_LOOP ( 'NONE', ( #3803, #3560, #455, #1045 ) ) ;
#153 = PLANE ( 'NONE',  #1885 ) ;
#154 = DIRECTION ( 'NONE',  ( 0.0000000000000000000, 1.000000000000000000, 0.0000000000000000000 ) ) ;
#155 = CIRCLE ( 'NONE', #427, 1.499999999999999600 ) ;
#156 = EDGE_CURVE ( 'NONE', #3388, #2240, #659, .T. ) ;
#157 = ORIENTED_EDGE ( 'NONE', *, *, #3530, .F. ) ;
#158 = CIRCLE ( 'NONE', #1819, 4.000000000000005300 ) ;
#159 = CARTESIAN_POINT ( 'NONE',  ( -5.100000000000005000, 4.404003810825312600E-032, -9.598271235945237100 ) ) ;
#160 = AXIS2_PLACEMENT_3D ( 'NONE', #2549, #2248, #3544 ) ;
#161 = EDGE_CURVE ( 'NONE', #33, #499, #2967, .T. ) ;
#162 = CIRCLE ( 'NONE', #1062, 0.7000000000000009500 ) ;
#163 = MECHANICAL_DESIGN_GEOMETRIC_PRESENTATION_REPRESENTATION (  '', ( #3661 ), #642 ) ;
#164 = ORIENTED_EDGE ( 'NONE', *, *, #1142, .F. ) ;
#165 = FACE_BOUND ( 'NONE', #1581, .T. ) ;
#166 = DIRECTION ( 'NONE',  ( -7.395570986446985700E-032, -1.000000000000000000, -7.982189977661023200E-032 ) ) ;
#167 = UNCERTAINTY_MEASURE_WITH_UNIT (LENGTH_MEASURE( 1.000000000000000100E-005 ), #3691, 'distance_accuracy_value', 'NONE');
#168 = ORIENTED_EDGE ( 'NONE', *, *, #2545, .T. ) ;
#169 = COLOUR_RGB ( '',0.7529411764705882200, 0.7529411764705882200, 0.7529411764705882200 ) ;
#170 = AXIS2_PLACEMENT_3D ( 'NONE', #1361, #2851, #2245 ) ;
#171 = VERTEX_POINT ( 'NONE', #385 ) ;
#172 = SURFACE_STYLE_USAGE ( .BOTH. , #2828 ) ;
#173 = ORIENTED_EDGE ( 'NONE', *, *, #233, .T. ) ;
#174 = ORIENTED_EDGE ( 'NONE', *, *, #270, .F. ) ;
#175 = CARTESIAN_POINT ( 'NONE',  ( 4.199999999999999300, -0.8000000000000000400, 0.0000000000000000000 ) ) ;
#176 = ORIENTED_EDGE ( 'NONE', *, *, #987, .F. ) ;
#177 = ORIENTED_EDGE ( 'NONE', *, *, #2867, .T. ) ;
#178 = EDGE_CURVE ( 'NONE', #3193, #2708, #2258, .T. ) ;
#179 = AXIS2_PLACEMENT_3D ( 'NONE', #1386, #798, #3507 ) ;
#180 = EDGE_LOOP ( 'NONE', ( #2564, #267, #876, #1119, #1249, #315, #3283, #2000 ) ) ;
#181 = SHAPE_REPRESENTATION ( 'DKMW30組合圖-1060103', ( #2298, #839, #1619, #1644, #1093, #1854, #2050 ), #2711 ) ;
#182 = SHAPE_DEFINITION_REPRESENTATION ( #489, #2735 ) ;
#183 = ORIENTED_EDGE ( 'NONE', *, *, #3678, .T. ) ;
#184 = EDGE_CURVE ( 'NONE', #935, #2121, #1274, .T. ) ;
#185 = CARTESIAN_POINT ( 'NONE',  ( -11.19999999999999000, -8.300000000000002500, -12.69999999999999900 ) ) ;
#186 = VERTEX_POINT ( 'NONE', #990 ) ;
#187 = EDGE_LOOP ( 'NONE', ( #3739, #2063, #734 ) ) ;
#188 = VECTOR ( 'NONE', #3798, 1000.000000000000100 ) ;
#189 = SPHERICAL_SURFACE ( 'NONE', #945, 1.500000000000000000 ) ;
#190 = EDGE_CURVE ( 'NONE', #996, #2612, #3473, .T. ) ;
#191 = DIRECTION ( 'NONE',  ( 6.047644520422315900E-016, 0.9961946980917455500, 0.08715574274765820800 ) ) ;
#192 = AXIS2_PLACEMENT_3D ( 'NONE', #1815, #2444, #890 ) ;
#193 = FACE_OUTER_BOUND ( 'NONE', #2300, .T. ) ;
#194 = ADVANCED_FACE ( 'NONE', ( #1963 ), #1857, .T. ) ;
#195 = CARTESIAN_POINT ( 'NONE',  ( 2.549999999999997200, -0.8000000000000000400, -10.65000000000000200 ) ) ;
#196 = DIRECTION ( 'NONE',  ( 0.0000000000000000000, 7.982189977661011200E-032, 1.000000000000000000 ) ) ;
#197 = DIRECTION ( 'NONE',  ( 0.0000000000000000000, -0.9961946980917455500, -0.08715574274765820800 ) ) ;
#198 = AXIS2_PLACEMENT_3D ( 'NONE', #376, #340, #2430 ) ;
#199 = LINE ( 'NONE', #2547, #3309 ) ;
#200 = CARTESIAN_POINT ( 'NONE',  ( 11.20000000000001000, 0.5000000000000000000, 11.20000000000000800 ) ) ;
#201 = DIRECTION ( 'NONE',  ( -1.000000000000000000, -7.395570986446975800E-032, 2.302730277845320600E-016 ) ) ;
#202 = CARTESIAN_POINT ( 'NONE',  ( -11.30000000000000800, 1.500000000000000000, 12.30000000000002000 ) ) ;
#203 = CIRCLE ( 'NONE', #3621, 0.7000000000000009500 ) ;
#204 = EDGE_CURVE ( 'NONE', #3643, #1868, #1185, .T. ) ;
#205 = COLOUR_RGB ( '',0.7529411764705882200, 0.7529411764705882200, 0.7529411764705882200 ) ;
#206 = ORIENTED_EDGE ( 'NONE', *, *, #933, .F. ) ;
#207 =( LENGTH_UNIT ( ) NAMED_UNIT ( * ) SI_UNIT ( .MILLI., .METRE. ) );
#208 = ORIENTED_EDGE ( 'NONE', *, *, #1704, .F. ) ;
#209 = LINE ( 'NONE', #1223, #3275 ) ;
#210 = CARTESIAN_POINT ( 'NONE',  ( -12.30000000000000200, 0.0000000000000000000, -11.19999999999999200 ) ) ;
#211 = ORIENTED_EDGE ( 'NONE', *, *, #2068, .F. ) ;
#212 = CYLINDRICAL_SURFACE ( 'NONE', #1916, 0.5000000000000004400 ) ;
#213 = ADVANCED_FACE ( 'NONE', ( #484 ), #3584, .T. ) ;
#214 = ORIENTED_EDGE ( 'NONE', *, *, #501, .T. ) ;
#215 = CARTESIAN_POINT ( 'NONE',  ( 2.549999999999997200, 5.599999999999999600, -9.650000000000000400 ) ) ;
#216 = AXIS2_PLACEMENT_3D ( 'NONE', #2357, #3002, #892 ) ;
#217 = VERTEX_POINT ( 'NONE', #128 ) ;
#218 = DIRECTION ( 'NONE',  ( -0.9961946980917455500, -0.08715574274765820800, 8.229153949635144300E-017 ) ) ;
#219 = ORIENTED_EDGE ( 'NONE', *, *, #1579, .T. ) ;
#220 = CARTESIAN_POINT ( 'NONE',  ( 12.30000000000002000, 0.5000000000000000000, 11.30000000000001000 ) ) ;
#221 = CARTESIAN_POINT ( 'NONE',  ( -11.20000000000001200, 0.5000000000000000000, -11.20000000000001000 ) ) ;
#222 = EDGE_LOOP ( 'NONE', ( #1817, #2290, #3013, #2333 ) ) ;
#223 = ORIENTED_EDGE ( 'NONE', *, *, #227, .F. ) ;
#224 = CARTESIAN_POINT ( 'NONE',  ( 10.49999999999999100, -0.8000000000000000400, 11.43000906917926200 ) ) ;
#225 = ORIENTED_EDGE ( 'NONE', *, *, #161, .T. ) ;
#226 = CARTESIAN_POINT ( 'NONE',  ( 11.19999999999999000, -8.300000000000002500, 12.69999999999999900 ) ) ;
#227 = EDGE_CURVE ( 'NONE', #2293, #261, #1661, .T. ) ;
#228 = CARTESIAN_POINT ( 'NONE',  ( -10.49999999999999100, -0.8000000000000000400, 11.43000906917926200 ) ) ;
#229 = AXIS2_PLACEMENT_3D ( 'NONE', #1591, #402, #118 ) ;
#230 = DIRECTION ( 'NONE',  ( 0.0000000000000000000, 0.0000000000000000000, -1.000000000000000000 ) ) ;
#231 = VERTEX_POINT ( 'NONE', #411 ) ;
#232 = ADVANCED_FACE ( 'NONE', ( #2984 ), #2182, .T. ) ;
#233 = EDGE_CURVE ( 'NONE', #2005, #3104, #1803, .T. ) ;
#234 =( NAMED_UNIT ( * ) PLANE_ANGLE_UNIT ( ) SI_UNIT ( $, .RADIAN. ) );
#235 = CIRCLE ( 'NONE', #847, 1.100000000000000300 ) ;
#236 = EDGE_LOOP ( 'NONE', ( #1494, #1906, #1748, #965, #948, #157, #813, #140 ) ) ;
#237 = DIRECTION ( 'NONE',  ( 0.0000000000000000000, -0.0000000000000000000, 1.000000000000000000 ) ) ;
#238 = VECTOR ( 'NONE', #2581, 1000.000000000000000 ) ;
#239 = CYLINDRICAL_SURFACE ( 'NONE', #477, 1.499999999999999600 ) ;
#240 = CARTESIAN_POINT ( 'NONE',  ( -11.19999999999998900, -9.800000000000000700, 12.69999999999999900 ) ) ;
#241 = CARTESIAN_POINT ( 'NONE',  ( 11.30000000000001100, 1.500000000000000000, -11.30000000000001500 ) ) ;
#242 = FACE_BOUND ( 'NONE', #1206, .T. ) ;
#243 = EDGE_LOOP ( 'NONE', ( #3749, #1628, #3188, #1582 ) ) ;
#244 = AXIS2_PLACEMENT_3D ( 'NONE', #1923, #1947, #1935 ) ;
#245 = DIRECTION ( 'NONE',  ( 7.395570986446985700E-032, 1.000000000000000000, 7.982189977661023200E-032 ) ) ;
#246 = CIRCLE ( 'NONE', #777, 0.7000000000000009500 ) ;
#247 = CARTESIAN_POINT ( 'NONE',  ( 10.20000000000001000, -3.252606517456512800E-016, -9.598271235945238900 ) ) ;
#248 = CIRCLE ( 'NONE', #1866, 0.5517287640547738900 ) ;
#249 = EDGE_CURVE ( 'NONE', #3358, #3107, #162, .T. ) ;
#250 = ADVANCED_FACE ( 'NONE', ( #3771 ), #3816, .F. ) ;
#251 = DIRECTION ( 'NONE',  ( 0.0000000000000000000, 0.0000000000000000000, -1.000000000000000000 ) ) ;
#252 = DIRECTION ( 'NONE',  ( 0.0000000000000000000, 0.0000000000000000000, 1.000000000000000000 ) ) ;
#253 = CIRCLE ( 'NONE', #3495, 0.7000000000000009500 ) ;
#254 = DIRECTION ( 'NONE',  ( 1.000000000000000000, 7.395570986446975800E-032, -7.675767592817735300E-017 ) ) ;
#255 = DIRECTION ( 'NONE',  ( -0.0000000000000000000, -1.000000000000000000, -0.0000000000000000000 ) ) ;
#256 = DIRECTION ( 'NONE',  ( 7.395570986446985700E-032, 1.000000000000000000, 7.982189977661023200E-032 ) ) ;
#257 = EDGE_CURVE ( 'NONE', #3152, #413, #2313, .T. ) ;
#258 = ORIENTED_EDGE ( 'NONE', *, *, #3021, .T. ) ;
#259 = VECTOR ( 'NONE', #608, 1000.000000000000000 ) ;
#260 = DIRECTION ( 'NONE',  ( 0.0000000000000000000, 0.0000000000000000000, 1.000000000000000000 ) ) ;
#261 = VERTEX_POINT ( 'NONE', #3756 ) ;
#262 = PRESENTATION_STYLE_ASSIGNMENT (( #1452 ) ) ;
#263 =( NAMED_UNIT ( * ) SI_UNIT ( $, .STERADIAN. ) SOLID_ANGLE_UNIT ( ) );
#264 = EDGE_LOOP ( 'NONE', ( #3102, #3836 ) ) ;
#265 = CARTESIAN_POINT ( 'NONE',  ( 0.0000000000000000000, 0.0000000000000000000, 0.0000000000000000000 ) ) ;
#266 = PLANE ( 'NONE',  #3143 ) ;
#267 = ORIENTED_EDGE ( 'NONE', *, *, #2432, .F. ) ;
#268 = ORIENTED_EDGE ( 'NONE', *, *, #1685, .T. ) ;
#269 = ORIENTED_EDGE ( 'NONE', *, *, #1424, .T. ) ;
#270 = EDGE_CURVE ( 'NONE', #1728, #3463, #1563, .T. ) ;
#271 = AXIS2_PLACEMENT_3D ( 'NONE', #1216, #3058, #3325 ) ;
#272 = ORIENTED_EDGE ( 'NONE', *, *, #3347, .T. ) ;
#273 = CARTESIAN_POINT ( 'NONE',  ( -11.19999999999999000, -9.800000000000000700, -12.30000000000000100 ) ) ;
#274 = ADVANCED_FACE ( 'NONE', ( #3271 ), #3481, .T. ) ;
#275 = ORIENTED_EDGE ( 'NONE', *, *, #334, .F. ) ;
#276 = UNCERTAINTY_MEASURE_WITH_UNIT (LENGTH_MEASURE( 1.000000000000000100E-005 ), #1178, 'distance_accuracy_value', 'NONE');
#277 = AXIS2_PLACEMENT_3D ( 'NONE', #1414, #2925, #3511 ) ;
#278 = ORIENTED_EDGE ( 'NONE', *, *, #904, .F. ) ;
#279 = SURFACE_SIDE_STYLE ('',( #3871 ) ) ;
#280 = VERTEX_POINT ( 'NONE', #1057 ) ;
#281 = CARTESIAN_POINT ( 'NONE',  ( -11.20000000000000800, 0.5000000000000000000, 12.70000000000002100 ) ) ;
#282 = DIRECTION ( 'NONE',  ( 7.395570986446985700E-032, 1.000000000000000000, 7.982189977661023200E-032 ) ) ;
#283 = EDGE_CURVE ( 'NONE', #2048, #1027, #2791, .T. ) ;
#284 = DIRECTION ( 'NONE',  ( 0.0000000000000000000, 0.0000000000000000000, 1.000000000000000000 ) ) ;
#285 = DIRECTION ( 'NONE',  ( 6.938893903907230700E-015, 0.0000000000000000000, 1.000000000000000000 ) ) ;
#286 = LINE ( 'NONE', #3147, #1187 ) ;
#287 = CARTESIAN_POINT ( 'NONE',  ( -11.23753400942222700, -3.000000000000000000, -10.49999999999999300 ) ) ;
#288 = CIRCLE ( 'NONE', #3274, 0.7375340094222283500 ) ;
#289 = DIRECTION ( 'NONE',  ( 0.0000000000000000000, 1.000000000000000000, 0.0000000000000000000 ) ) ;
#290 = VECTOR ( 'NONE', #1548, 1000.000000000000000 ) ;
#291 =( LENGTH_UNIT ( ) NAMED_UNIT ( * ) SI_UNIT ( .MILLI., .METRE. ) );
#292 = ADVANCED_FACE ( 'NONE', ( #1983 ), #3680, .T. ) ;
#293 = DIRECTION ( 'NONE',  ( 1.000000000000000000, 0.0000000000000000000, 0.0000000000000000000 ) ) ;
#294 = DIRECTION ( 'NONE',  ( 1.000000000000000000, 0.0000000000000000000, 0.0000000000000000000 ) ) ;
#295 = CARTESIAN_POINT ( 'NONE',  ( 10.15000000000000900, 0.0000000000000000000, 10.15000000000000900 ) ) ;
#296 = CARTESIAN_POINT ( 'NONE',  ( -11.43000906917926000, -0.8000000000000000400, 10.49999999999999100 ) ) ;
#297 = DIRECTION ( 'NONE',  ( 0.0000000000000000000, 1.000000000000000000, 0.0000000000000000000 ) ) ;
#298 = FACE_OUTER_BOUND ( 'NONE', #3338, .T. ) ;
#299 = VECTOR ( 'NONE', #1699, 1000.000000000000000 ) ;
#300 = EDGE_LOOP ( 'NONE', ( #3551, #3459, #1544, #2288 ) ) ;
#301 =( LENGTH_UNIT ( ) NAMED_UNIT ( * ) SI_UNIT ( .MILLI., .METRE. ) );
#302 = ORIENTED_EDGE ( 'NONE', *, *, #468, .F. ) ;
#303 = EDGE_CURVE ( 'NONE', #3287, #1426, #1893, .T. ) ;
#304 = FACE_OUTER_BOUND ( 'NONE', #1821, .T. ) ;
#305 = DIRECTION ( 'NONE',  ( 0.0000000000000000000, 0.0000000000000000000, 1.000000000000000000 ) ) ;
#306 = DIRECTION ( 'NONE',  ( 0.0000000000000000000, 0.0000000000000000000, 1.000000000000000000 ) ) ;
#307 = ORIENTED_EDGE ( 'NONE', *, *, #2599, .T. ) ;
#308 = LINE ( 'NONE', #1139, #3594 ) ;
#309 = CARTESIAN_POINT ( 'NONE',  ( 11.20000000000000100, -8.300000000000002500, 11.19999999999999900 ) ) ;
#310 = AXIS2_PLACEMENT_3D ( 'NONE', #3027, #613, #3591 ) ;
#311 = EDGE_CURVE ( 'NONE', #3708, #3246, #1515, .T. ) ;
#312 = DIRECTION ( 'NONE',  ( 6.373240956641827900E-032, 0.9832549075639543900, 0.1822355254921480500 ) ) ;
#313 = ORIENTED_EDGE ( 'NONE', *, *, #3860, .F. ) ;
#314 = ADVANCED_FACE ( 'NONE', ( #2453, #3219 ), #153, .F. ) ;
#315 = ORIENTED_EDGE ( 'NONE', *, *, #576, .F. ) ;
#316 = ORIENTED_EDGE ( 'NONE', *, *, #377, .T. ) ;
#317 = FILL_AREA_STYLE ('',( #11 ) ) ;
#318 = ORIENTED_EDGE ( 'NONE', *, *, #3674, .F. ) ;
#319 = ORIENTED_EDGE ( 'NONE', *, *, #1266, .T. ) ;
#320 = VERTEX_POINT ( 'NONE', #141 ) ;
#321 = DIRECTION ( 'NONE',  ( 1.548860246407865100E-016, 0.0000000000000000000, 1.000000000000000000 ) ) ;
#322 = EDGE_CURVE ( 'NONE', #1262, #3894, #111, .T. ) ;
#323 = AXIS2_PLACEMENT_3D ( 'NONE', #922, #3627, #63 ) ;
#324 = DIRECTION ( 'NONE',  ( -0.0000000000000000000, -1.000000000000000000, -0.0000000000000000000 ) ) ;
#325 = ORIENTED_EDGE ( 'NONE', *, *, #103, .T. ) ;
#326 = EDGE_LOOP ( 'NONE', ( #278, #1231, #1158, #2530 ) ) ;
#327 = EDGE_LOOP ( 'NONE', ( #345, #1114, #3189, #1999 ) ) ;
#328 = CARTESIAN_POINT ( 'NONE',  ( -11.19999999999999000, 0.0000000000000000000, -12.69999999999999900 ) ) ;
#329 = ORIENTED_EDGE ( 'NONE', *, *, #1685, .F. ) ;
#330 = AXIS2_PLACEMENT_3D ( 'NONE', #1890, #95, #2203 ) ;
#331 = ORIENTED_EDGE ( 'NONE', *, *, #2046, .F. ) ;
#332 = CARTESIAN_POINT ( 'NONE',  ( 11.30000000000001100, 0.8000000000000000400, -11.70000000000001500 ) ) ;
#333 = DIRECTION ( 'NONE',  ( 0.0000000000000000000, 0.0000000000000000000, -1.000000000000000000 ) ) ;
#334 = EDGE_CURVE ( 'NONE', #3331, #2240, #1096, .T. ) ;
#335 = DIRECTION ( 'NONE',  ( 7.395570986446985700E-032, 1.000000000000000000, 7.982189977661023200E-032 ) ) ;
#336 = LINE ( 'NONE', #1094, #238 ) ;
#337 = CIRCLE ( 'NONE', #3439, 0.5517287640547721100 ) ;
#338 = DIRECTION ( 'NONE',  ( 0.0000000000000000000, 0.0000000000000000000, -1.000000000000000000 ) ) ;
#339 = FACE_OUTER_BOUND ( 'NONE', #1949, .T. ) ;
#340 = DIRECTION ( 'NONE',  ( 7.395570986446985700E-032, 1.000000000000000000, 7.982189977661023200E-032 ) ) ;
#341 = FACE_OUTER_BOUND ( 'NONE', #1403, .T. ) ;
#342 = APPLICATION_PROTOCOL_DEFINITION ( 'draft international standard', 'automotive_design', 1998, #1555 ) ;
#343 = DIRECTION ( 'NONE',  ( 0.0000000000000000000, 0.0000000000000000000, 1.000000000000000000 ) ) ;
#344 = PLANE ( 'NONE',  #3166 ) ;
#345 = ORIENTED_EDGE ( 'NONE', *, *, #1865, .F. ) ;
#346 = DIRECTION ( 'NONE',  ( 0.0000000000000000000, 1.000000000000000000, 0.0000000000000000000 ) ) ;
#347 = ORIENTED_EDGE ( 'NONE', *, *, #204, .T. ) ;
#348 = FACE_OUTER_BOUND ( 'NONE', #2154, .T. ) ;
#349 = ADVANCED_FACE ( 'NONE', ( #2700 ), #1645, .T. ) ;
#350 = AXIS2_PLACEMENT_3D ( 'NONE', #720, #2825, #1928 ) ;
#351 = CARTESIAN_POINT ( 'NONE',  ( -4.200000000000000200, 0.0000000000000000000, 1.925929944387235900E-031 ) ) ;
#352 = VERTEX_POINT ( 'NONE', #1082 ) ;
#353 = LINE ( 'NONE', #1718, #1214 ) ;
#354 = APPLICATION_CONTEXT ( 'automotive_design' ) ;
#355 = EDGE_CURVE ( 'NONE', #403, #736, #718, .T. ) ;
#356 = EDGE_LOOP ( 'NONE', ( #1496, #806, #3249, #90 ) ) ;
#357 = FACE_OUTER_BOUND ( 'NONE', #1226, .T. ) ;
#358 = DIRECTION ( 'NONE',  ( 0.08715574274765820800, 0.9961946980917455500, -1.439915362005315700E-017 ) ) ;
#359 = CARTESIAN_POINT ( 'NONE',  ( 10.20000000000001000, 0.8000000000000001600, -10.15000000000001100 ) ) ;
#360 = ORIENTED_EDGE ( 'NONE', *, *, #2930, .F. ) ;
#361 = AXIS2_PLACEMENT_3D ( 'NONE', #2202, #2233, #1596 ) ;
#362 = EDGE_CURVE ( 'NONE', #38, #2372, #70, .T. ) ;
#363 = VERTEX_POINT ( 'NONE', #1965 ) ;
#364 = ORIENTED_EDGE ( 'NONE', *, *, #426, .F. ) ;
#365 = ORIENTED_EDGE ( 'NONE', *, *, #3382, .T. ) ;
#366 = DIRECTION ( 'NONE',  ( -1.000000000000000200, -1.056758828095998400E-016, 5.551115123125782700E-017 ) ) ;
#367 = CONTEXT_DEPENDENT_SHAPE_REPRESENTATION ( #627, #741 ) ;
#368 = EDGE_LOOP ( 'NONE', ( #603, #978, #1177, #1263 ) ) ;
#369 = DIRECTION ( 'NONE',  ( 1.000000000000000000, 0.0000000000000000000, -1.548860246407865100E-016 ) ) ;
#370 = DIRECTION ( 'NONE',  ( -0.0000000000000000000, 1.000000000000000000, -0.0000000000000000000 ) ) ;
#371 = STYLED_ITEM ( 'NONE', ( #262 ), #2915 ) ;
#372 = PLANE ( 'NONE',  #673 ) ;
#373 = CARTESIAN_POINT ( 'NONE',  ( -10.20000000000001000, 0.8000000000000001600, -10.85000000000001200 ) ) ;
#374 = CIRCLE ( 'NONE', #651, 1.499999999999999600 ) ;
#375 = VECTOR ( 'NONE', #1329, 1000.000000000000100 ) ;
#376 = CARTESIAN_POINT ( 'NONE',  ( 6.800940116117426600E-031, 0.8000000000000001600, -10.15000000000001100 ) ) ;
#377 = EDGE_CURVE ( 'NONE', #643, #18, #2601, .T. ) ;
#378 = AXIS2_PLACEMENT_3D ( 'NONE', #3792, #2295, #498 ) ;
#379 = VECTOR ( 'NONE', #2213, 1000.000000000000000 ) ;
#380 = VECTOR ( 'NONE', #803, 1000.000000000000000 ) ;
#381 = VECTOR ( 'NONE', #1199, 1000.000000000000000 ) ;
#382 = DIRECTION ( 'NONE',  ( 0.0000000000000000000, 1.000000000000000000, 0.0000000000000000000 ) ) ;
#383 = EDGE_CURVE ( 'NONE', #132, #556, #2884, .T. ) ;
#384 = DIRECTION ( 'NONE',  ( 0.0000000000000000000, 1.000000000000000000, 0.0000000000000000000 ) ) ;
#385 = CARTESIAN_POINT ( 'NONE',  ( 11.70000000000001200, 0.8000000000000000400, 11.30000000000001000 ) ) ;
#386 = CARTESIAN_POINT ( 'NONE',  ( 0.0000000000000000000, 0.0000000000000000000, 0.0000000000000000000 ) ) ;
#387 = DIRECTION ( 'NONE',  ( 7.395570986446985700E-032, 1.000000000000000000, 7.982189977661023200E-032 ) ) ;
#388 = FACE_OUTER_BOUND ( 'NONE', #1024, .T. ) ;
#389 = LINE ( 'NONE', #3305, #906 ) ;
#390 = VECTOR ( 'NONE', #526, 1000.000000000000000 ) ;
#391 = EDGE_CURVE ( 'NONE', #3890, #724, #2089, .T. ) ;
#392 = DIRECTION ( 'NONE',  ( 7.395570986446985700E-032, 1.000000000000000000, 7.982189977661023200E-032 ) ) ;
#393 = ORIENTED_EDGE ( 'NONE', *, *, #2343, .F. ) ;
#394 = FACE_BOUND ( 'NONE', #2712, .T. ) ;
#395 = DIRECTION ( 'NONE',  ( 0.0000000000000000000, 1.000000000000000000, 0.0000000000000000000 ) ) ;
#396 = CARTESIAN_POINT ( 'NONE',  ( 10.19999999999999900, 5.599999999999999600, 10.15000000000000000 ) ) ;
#397 = VERTEX_POINT ( 'NONE', #1413 ) ;
#398 = CIRCLE ( 'NONE', #1373, 0.5000000000000004400 ) ;
#399 = CARTESIAN_POINT ( 'NONE',  ( -4.199999999999999300, -0.8000000000000000400, 4.000000000000000000 ) ) ;
#400 = AXIS2_PLACEMENT_3D ( 'NONE', #2266, #2578, #448 ) ;
#401 = CARTESIAN_POINT ( 'NONE',  ( 12.30000000000002000, 1.500000000000000000, 11.30000000000001000 ) ) ;
#402 = DIRECTION ( 'NONE',  ( 0.0000000000000000000, -0.08715574274765820800, -0.9961946980917455500 ) ) ;
#403 = VERTEX_POINT ( 'NONE', #3231 ) ;
#404 = EDGE_CURVE ( 'NONE', #93, #3273, #253, .T. ) ;
#405 = ORIENTED_EDGE ( 'NONE', *, *, #3, .F. ) ;
#406 = DIRECTION ( 'NONE',  ( -0.08715574274765820800, 0.9961946980917455500, 7.199576810026578700E-018 ) ) ;
#407 = PLANE ( 'NONE',  #3745 ) ;
#408 = ORIENTED_EDGE ( 'NONE', *, *, #1472, .T. ) ;
#409 = VERTEX_POINT ( 'NONE', #531 ) ;
#410 = VERTEX_POINT ( 'NONE', #3534 ) ;
#411 = CARTESIAN_POINT ( 'NONE',  ( 11.30000000000001100, 1.500000000000000000, -11.70000000000001500 ) ) ;
#412 = CARTESIAN_POINT ( 'NONE',  ( -10.15000000000000200, 5.599999999999999600, -10.65000000000000200 ) ) ;
#413 = VERTEX_POINT ( 'NONE', #2034 ) ;
#414 = CARTESIAN_POINT ( 'NONE',  ( 2.550000000000002900, 3.252606517456513800E-016, 9.598271235945238900 ) ) ;
#415 = PRODUCT_DEFINITION ( 'UNKNOWN', '', #2445, #2880 ) ;
#416 = ORIENTED_EDGE ( 'NONE', *, *, #501, .F. ) ;
#417 = SURFACE_SIDE_STYLE ('',( #1943 ) ) ;
#418 = FILL_AREA_STYLE ('',( #3693 ) ) ;
#419 = DIRECTION ( 'NONE',  ( 0.0000000000000000000, 0.0000000000000000000, 1.000000000000000000 ) ) ;
#420 = VECTOR ( 'NONE', #3620, 1000.000000000000000 ) ;
#421 = ORIENTED_EDGE ( 'NONE', *, *, #3281, .T. ) ;
#422 = DIRECTION ( 'NONE',  ( -7.395570986446985700E-032, -1.000000000000000000, -7.982189977661023200E-032 ) ) ;
#423 = CARTESIAN_POINT ( 'NONE',  ( 11.20000000000000100, 0.0000000000000000000, 11.19999999999999900 ) ) ;
#424 = DIRECTION ( 'NONE',  ( 7.395570986446985700E-032, 1.000000000000000000, 7.982189977661023200E-032 ) ) ;
#425 = CARTESIAN_POINT ( 'NONE',  ( 10.15000000000000900, 0.7999999999999999300, 9.450000000000008200 ) ) ;
#426 = EDGE_CURVE ( 'NONE', #2407, #2612, #3179, .T. ) ;
#427 = AXIS2_PLACEMENT_3D ( 'NONE', #757, #2861, #454 ) ;
#428 = LINE ( 'NONE', #1407, #1408 ) ;
#429 = DIRECTION ( 'NONE',  ( -1.000000000000000000, -6.033551918028773900E-015, 0.0000000000000000000 ) ) ;
#430 = VECTOR ( 'NONE', #1936, 1000.000000000000000 ) ;
#431 = EDGE_CURVE ( 'NONE', #3819, #833, #203, .T. ) ;
#432 = CARTESIAN_POINT ( 'NONE',  ( -11.30000000000001100, 0.5000000000000000000, -11.30000000000001100 ) ) ;
#433 = CIRCLE ( 'NONE', #631, 4.000000000000005300 ) ;
#434 = DIRECTION ( 'NONE',  ( 7.395570986446985700E-032, 1.000000000000000000, 7.982189977661023200E-032 ) ) ;
#435 = ORIENTED_EDGE ( 'NONE', *, *, #1722, .T. ) ;
#436 = CARTESIAN_POINT ( 'NONE',  ( -10.20000000000001000, 4.404003810825301700E-032, -10.70172876405478300 ) ) ;
#437 = ORIENTED_EDGE ( 'NONE', *, *, #3036, .F. ) ;
#438 = DIRECTION ( 'NONE',  ( 0.0000000000000000000, 8.726796887628111100E-032, 1.000000000000000000 ) ) ;
#439 = ORIENTED_EDGE ( 'NONE', *, *, #1202, .T. ) ;
#440 = EDGE_CURVE ( 'NONE', #2476, #1298, #950, .T. ) ;
#441 = AXIS2_PLACEMENT_3D ( 'NONE', #1497, #611, #2714 ) ;
#442 = CONICAL_SURFACE ( 'NONE', #2840, 0.7000000000000009500, 0.1832595714594050000 ) ;
#443 = ORIENTED_EDGE ( 'NONE', *, *, #2242, .F. ) ;
#444 = CARTESIAN_POINT ( 'NONE',  ( -11.19999999999999800, -9.800000000000000700, 11.19999999999999900 ) ) ;
#445 = EDGE_LOOP ( 'NONE', ( #2457, #1438, #1668, #2468 ) ) ;
#446 = CIRCLE ( 'NONE', #1052, 0.5517287640547738900 ) ;
#447 = ADVANCED_FACE ( 'NONE', ( #1288 ), #3360, .F. ) ;
#448 = DIRECTION ( 'NONE',  ( 0.0000000000000000000, 0.0000000000000000000, 1.000000000000000000 ) ) ;
#449 = EDGE_CURVE ( 'NONE', #3331, #640, #809, .T. ) ;
#450 = CARTESIAN_POINT ( 'NONE',  ( 11.30000000000001100, 1.500000000000000000, 11.30000000000001000 ) ) ;
#451 = AXIS2_PLACEMENT_3D ( 'NONE', #1834, #3369, #2423 ) ;
#452 = EDGE_LOOP ( 'NONE', ( #816, #2055, #2777, #443 ) ) ;
#453 = DIRECTION ( 'NONE',  ( -1.548860246407865100E-016, -0.0000000000000000000, -1.000000000000000000 ) ) ;
#454 = DIRECTION ( 'NONE',  ( 1.000000000000000000, 0.0000000000000000000, -6.938893903907230700E-015 ) ) ;
#455 = ORIENTED_EDGE ( 'NONE', *, *, #981, .F. ) ;
#456 = ORIENTED_EDGE ( 'NONE', *, *, #2746, .F. ) ;
#457 = ORIENTED_EDGE ( 'NONE', *, *, #2272, .T. ) ;
#458 = EDGE_CURVE ( 'NONE', #2823, #2663, #1698, .T. ) ;
#459 = CARTESIAN_POINT ( 'NONE',  ( 11.19999999999999000, -9.800000000000000700, 12.69999999999999900 ) ) ;
#460 = EDGE_LOOP ( 'NONE', ( #916, #1255, #3822, #2571 ) ) ;
#461 = SHAPE_DEFINITION_REPRESENTATION ( #1680, #181 ) ;
#462 = CARTESIAN_POINT ( 'NONE',  ( 11.20000000000000100, -8.300000000000002500, 11.19999999999999900 ) ) ;
#463 = ORIENTED_EDGE ( 'NONE', *, *, #775, .F. ) ;
#464 = DIRECTION ( 'NONE',  ( -1.000000000000000000, -0.0000000000000000000, -0.0000000000000000000 ) ) ;
#465 = DIRECTION ( 'NONE',  ( 0.0000000000000000000, 1.000000000000000000, 0.0000000000000000000 ) ) ;
#466 = DIRECTION ( 'NONE',  ( 6.373240956641827900E-032, 0.9832549075639543900, 0.1822355254921480500 ) ) ;
#467 = FACE_OUTER_BOUND ( 'NONE', #3403, .T. ) ;
#468 = EDGE_CURVE ( 'NONE', #3633, #18, #1470, .T. ) ;
#469 = CARTESIAN_POINT ( 'NONE',  ( 11.30000000000001100, 0.8000000000000001600, 11.30000000000001000 ) ) ;
#470 = AXIS2_PLACEMENT_3D ( 'NONE', #2480, #1892, #2504 ) ;
#471 = CIRCLE ( 'NONE', #908, 0.7375340094222283500 ) ;
#472 = ADVANCED_FACE ( 'NONE', ( #2273 ), #2360, .F. ) ;
#473 = DIRECTION ( 'NONE',  ( -6.938893903907230700E-015, 0.0000000000000000000, 1.000000000000000000 ) ) ;
#474 = FACE_OUTER_BOUND ( 'NONE', #1476, .T. ) ;
#475 = VECTOR ( 'NONE', #884, 1000.000000000000000 ) ;
#476 = CARTESIAN_POINT ( 'NONE',  ( 0.0000000000000000000, 0.0000000000000000000, 0.5500000000000001600 ) ) ;
#477 = AXIS2_PLACEMENT_3D ( 'NONE', #117, #1007, #2256 ) ;
#478 = CIRCLE ( 'NONE', #3205, 0.9300090691792602900 ) ;
#479 = CARTESIAN_POINT ( 'NONE',  ( 10.50000000000000000, -0.8000000000000000400, -10.49999999999999800 ) ) ;
#480 = FACE_OUTER_BOUND ( 'NONE', #968, .T. ) ;
#481 = EDGE_CURVE ( 'NONE', #2100, #3340, #766, .T. ) ;
#482 = FACE_OUTER_BOUND ( 'NONE', #2338, .T. ) ;
#483 = DIRECTION ( 'NONE',  ( 0.0000000000000000000, 0.0000000000000000000, 1.000000000000000000 ) ) ;
#484 = FACE_OUTER_BOUND ( 'NONE', #3504, .T. ) ;
#485 = FACE_OUTER_BOUND ( 'NONE', #3293, .T. ) ;
#486 = ADVANCED_FACE ( 'NONE', ( #298 ), #3133, .F. ) ;
#487 = AXIS2_PLACEMENT_3D ( 'NONE', #3506, #2933, #3804 ) ;
#488 = DIRECTION ( 'NONE',  ( 0.0000000000000000000, 0.0000000000000000000, 1.000000000000000000 ) ) ;
#489 = PRODUCT_DEFINITION_SHAPE ( 'NONE', 'NONE',  #3270 ) ;
#490 = EDGE_LOOP ( 'NONE', ( #214, #1485, #176, #2719 ) ) ;
#491 = FACE_OUTER_BOUND ( 'NONE', #2279, .T. ) ;
#492 = CARTESIAN_POINT ( 'NONE',  ( 5.100000000000005000, -3.252606517456513300E-016, -10.15000000000001100 ) ) ;
#493 = ORIENTED_EDGE ( 'NONE', *, *, #2781, .F. ) ;
#494 = FACE_OUTER_BOUND ( 'NONE', #1351, .T. ) ;
#495 = ORIENTED_EDGE ( 'NONE', *, *, #2392, .F. ) ;
#496 = DIRECTION ( 'NONE',  ( -1.000000000000000000, -0.0000000000000000000, -0.0000000000000000000 ) ) ;
#497 = VERTEX_POINT ( 'NONE', #3867 ) ;
#498 = DIRECTION ( 'NONE',  ( 1.000000000000000000, 0.0000000000000000000, 0.0000000000000000000 ) ) ;
#499 = VERTEX_POINT ( 'NONE', #2977 ) ;
#500 = DIRECTION ( 'NONE',  ( -7.395570986446985700E-032, -1.000000000000000000, -7.982189977661023200E-032 ) ) ;
#501 = EDGE_CURVE ( 'NONE', #3793, #1051, #389, .T. ) ;
#502 = ORIENTED_EDGE ( 'NONE', *, *, #55, .F. ) ;
#503 = DIRECTION ( 'NONE',  ( 7.395570986446985700E-032, 1.000000000000000000, 7.982189977661023200E-032 ) ) ;
#504 = AXIS2_PLACEMENT_3D ( 'NONE', #1898, #1924, #3153 ) ;
#505 = ORIENTED_EDGE ( 'NONE', *, *, #3825, .T. ) ;
#506 = CARTESIAN_POINT ( 'NONE',  ( 10.19999999999999900, 5.599999999999999600, 10.15000000000000000 ) ) ;
#507 = EDGE_LOOP ( 'NONE', ( #1118, #1900, #1872, #3291 ) ) ;
#508 = AXIS2_PLACEMENT_3D ( 'NONE', #2837, #1015, #1940 ) ;
#509 = ADVANCED_FACE ( 'NONE', ( #3491 ), #1054, .F. ) ;
#510 = AXIS2_PLACEMENT_3D ( 'NONE', #2442, #20, #2729 ) ;
#511 = ORIENTED_EDGE ( 'NONE', *, *, #3546, .F. ) ;
#512 = DIRECTION ( 'NONE',  ( 0.0000000000000000000, 0.0000000000000000000, 1.000000000000000000 ) ) ;
#513 = ORIENTED_EDGE ( 'NONE', *, *, #3064, .F. ) ;
#514 = CARTESIAN_POINT ( 'NONE',  ( -10.15000000000000900, 0.7999999999999999300, 10.15000000000001100 ) ) ;
#515 = DIRECTION ( 'NONE',  ( 7.395570986446985700E-032, 1.000000000000000000, 7.982189977661023200E-032 ) ) ;
#516 = CARTESIAN_POINT ( 'NONE',  ( 11.30000000000001100, 1.500000000000000000, -11.30000000000001500 ) ) ;
#517 = FACE_OUTER_BOUND ( 'NONE', #47, .T. ) ;
#518 = FACE_OUTER_BOUND ( 'NONE', #1076, .T. ) ;
#519 = EDGE_CURVE ( 'NONE', #1337, #171, #2555, .T. ) ;
#520 = AXIS2_PLACEMENT_3D ( 'NONE', #97, #125, #419 ) ;
#521 =( NAMED_UNIT ( * ) PLANE_ANGLE_UNIT ( ) SI_UNIT ( $, .RADIAN. ) );
#522 = FACE_OUTER_BOUND ( 'NONE', #2284, .T. ) ;
#523 = CARTESIAN_POINT ( 'NONE',  ( 5.100000000000005000, 0.8000000000000001600, -10.15000000000001100 ) ) ;
#524 = CARTESIAN_POINT ( 'NONE',  ( 10.20000000000001000, 0.8000000000000001600, -9.450000000000009900 ) ) ;
#525 = CONICAL_SURFACE ( 'NONE', #3065, 0.9999999999999991100, 0.08726646259971651600 ) ;
#526 = DIRECTION ( 'NONE',  ( -7.395570986446985700E-032, -1.000000000000000000, -7.982189977661023200E-032 ) ) ;
#527 = AXIS2_PLACEMENT_3D ( 'NONE', #2156, #3045, #1852 ) ;
#528 = ADVANCED_FACE ( 'NONE', ( #1753 ), #2981, .T. ) ;
#529 = DIRECTION ( 'NONE',  ( 0.0000000000000000000, 0.0000000000000000000, -1.000000000000000000 ) ) ;
#530 = CYLINDRICAL_SURFACE ( 'NONE', #1036, 1.499999999999999600 ) ;
#531 = CARTESIAN_POINT ( 'NONE',  ( -11.23753400942222500, -3.000000000000000000, 10.49999999999999100 ) ) ;
#532 = DIRECTION ( 'NONE',  ( -1.000000000000000000, -9.586265596829274800E-015, 0.0000000000000000000 ) ) ;
#533 = CYLINDRICAL_SURFACE ( 'NONE', #1659, 1.499999999999999600 ) ;
#534 = EDGE_CURVE ( 'NONE', #1445, #2476, #3875, .T. ) ;
#535 = ORIENTED_EDGE ( 'NONE', *, *, #3425, .T. ) ;
#536 = CARTESIAN_POINT ( 'NONE',  ( -12.69999999999999800, -8.300000000000002500, 11.19999999999998900 ) ) ;
#537 = ORIENTED_EDGE ( 'NONE', *, *, #596, .F. ) ;
#538 = CARTESIAN_POINT ( 'NONE',  ( 11.19999999999999800, 0.0000000000000000000, -11.19999999999999900 ) ) ;
#539 = ORIENTED_EDGE ( 'NONE', *, *, #3337, .F. ) ;
#540 = VECTOR ( 'NONE', #1725, 1000.000000000000000 ) ;
#541 = DIRECTION ( 'NONE',  ( 0.0000000000000000000, 0.0000000000000000000, -1.000000000000000000 ) ) ;
#542 = CARTESIAN_POINT ( 'NONE',  ( 11.19999999999999800, -8.300000000000002500, -11.19999999999998900 ) ) ;
#543 = DIRECTION ( 'NONE',  ( 7.395570986446985700E-032, 1.000000000000000000, 7.982189977661023200E-032 ) ) ;
#544 = ORIENTED_EDGE ( 'NONE', *, *, #1538, .F. ) ;
#545 = EDGE_LOOP ( 'NONE', ( #791, #3412 ) ) ;
#546 = CARTESIAN_POINT ( 'NONE',  ( 12.30000000000002000, 0.5000000000000000000, -11.30000000000001500 ) ) ;
#547 = ADVANCED_FACE ( 'NONE', ( #3268 ), #344, .F. ) ;
#548 = VERTEX_POINT ( 'NONE', #3393 ) ;
#549 = CARTESIAN_POINT ( 'NONE',  ( -2.550000000000002000, 0.0000000000000000000, 10.15000000000001100 ) ) ;
#550 = ORIENTED_EDGE ( 'NONE', *, *, #981, .T. ) ;
#551 = AXIS2_PLACEMENT_3D ( 'NONE', #516, #3482, #1681 ) ;
#552 = ORIENTED_EDGE ( 'NONE', *, *, #2671, .F. ) ;
#553 = ITEM_DEFINED_TRANSFORMATION ( 'NONE', 'NONE', #1854,  #216 ) ;
#554 = EDGE_CURVE ( 'NONE', #1370, #2292, #2646, .T. ) ;
#555 = DIRECTION ( 'NONE',  ( -1.548860246407865100E-016, 0.0000000000000000000, -1.000000000000000000 ) ) ;
#556 = VERTEX_POINT ( 'NONE', #1881 ) ;
#557 = AXIS2_PLACEMENT_3D ( 'NONE', #1558, #2160, #660 ) ;
#558 = EDGE_CURVE ( 'NONE', #2100, #3790, #1049, .T. ) ;
#559 = VERTEX_POINT ( 'NONE', #1559 ) ;
#560 = CARTESIAN_POINT ( 'NONE',  ( 10.20000000000001000, 0.8000000000000001600, -10.15000000000001100 ) ) ;
#561 = AXIS2_PLACEMENT_3D ( 'NONE', #3559, #3845, #237 ) ;
#562 = CONICAL_SURFACE ( 'NONE', #520, 0.7000000000000009500, 0.1832595714594050000 ) ;
#563 = CIRCLE ( 'NONE', #1782, 0.4000000000000010200 ) ;
#564 = ADVANCED_FACE ( 'NONE', ( #1654 ), #3581, .T. ) ;
#565 = CARTESIAN_POINT ( 'NONE',  ( -11.20000000000000100, -8.300000000000002500, -11.19999999999998900 ) ) ;
#566 = CARTESIAN_POINT ( 'NONE',  ( 11.30000000000001100, 1.500000000000000000, -11.70000000000001500 ) ) ;
#567 = CARTESIAN_POINT ( 'NONE',  ( 11.30000000000001100, 0.5000000000000000000, 11.30000000000001000 ) ) ;
#568 = LINE ( 'NONE', #2376, #3671 ) ;
#569 = PRESENTATION_LAYER_ASSIGNMENT (  '', '', ( #2561 ) ) ;
#570 = PRESENTATION_STYLE_ASSIGNMENT (( #2944 ) ) ;
#571 = UNCERTAINTY_MEASURE_WITH_UNIT (LENGTH_MEASURE( 1.000000000000000100E-005 ), #3863, 'distance_accuracy_value', 'NONE');
#572 = CARTESIAN_POINT ( 'NONE',  ( 12.69999999999999800, -9.800000000000000700, -11.19999999999998900 ) ) ;
#573 = ORIENTED_EDGE ( 'NONE', *, *, #3648, .F. ) ;
#574 =( NAMED_UNIT ( * ) SI_UNIT ( $, .STERADIAN. ) SOLID_ANGLE_UNIT ( ) );
#575 = CIRCLE ( 'NONE', #855, 0.5000000000000004400 ) ;
#576 = EDGE_CURVE ( 'NONE', #413, #261, #1371, .T. ) ;
#577 = AXIS2_PLACEMENT_3D ( 'NONE', #3161, #1104, #3805 ) ;
#578 = CARTESIAN_POINT ( 'NONE',  ( -11.19999999999999000, -8.300000000000002500, -11.19999999999999900 ) ) ;
#579 = PLANE ( 'NONE',  #2317 ) ;
#580 = VECTOR ( 'NONE', #3201, 1000.000000000000100 ) ;
#581 = VECTOR ( 'NONE', #2805, 1000.000000000000000 ) ;
#582 = EDGE_CURVE ( 'NONE', #2372, #38, #67, .T. ) ;
#583 = ORIENTED_EDGE ( 'NONE', *, *, #1586, .T. ) ;
#584 = VECTOR ( 'NONE', #2976, 1000.000000000000000 ) ;
#585 = DIRECTION ( 'NONE',  ( 0.0000000000000000000, 1.000000000000000000, 0.0000000000000000000 ) ) ;
#586 = CARTESIAN_POINT ( 'NONE',  ( -11.19999999999999800, -8.300000000000002500, 11.19999999999999900 ) ) ;
#587 = CARTESIAN_POINT ( 'NONE',  ( 10.15000000000000900, 4.404003810825302200E-032, 10.70172876405478100 ) ) ;
#588 = ADVANCED_FACE ( 'NONE', ( #1853 ), #407, .F. ) ;
#589 = EDGE_LOOP ( 'NONE', ( #686, #435, #313, #1451 ) ) ;
#590 = FACE_OUTER_BOUND ( 'NONE', #1439, .T. ) ;
#591 = VERTEX_POINT ( 'NONE', #3345 ) ;
#592 = DIRECTION ( 'NONE',  ( 0.0000000000000000000, 0.0000000000000000000, 1.000000000000000000 ) ) ;
#593 = EDGE_LOOP ( 'NONE', ( #2426, #1215, #2367, #825 ) ) ;
#594 = DIRECTION ( 'NONE',  ( 0.0000000000000000000, 1.000000000000000000, 0.0000000000000000000 ) ) ;
#595 = ORIENTED_EDGE ( 'NONE', *, *, #1918, .F. ) ;
#596 = EDGE_CURVE ( 'NONE', #363, #3557, #3356, .T. ) ;
#597 = DIRECTION ( 'NONE',  ( 0.0000000000000000000, 0.0000000000000000000, 1.000000000000000000 ) ) ;
#598 = PLANE ( 'NONE',  #1523 ) ;
#599 = ORIENTED_EDGE ( 'NONE', *, *, #1335, .T. ) ;
#600 = CARTESIAN_POINT ( 'NONE',  ( 10.19999999999999900, 5.599999999999999600, 9.650000000000000400 ) ) ;
#601 = CARTESIAN_POINT ( 'NONE',  ( 11.19999999999999000, -8.300000000000002500, -12.30000000000000100 ) ) ;
#602 = CARTESIAN_POINT ( 'NONE',  ( -4.199999999999999300, 0.0000000000000000000, -4.000000000000000000 ) ) ;
#603 = ORIENTED_EDGE ( 'NONE', *, *, #2291, .F. ) ;
#604 = DIRECTION ( 'NONE',  ( 1.000000000000000000, 0.0000000000000000000, 0.0000000000000000000 ) ) ;
#605 = VERTEX_POINT ( 'NONE', #3716 ) ;
#606 = ADVANCED_FACE ( 'NONE', ( #388 ), #2138, .F. ) ;
#607 = VERTEX_POINT ( 'NONE', #3417 ) ;
#608 = DIRECTION ( 'NONE',  ( -7.395570986446985700E-032, -1.000000000000000000, -7.982189977661023200E-032 ) ) ;
#609 = CARTESIAN_POINT ( 'NONE',  ( -5.100000000000005000, 0.8000000000000001600, -10.15000000000001100 ) ) ;
#610 = EDGE_CURVE ( 'NONE', #132, #3363, #575, .T. ) ;
#611 = DIRECTION ( 'NONE',  ( 0.0000000000000000000, 1.000000000000000000, 0.0000000000000000000 ) ) ;
#612 = VECTOR ( 'NONE', #1797, 1000.000000000000000 ) ;
#613 = DIRECTION ( 'NONE',  ( 0.0000000000000000000, 1.000000000000000000, 0.0000000000000000000 ) ) ;
#614 = VECTOR ( 'NONE', #312, 1000.000000000000100 ) ;
#615 = CIRCLE ( 'NONE', #3597, 0.5517287640547721100 ) ;
#616 =( NAMED_UNIT ( * ) PLANE_ANGLE_UNIT ( ) SI_UNIT ( $, .RADIAN. ) );
#617 = VECTOR ( 'NONE', #808, 1000.000000000000100 ) ;
#618 = DIRECTION ( 'NONE',  ( 6.938893903907230700E-015, 0.0000000000000000000, 1.000000000000000000 ) ) ;
#619 = FACE_OUTER_BOUND ( 'NONE', #1355, .T. ) ;
#620 = CARTESIAN_POINT ( 'NONE',  ( -10.15000000000000900, 0.7999999999999999300, 10.85000000000001200 ) ) ;
#621 = CARTESIAN_POINT ( 'NONE',  ( 11.30000000000001100, 0.8000000000000000400, -11.70000000000001500 ) ) ;
#622 = ADVANCED_FACE ( 'NONE', ( #2179 ), #533, .T. ) ;
#623 = DIRECTION ( 'NONE',  ( 7.395570986446985700E-032, 1.000000000000000000, 7.982189977661023200E-032 ) ) ;
#624 = CARTESIAN_POINT ( 'NONE',  ( -11.20000000000000800, 0.5000000000000000000, 11.20000000000001000 ) ) ;
#625 = CYLINDRICAL_SURFACE ( 'NONE', #1531, 0.4000000000000010200 ) ;
#626 = ORIENTED_EDGE ( 'NONE', *, *, #2954, .F. ) ;
#627 =( REPRESENTATION_RELATIONSHIP ('NONE','NONE', #181, #2735 ) REPRESENTATION_RELATIONSHIP_WITH_TRANSFORMATION ( #553 )SHAPE_REPRESENTATION_RELATIONSHIP( ) );
#628 = ORIENTED_EDGE ( 'NONE', *, *, #1289, .F. ) ;
#629 = EDGE_CURVE ( 'NONE', #3374, #1117, #248, .T. ) ;
#630 = VECTOR ( 'NONE', #2113, 1000.000000000000000 ) ;
#631 = AXIS2_PLACEMENT_3D ( 'NONE', #351, #3683, #655 ) ;
#632 = CARTESIAN_POINT ( 'NONE',  ( -12.30000000000002200, 1.500000000000000000, -11.30000000000001100 ) ) ;
#633 = EDGE_LOOP ( 'NONE', ( #3741, #2386, #1828, #1672 ) ) ;
#634 = CIRCLE ( 'NONE', #2649, 0.5517287640547721100 ) ;
#635 = DIRECTION ( 'NONE',  ( 7.395570986446985700E-032, 1.000000000000000000, 7.982189977661023200E-032 ) ) ;
#636 = STYLED_ITEM ( 'NONE', ( #3681 ), #3723 ) ;
#637 = ORIENTED_EDGE ( 'NONE', *, *, #2280, .T. ) ;
#638 = EDGE_CURVE ( 'NONE', #1995, #3158, #1560, .T. ) ;
#639 = CARTESIAN_POINT ( 'NONE',  ( -10.15000000000000900, 3.252606517456513300E-016, 10.15000000000001100 ) ) ;
#640 = VERTEX_POINT ( 'NONE', #1305 ) ;
#641 = VECTOR ( 'NONE', #2191, 1000.000000000000000 ) ;
#642 =( GEOMETRIC_REPRESENTATION_CONTEXT ( 3 ) GLOBAL_UNCERTAINTY_ASSIGNED_CONTEXT ( ( #1556 ) ) GLOBAL_UNIT_ASSIGNED_CONTEXT ( ( #2723, #2986, #915 ) ) REPRESENTATION_CONTEXT ( 'NONE', 'WORKASPACE' ) );
#643 = VERTEX_POINT ( 'NONE', #3706 ) ;
#644 = CARTESIAN_POINT ( 'NONE',  ( -10.15000000000003100, 0.4999999999999970000, 10.15000000000003200 ) ) ;
#645 = ORIENTED_EDGE ( 'NONE', *, *, #1310, .T. ) ;
#646 = ORIENTED_EDGE ( 'NONE', *, *, #184, .F. ) ;
#647 = ADVANCED_FACE ( 'NONE', ( #482 ), #1597, .F. ) ;
#648 = UNCERTAINTY_MEASURE_WITH_UNIT (LENGTH_MEASURE( 1.000000000000000100E-005 ), #3513, 'distance_accuracy_value', 'NONE');
#649 = DIRECTION ( 'NONE',  ( -1.548860246407865100E-016, 0.0000000000000000000, -1.000000000000000000 ) ) ;
#650 = EDGE_CURVE ( 'NONE', #3708, #2940, #763, .T. ) ;
#651 = AXIS2_PLACEMENT_3D ( 'NONE', #423, #3134, #3732 ) ;
#652 = ORIENTED_EDGE ( 'NONE', *, *, #1065, .T. ) ;
#653 = CARTESIAN_POINT ( 'NONE',  ( -2.550000000000002500, -0.8000000000000000400, -9.650000000000000400 ) ) ;
#654 = ORIENTED_EDGE ( 'NONE', *, *, #2978, .F. ) ;
#655 = DIRECTION ( 'NONE',  ( 0.0000000000000000000, 7.982189977661013400E-032, 1.000000000000000000 ) ) ;
#656 = EDGE_CURVE ( 'NONE', #1709, #2940, #1145, .T. ) ;
#657 = AXIS2_PLACEMENT_3D ( 'NONE', #2857, #2287, #2275 ) ;
#658 = DIRECTION ( 'NONE',  ( 0.0000000000000000000, 0.0000000000000000000, 1.000000000000000000 ) ) ;
#659 = CIRCLE ( 'NONE', #1116, 1.500000000000001300 ) ;
#660 = DIRECTION ( 'NONE',  ( -4.930380657631317200E-032, 7.982189977661013400E-032, 1.000000000000000000 ) ) ;
#661 = DIRECTION ( 'NONE',  ( 0.0000000000000000000, 0.0000000000000000000, 1.000000000000000000 ) ) ;
#662 = EDGE_CURVE ( 'NONE', #559, #1211, #1466, .T. ) ;
#663 = CIRCLE ( 'NONE', #49, 0.5517287640547721100 ) ;
#664 = CYLINDRICAL_SURFACE ( 'NONE', #2355, 0.5000000000000004400 ) ;
#665 = DIRECTION ( 'NONE',  ( -1.000000000000000000, 0.0000000000000000000, -0.0000000000000000000 ) ) ;
#666 = DIRECTION ( 'NONE',  ( 0.0000000000000000000, 8.726796887628082700E-032, 1.000000000000000000 ) ) ;
#667 = ADVANCED_FACE ( 'NONE', ( #2834 ), #1749, .T. ) ;
#668 = CIRCLE ( 'NONE', #1473, 1.000000000000000900 ) ;
#669 = DIRECTION ( 'NONE',  ( 7.395570986446985700E-032, 1.000000000000000000, 7.982189977661023200E-032 ) ) ;
#670 = FACE_BOUND ( 'NONE', #1620, .T. ) ;
#671 = APPLICATION_CONTEXT ( 'automotive_design' ) ;
#672 = EDGE_CURVE ( 'NONE', #320, #1009, #2789, .T. ) ;
#673 = AXIS2_PLACEMENT_3D ( 'NONE', #677, #3418, #700 ) ;
#674 = DIRECTION ( 'NONE',  ( 6.373240956641827900E-032, 0.9832549075639543900, 0.1822355254921480500 ) ) ;
#675 = DIRECTION ( 'NONE',  ( -7.675767592817736600E-017, -7.171046461048684100E-032, -1.000000000000000000 ) ) ;
#676 = VECTOR ( 'NONE', #1217, 1000.000000000000000 ) ;
#677 = CARTESIAN_POINT ( 'NONE',  ( -12.30000000000002200, 1.500000000000000000, -11.30000000000001100 ) ) ;
#678 = VECTOR ( 'NONE', #1004, 1000.000000000000000 ) ;
#679 = LINE ( 'NONE', #3740, #2362 ) ;
#680 = PRESENTATION_LAYER_ASSIGNMENT (  '', '', ( #371 ) ) ;
#681 = DIRECTION ( 'NONE',  ( 0.0000000000000000000, 0.0000000000000000000, 1.000000000000000000 ) ) ;
#682 = ORIENTED_EDGE ( 'NONE', *, *, #2076, .F. ) ;
#683 = LINE ( 'NONE', #2963, #3316 ) ;
#684 = APPLICATION_CONTEXT ( 'automotive_design' ) ;
#685 = EDGE_CURVE ( 'NONE', #783, #2369, #158, .T. ) ;
#686 = ORIENTED_EDGE ( 'NONE', *, *, #2171, .T. ) ;
#687 = CYLINDRICAL_SURFACE ( 'NONE', #3071, 1.499999999999999600 ) ;
#688 = CARTESIAN_POINT ( 'NONE',  ( -11.20000000000000100, 0.0000000000000000000, -11.19999999999999900 ) ) ;
#689 = CARTESIAN_POINT ( 'NONE',  ( -2.550000000000002500, 5.599999999999999600, -10.15000000000000000 ) ) ;
#690 = VERTEX_POINT ( 'NONE', #875 ) ;
#691 = ORIENTED_EDGE ( 'NONE', *, *, #3499, .T. ) ;
#692 = DIRECTION ( 'NONE',  ( 0.0000000000000000000, 0.0000000000000000000, -1.000000000000000000 ) ) ;
#693 = VERTEX_POINT ( 'NONE', #2381 ) ;
#694 = DIRECTION ( 'NONE',  ( 0.0000000000000000000, 0.0000000000000000000, 1.000000000000000000 ) ) ;
#695 =( GEOMETRIC_REPRESENTATION_CONTEXT ( 3 ) GLOBAL_UNCERTAINTY_ASSIGNED_CONTEXT ( ( #1056 ) ) GLOBAL_UNIT_ASSIGNED_CONTEXT ( ( #2122, #3877, #2080 ) ) REPRESENTATION_CONTEXT ( 'NONE', 'WORKASPACE' ) );
#696 = ORIENTED_EDGE ( 'NONE', *, *, #3003, .T. ) ;
#697 = VERTEX_POINT ( 'NONE', #912 ) ;
#698 = ORIENTED_EDGE ( 'NONE', *, *, #62, .T. ) ;
#699 = PLANE ( 'NONE',  #3800 ) ;
#700 = DIRECTION ( 'NONE',  ( -2.302730277845318600E-016, -8.013949756639679900E-032, -1.000000000000000000 ) ) ;
#701 = ORIENTED_EDGE ( 'NONE', *, *, #2590, .F. ) ;
#702 = ORIENTED_EDGE ( 'NONE', *, *, #2531, .T. ) ;
#703 = DIRECTION ( 'NONE',  ( 0.0000000000000000000, 1.000000000000000000, 0.0000000000000000000 ) ) ;
#704 = DIRECTION ( 'NONE',  ( 0.0000000000000000000, 1.000000000000000000, 0.0000000000000000000 ) ) ;
#705 = CARTESIAN_POINT ( 'NONE',  ( -2.550000000000002000, 0.8000000000000000400, 10.15000000000001100 ) ) ;
#706 = EDGE_CURVE ( 'NONE', #2066, #3653, #2450, .T. ) ;
#707 = PRESENTATION_STYLE_ASSIGNMENT (( #1008 ) ) ;
#708 = ORIENTED_EDGE ( 'NONE', *, *, #1889, .F. ) ;
#709 = DIRECTION ( 'NONE',  ( 1.000000000000000000, 0.0000000000000000000, 0.0000000000000000000 ) ) ;
#710 = FACE_BOUND ( 'NONE', #3785, .T. ) ;
#711 = AXIS2_PLACEMENT_3D ( 'NONE', #3304, #1823, #3883 ) ;
#712 = CARTESIAN_POINT ( 'NONE',  ( -11.49999999999999800, 1.494716890753526500E-016, 10.49999999999999100 ) ) ;
#713 = DIRECTION ( 'NONE',  ( 0.0000000000000000000, 0.0000000000000000000, 1.000000000000000000 ) ) ;
#714 = AXIS2_PLACEMENT_3D ( 'NONE', #79, #2808, #3386 ) ;
#715 = DIRECTION ( 'NONE',  ( 0.0000000000000000000, 1.000000000000000000, 0.0000000000000000000 ) ) ;
#716 = DIRECTION ( 'NONE',  ( -0.0000000000000000000, 1.000000000000000000, -0.0000000000000000000 ) ) ;
#717 = LINE ( 'NONE', #1347, #1652 ) ;
#718 = LINE ( 'NONE', #1944, #2223 ) ;
#719 = AXIS2_PLACEMENT_3D ( 'NONE', #1882, #1001, #2175 ) ;
#720 = CARTESIAN_POINT ( 'NONE',  ( -11.19999999999999800, -9.800000000000000700, 11.19999999999999900 ) ) ;
#721 = CARTESIAN_POINT ( 'NONE',  ( 7.664628121501821200E-017, 4.404003810825303300E-032, -10.70172876405478300 ) ) ;
#722 = ORIENTED_EDGE ( 'NONE', *, *, #2123, .F. ) ;
#723 = LINE ( 'NONE', #2726, #2799 ) ;
#724 = VERTEX_POINT ( 'NONE', #2105 ) ;
#725 = LINE ( 'NONE', #2631, #1154 ) ;
#726 = DIRECTION ( 'NONE',  ( 0.0000000000000000000, 0.0000000000000000000, -1.000000000000000000 ) ) ;
#727 = AXIS2_PLACEMENT_3D ( 'NONE', #624, #42, #1553 ) ;
#728 = ORIENTED_EDGE ( 'NONE', *, *, #662, .T. ) ;
#729 = DIRECTION ( 'NONE',  ( 0.0000000000000000000, 0.0000000000000000000, 1.000000000000000000 ) ) ;
#730 = ORIENTED_EDGE ( 'NONE', *, *, #1938, .T. ) ;
#731 = COLOUR_RGB ( '',0.7529411764705882200, 0.7529411764705882200, 0.7529411764705882200 ) ;
#732 = ORIENTED_EDGE ( 'NONE', *, *, #534, .T. ) ;
#733 = EDGE_CURVE ( 'NONE', #3494, #44, #2696, .T. ) ;
#734 = ORIENTED_EDGE ( 'NONE', *, *, #1424, .F. ) ;
#735 = DIRECTION ( 'NONE',  ( 0.0000000000000000000, 0.0000000000000000000, 1.000000000000000000 ) ) ;
#736 = VERTEX_POINT ( 'NONE', #602 ) ;
#737 = DIRECTION ( 'NONE',  ( -1.652117596168389000E-016, 0.0000000000000000000, -1.000000000000000000 ) ) ;
#738 = VERTEX_POINT ( 'NONE', #2396 ) ;
#739 = VERTEX_POINT ( 'NONE', #2134 ) ;
#740 = CARTESIAN_POINT ( 'NONE',  ( -10.15000000000000200, 5.599999999999999600, -9.650000000000000400 ) ) ;
#741 = PRODUCT_DEFINITION_SHAPE ( 'NONE', 'NONE',  #3907 ) ;
#742 = DIRECTION ( 'NONE',  ( 0.0000000000000000000, 1.000000000000000000, 0.0000000000000000000 ) ) ;
#743 = ORIENTED_EDGE ( 'NONE', *, *, #1865, .T. ) ;
#744 = EDGE_LOOP ( 'NONE', ( #1101, #223, #708, #3413 ) ) ;
#745 = EDGE_LOOP ( 'NONE', ( #1261, #2845, #3453 ) ) ;
#746 = DIRECTION ( 'NONE',  ( -1.000000000000000000, 0.0000000000000000000, 0.0000000000000000000 ) ) ;
#747 = CARTESIAN_POINT ( 'NONE',  ( -10.15000000000000200, 5.599999999999999600, -10.15000000000000000 ) ) ;
#748 = DIRECTION ( 'NONE',  ( 0.0000000000000000000, 0.0000000000000000000, 1.000000000000000000 ) ) ;
#749 = VECTOR ( 'NONE', #3118, 1000.000000000000000 ) ;
#750 = ORIENTED_EDGE ( 'NONE', *, *, #1224, .T. ) ;
#751 =( GEOMETRIC_REPRESENTATION_CONTEXT ( 3 ) GLOBAL_UNCERTAINTY_ASSIGNED_CONTEXT ( ( #2790 ) ) GLOBAL_UNIT_ASSIGNED_CONTEXT ( ( #3562, #2948, #2349 ) ) REPRESENTATION_CONTEXT ( 'NONE', 'WORKASPACE' ) );
#752 = DIRECTION ( 'NONE',  ( 1.535153518563545600E-016, 1.375547393088333000E-031, 1.000000000000000000 ) ) ;
#753 = CARTESIAN_POINT ( 'NONE',  ( -11.30000000000001300, 0.8000000000000000400, -11.70000000000001000 ) ) ;
#754 = VECTOR ( 'NONE', #255, 1000.000000000000000 ) ;
#755 = CARTESIAN_POINT ( 'NONE',  ( 11.20000000000000600, 0.5000000000000000000, -11.20000000000001000 ) ) ;
#756 = LINE ( 'NONE', #2239, #1962 ) ;
#757 = CARTESIAN_POINT ( 'NONE',  ( 11.20000000000000100, -8.300000000000002500, 11.19999999999999900 ) ) ;
#758 = EDGE_CURVE ( 'NONE', #2513, #2005, #3396, .T. ) ;
#759 = VECTOR ( 'NONE', #555, 1000.000000000000000 ) ;
#760 = EDGE_LOOP ( 'NONE', ( #3371, #784 ) ) ;
#761 = FACE_BOUND ( 'NONE', #760, .T. ) ;
#762 = EDGE_CURVE ( 'NONE', #3422, #3894, #1891, .T. ) ;
#763 = LINE ( 'NONE', #2989, #1201 ) ;
#764 = PRODUCT_RELATED_PRODUCT_CATEGORY ( 'part', '', ( #2774 ) ) ;
#765 = CARTESIAN_POINT ( 'NONE',  ( 0.0000000000000000000, 5.599999999999999600, 10.15000000000000000 ) ) ;
#766 = LINE ( 'NONE', #1520, #2404 ) ;
#767 = FACE_OUTER_BOUND ( 'NONE', #1168, .T. ) ;
#768 = ORIENTED_EDGE ( 'NONE', *, *, #322, .F. ) ;
#769 = AXIS2_PLACEMENT_3D ( 'NONE', #1792, #3896, #306 ) ;
#770 = CIRCLE ( 'NONE', #2727, 1.499999999999999600 ) ;
#771 = CARTESIAN_POINT ( 'NONE',  ( 11.23753400942222500, -3.000000000000000000, -10.50000000000000400 ) ) ;
#772 = EDGE_LOOP ( 'NONE', ( #225, #2315, #970, #1390, #2678, #1115, #307, #2515 ) ) ;
#773 = ORIENTED_EDGE ( 'NONE', *, *, #3796, .T. ) ;
#774 = DIRECTION ( 'NONE',  ( 0.0000000000000000000, 0.0000000000000000000, -1.000000000000000000 ) ) ;
#775 = EDGE_CURVE ( 'NONE', #2955, #3819, #1799, .T. ) ;
#776 = CARTESIAN_POINT ( 'NONE',  ( 11.19999999999999800, -9.800000000000000700, -11.19999999999999900 ) ) ;
#777 = AXIS2_PLACEMENT_3D ( 'NONE', #3443, #131, #1602 ) ;
#778 = ORIENTED_EDGE ( 'NONE', *, *, #1760, .F. ) ;
#779 = ORIENTED_EDGE ( 'NONE', *, *, #1086, .F. ) ;
#780 = ADVANCED_FACE ( 'NONE', ( #2356 ), #3378, .F. ) ;
#781 = EDGE_CURVE ( 'NONE', #2900, #2584, #947, .T. ) ;
#782 = DIRECTION ( 'NONE',  ( 0.0000000000000000000, 1.000000000000000000, 0.0000000000000000000 ) ) ;
#783 = VERTEX_POINT ( 'NONE', #3090 ) ;
#784 = ORIENTED_EDGE ( 'NONE', *, *, #1522, .F. ) ;
#785 = CARTESIAN_POINT ( 'NONE',  ( 12.30000000000000200, 0.0000000000000000000, 11.19999999999999200 ) ) ;
#786 = ORIENTED_EDGE ( 'NONE', *, *, #103, .F. ) ;
#787 = CARTESIAN_POINT ( 'NONE',  ( 6.455813470083234300E-031, 0.8000000000000001600, -9.450000000000009900 ) ) ;
#788 = DIRECTION ( 'NONE',  ( 0.0000000000000000000, 0.0000000000000000000, 1.000000000000000000 ) ) ;
#789 = DIRECTION ( 'NONE',  ( 0.0000000000000000000, 1.000000000000000000, 0.0000000000000000000 ) ) ;
#790 = DIRECTION ( 'NONE',  ( -0.0000000000000000000, -1.000000000000000000, -0.0000000000000000000 ) ) ;
#791 = ORIENTED_EDGE ( 'NONE', *, *, #2853, .T. ) ;
#792 = EDGE_CURVE ( 'NONE', #1027, #887, #3870, .T. ) ;
#793 = AXIS2_PLACEMENT_3D ( 'NONE', #309, #1539, #1237 ) ;
#794 = FILL_AREA_STYLE_COLOUR ( '', #995 ) ;
#795 = CIRCLE ( 'NONE', #1080, 0.7000000000000009500 ) ;
#796 = ORIENTED_EDGE ( 'NONE', *, *, #3879, .F. ) ;
#797 = CARTESIAN_POINT ( 'NONE',  ( -10.50000000000000000, 0.0000000000000000000, -10.50000000000000000 ) ) ;
#798 = DIRECTION ( 'NONE',  ( 6.938893903907230000E-015, 0.0000000000000000000, 1.000000000000000000 ) ) ;
#799 = AXIS2_PLACEMENT_3D ( 'NONE', #2841, #1457, #2642 ) ;
#800 = CYLINDRICAL_SURFACE ( 'NONE', #2740, 1.000000000000000900 ) ;
#801 = ADVANCED_FACE ( 'NONE', ( #2598 ), #2456, .F. ) ;
#802 = CARTESIAN_POINT ( 'NONE',  ( 11.30000000000001100, 1.500000000000000000, 12.30000000000001800 ) ) ;
#803 = DIRECTION ( 'NONE',  ( 1.535153518563545600E-016, 1.375547393088333000E-031, 1.000000000000000000 ) ) ;
#804 = DIRECTION ( 'NONE',  ( 0.0000000000000000000, 0.0000000000000000000, 1.000000000000000000 ) ) ;
#805 = EDGE_CURVE ( 'NONE', #2121, #2902, #3724, .T. ) ;
#806 = ORIENTED_EDGE ( 'NONE', *, *, #3211, .F. ) ;
#807 = CIRCLE ( 'NONE', #3282, 0.5517287640547738900 ) ;
#808 = DIRECTION ( 'NONE',  ( 6.373240956641827900E-032, 0.9832549075639543900, 0.1822355254921480500 ) ) ;
#809 = CIRCLE ( 'NONE', #3302, 1.500000000000001300 ) ;
#810 = DIRECTION ( 'NONE',  ( 1.000000000000000000, -0.0000000000000000000, 0.0000000000000000000 ) ) ;
#811 = CARTESIAN_POINT ( 'NONE',  ( 0.0000000000000000000, -0.8000000000000000400, 10.15000000000000000 ) ) ;
#812 = PRODUCT_DEFINITION_FORMATION_WITH_SPECIFIED_SOURCE ( 'ANY', '', #3066, .NOT_KNOWN. ) ;
#813 = ORIENTED_EDGE ( 'NONE', *, *, #2847, .F. ) ;
#814 = CIRCLE ( 'NONE', #1637, 1.500000000000001300 ) ;
#815 = CARTESIAN_POINT ( 'NONE',  ( 11.20000000000000100, -8.300000000000002500, 11.19999999999999900 ) ) ;
#816 = ORIENTED_EDGE ( 'NONE', *, *, #1640, .F. ) ;
#817 = LINE ( 'NONE', #2570, #1524 ) ;
#818 = CARTESIAN_POINT ( 'NONE',  ( 11.19999999999998900, -8.300000000000002500, -11.19999999999999900 ) ) ;
#819 = DIRECTION ( 'NONE',  ( 4.930380657631317200E-032, -7.982189977661013400E-032, -1.000000000000000000 ) ) ;
#820 = ADVANCED_FACE ( 'NONE', ( #1328 ), #625, .F. ) ;
#821 = CARTESIAN_POINT ( 'NONE',  ( -10.19999999999999900, 5.599999999999999600, 10.65000000000000200 ) ) ;
#822 = ORIENTED_EDGE ( 'NONE', *, *, #1392, .F. ) ;
#823 = CONICAL_SURFACE ( 'NONE', #1186, 0.5500000000000001600, 0.3490658503988666700 ) ;
#824 = ORIENTED_EDGE ( 'NONE', *, *, #3744, .T. ) ;
#825 = ORIENTED_EDGE ( 'NONE', *, *, #685, .T. ) ;
#826 = CARTESIAN_POINT ( 'NONE',  ( 11.70000000000001200, 0.8000000000000000400, 11.30000000000001000 ) ) ;
#827 = DIRECTION ( 'NONE',  ( 0.0000000000000000000, 0.0000000000000000000, 1.000000000000000000 ) ) ;
#828 = EDGE_CURVE ( 'NONE', #3340, #3109, #3440, .T. ) ;
#829 = EDGE_LOOP ( 'NONE', ( #258, #544, #3052, #3000 ) ) ;
#830 = AXIS2_PLACEMENT_3D ( 'NONE', #3341, #963, #3410 ) ;
#831 = VERTEX_POINT ( 'NONE', #54 ) ;
#832 = CARTESIAN_POINT ( 'NONE',  ( 11.20000000000000600, 0.5000000000000000000, -12.70000000000002100 ) ) ;
#833 = VERTEX_POINT ( 'NONE', #1286 ) ;
#834 = ORIENTED_EDGE ( 'NONE', *, *, #3011, .F. ) ;
#835 = CARTESIAN_POINT ( 'NONE',  ( 10.20000000000001000, 0.8000000000000001600, -9.450000000000009900 ) ) ;
#836 = MECHANICAL_DESIGN_GEOMETRIC_PRESENTATION_REPRESENTATION (  '', ( #636 ), #1847 ) ;
#837 = EDGE_CURVE ( 'NONE', #1234, #690, #2932, .T. ) ;
#838 = VERTEX_POINT ( 'NONE', #1578 ) ;
#839 = AXIS2_PLACEMENT_3D ( 'NONE', #3595, #2107, #604 ) ;
#840 = ADVANCED_FACE ( 'NONE', ( #3537 ), #2135, .F. ) ;
#841 = CARTESIAN_POINT ( 'NONE',  ( -12.29999999999999900, -9.800000000000000700, 11.19999999999998900 ) ) ;
#842 = DIRECTION ( 'NONE',  ( -7.395570986446985700E-032, -1.000000000000000000, -7.982189977661023200E-032 ) ) ;
#843 = DIRECTION ( 'NONE',  ( 0.0000000000000000000, 0.0000000000000000000, 1.000000000000000000 ) ) ;
#844 = CYLINDRICAL_SURFACE ( 'NONE', #1879, 0.3999999999999993000 ) ;
#845 = VECTOR ( 'NONE', #1837, 1000.000000000000000 ) ;
#846 = EDGE_CURVE ( 'NONE', #3383, #2379, #433, .T. ) ;
#847 = AXIS2_PLACEMENT_3D ( 'NONE', #2565, #715, #2831 ) ;
#848 = CIRCLE ( 'NONE', #1808, 1.499999999999999600 ) ;
#849 = DIRECTION ( 'NONE',  ( -4.930380657631312300E-032, 0.0000000000000000000, 1.000000000000000000 ) ) ;
#850 = VECTOR ( 'NONE', #2591, 1000.000000000000000 ) ;
#851 = CARTESIAN_POINT ( 'NONE',  ( -10.50000000000000000, 0.0000000000000000000, -10.50000000000000000 ) ) ;
#852 = VECTOR ( 'NONE', #1598, 1000.000000000000100 ) ;
#853 = DIRECTION ( 'NONE',  ( 0.0000000000000000000, 1.000000000000000000, -0.0000000000000000000 ) ) ;
#854 = EDGE_CURVE ( 'NONE', #2918, #3005, #2745, .T. ) ;
#855 = AXIS2_PLACEMENT_3D ( 'NONE', #747, #2518, #1609 ) ;
#856 = CIRCLE ( 'NONE', #3722, 1.499999999999999600 ) ;
#857 = CARTESIAN_POINT ( 'NONE',  ( -10.20000000000001000, 0.0000000000000000000, -10.15000000000001100 ) ) ;
#858 = COLOUR_RGB ( '',0.7529411764705882200, 0.7529411764705882200, 0.7529411764705882200 ) ;
#859 = EDGE_CURVE ( 'NONE', #3060, #3793, #2221, .T. ) ;
#860 = CARTESIAN_POINT ( 'NONE',  ( 6.800940116117426600E-031, 0.8000000000000001600, -10.15000000000001100 ) ) ;
#861 = ADVANCED_FACE ( 'NONE', ( #2030 ), #1265, .T. ) ;
#862 = VECTOR ( 'NONE', #2589, 1000.000000000000000 ) ;
#863 = CIRCLE ( 'NONE', #1711, 1.100000000000000300 ) ;
#864 = FILL_AREA_STYLE ('',( #1220 ) ) ;
#865 = ORIENTED_EDGE ( 'NONE', *, *, #2599, .F. ) ;
#866 = FACE_BOUND ( 'NONE', #115, .T. ) ;
#867 = CARTESIAN_POINT ( 'NONE',  ( 10.49999999999999500, -3.000000000000000000, 11.23753400942222700 ) ) ;
#868 = CARTESIAN_POINT ( 'NONE',  ( 4.200000000000003700, 0.8000000000000000400, -3.469446951953619700E-015 ) ) ;
#869 = EDGE_LOOP ( 'NONE', ( #1058, #3315, #865, #2538 ) ) ;
#870 = PRESENTATION_LAYER_ASSIGNMENT (  '', '', ( #1723 ) ) ;
#871 = CYLINDRICAL_SURFACE ( 'NONE', #1550, 0.4000000000000010200 ) ;
#872 = ORIENTED_EDGE ( 'NONE', *, *, #3164, .F. ) ;
#873 = CARTESIAN_POINT ( 'NONE',  ( 10.15000000000000900, 0.0000000000000000000, 10.15000000000000900 ) ) ;
#874 = CARTESIAN_POINT ( 'NONE',  ( 11.70000000000001200, 0.8000000000000000400, 11.30000000000001000 ) ) ;
#875 = CARTESIAN_POINT ( 'NONE',  ( 10.20000000000001000, -3.252606517456512800E-016, -10.70172876405478300 ) ) ;
#876 = ORIENTED_EDGE ( 'NONE', *, *, #2361, .F. ) ;
#877 = ORIENTED_EDGE ( 'NONE', *, *, #1675, .T. ) ;
#878 = AXIS2_PLACEMENT_3D ( 'NONE', #755, #1368, #3167 ) ;
#879 = SURFACE_STYLE_USAGE ( .BOTH. , #2406 ) ;
#880 = ORIENTED_EDGE ( 'NONE', *, *, #1871, .T. ) ;
#881 = DIRECTION ( 'NONE',  ( 1.000000000000000000, -0.0000000000000000000, 0.0000000000000000000 ) ) ;
#882 = CARTESIAN_POINT ( 'NONE',  ( -2.550000000000002000, 0.8000000000000000400, 10.85000000000001200 ) ) ;
#883 = EDGE_CURVE ( 'NONE', #3636, #1105, #246, .T. ) ;
#884 = DIRECTION ( 'NONE',  ( -1.000000000000000000, -7.395570986446975800E-032, 2.302730277845320600E-016 ) ) ;
#885 = DIRECTION ( 'NONE',  ( 0.0000000000000000000, 0.0000000000000000000, 1.000000000000000000 ) ) ;
#886 = DIRECTION ( 'NONE',  ( 1.000000000000000000, 7.395570986446976900E-032, -1.365923996832130600E-016 ) ) ;
#887 = VERTEX_POINT ( 'NONE', #1022 ) ;
#888 = DIRECTION ( 'NONE',  ( 6.938893903907230000E-015, 0.0000000000000000000, -1.000000000000000000 ) ) ;
#889 = EDGE_LOOP ( 'NONE', ( #505, #1221 ) ) ;
#890 = DIRECTION ( 'NONE',  ( 0.0000000000000000000, 0.0000000000000000000, 1.000000000000000000 ) ) ;
#891 = ORIENTED_EDGE ( 'NONE', *, *, #1272, .T. ) ;
#892 = DIRECTION ( 'NONE',  ( 1.000000000000000000, 0.0000000000000000000, 0.0000000000000000000 ) ) ;
#893 = AXIS2_PLACEMENT_3D ( 'NONE', #560, #1785, #2669 ) ;
#894 = FACE_OUTER_BOUND ( 'NONE', #2673, .T. ) ;
#895 = FACE_OUTER_BOUND ( 'NONE', #1166, .T. ) ;
#896 = DIRECTION ( 'NONE',  ( -1.548860246407865100E-016, 0.0000000000000000000, -1.000000000000000000 ) ) ;
#897 = CIRCLE ( 'NONE', #378, 1.100000000000000300 ) ;
#898 = DIRECTION ( 'NONE',  ( 0.0000000000000000000, 1.000000000000000000, 0.0000000000000000000 ) ) ;
#899 = ADVANCED_FACE ( 'NONE', ( #1848 ), #3710, .T. ) ;
#900 = CARTESIAN_POINT ( 'NONE',  ( -4.199999999999999300, -0.8000000000000000400, 0.0000000000000000000 ) ) ;
#901 = CARTESIAN_POINT ( 'NONE',  ( -4.199999999999999300, -0.8000000000000000400, 4.000000000000000000 ) ) ;
#902 = VECTOR ( 'NONE', #2509, 1000.000000000000000 ) ;
#903 =( NAMED_UNIT ( * ) SI_UNIT ( $, .STERADIAN. ) SOLID_ANGLE_UNIT ( ) );
#904 = EDGE_CURVE ( 'NONE', #3463, #2104, #1512, .T. ) ;
#905 = PRESENTATION_LAYER_ASSIGNMENT (  '', '', ( #3470 ) ) ;
#906 = VECTOR ( 'NONE', #3333, 1000.000000000000000 ) ;
#907 = DIRECTION ( 'NONE',  ( 0.0000000000000000000, -0.0000000000000000000, 1.000000000000000000 ) ) ;
#908 = AXIS2_PLACEMENT_3D ( 'NONE', #1019, #1297, #1589 ) ;
#909 = ORIENTED_EDGE ( 'NONE', *, *, #2001, .T. ) ;
#910 = FACE_OUTER_BOUND ( 'NONE', #3554, .T. ) ;
#911 = CARTESIAN_POINT ( 'NONE',  ( -12.70000000000001900, 0.5000000000000000000, 11.20000000000000800 ) ) ;
#912 = CARTESIAN_POINT ( 'NONE',  ( -2.550000000000002000, 4.404003810825307100E-032, 9.598271235945238900 ) ) ;
#913 = ORIENTED_EDGE ( 'NONE', *, *, #1108, .F. ) ;
#914 = LINE ( 'NONE', #1783, #26 ) ;
#915 =( NAMED_UNIT ( * ) SI_UNIT ( $, .STERADIAN. ) SOLID_ANGLE_UNIT ( ) );
#916 = ORIENTED_EDGE ( 'NONE', *, *, #650, .T. ) ;
#917 = ADVANCED_FACE ( 'NONE', ( #341 ), #102, .T. ) ;
#918 = DIRECTION ( 'NONE',  ( 0.0000000000000000000, 0.0000000000000000000, 1.000000000000000000 ) ) ;
#919 = EDGE_CURVE ( 'NONE', #738, #1948, #943, .T. ) ;
#920 = AXIS2_PLACEMENT_3D ( 'NONE', #3208, #532, #1428 ) ;
#921 = CARTESIAN_POINT ( 'NONE',  ( -11.19999999999999000, -9.800000000000000700, 12.30000000000000100 ) ) ;
#922 = CARTESIAN_POINT ( 'NONE',  ( -10.50000000000000000, -3.000000000000000000, -10.50000000000000000 ) ) ;
#923 = ORIENTED_EDGE ( 'NONE', *, *, #3036, .T. ) ;
#924 = VERTEX_POINT ( 'NONE', #414 ) ;
#925 = CARTESIAN_POINT ( 'NONE',  ( 12.29999999999999900, 0.0000000000000000000, -11.20000000000000300 ) ) ;
#926 = ORIENTED_EDGE ( 'NONE', *, *, #1806, .F. ) ;
#927 = AXIS2_PLACEMENT_3D ( 'NONE', #2216, #2793, #1318 ) ;
#928 = ORIENTED_EDGE ( 'NONE', *, *, #3704, .T. ) ;
#929 = APPLICATION_CONTEXT ( 'automotive_design' ) ;
#930 = ITEM_DEFINED_TRANSFORMATION ( 'NONE', 'NONE', #1619,  #216 ) ;
#931 = EDGE_LOOP ( 'NONE', ( #364, #2516 ) ) ;
#932 = CARTESIAN_POINT ( 'NONE',  ( 6.123233995736768500E-017, -0.8000000000000000400, 10.65000000000000200 ) ) ;
#933 = EDGE_CURVE ( 'NONE', #1995, #739, #3765, .T. ) ;
#934 = DIRECTION ( 'NONE',  ( -1.000000000000000000, 0.0000000000000000000, -0.0000000000000000000 ) ) ;
#935 = VERTEX_POINT ( 'NONE', #3136 ) ;
#936 = DIRECTION ( 'NONE',  ( -1.548860246407865100E-016, 0.0000000000000000000, -1.000000000000000000 ) ) ;
#937 = LINE ( 'NONE', #911, #1643 ) ;
#938 = ADVANCED_FACE ( 'NONE', ( #1048 ), #2306, .F. ) ;
#939 = LINE ( 'NONE', #2881, #850 ) ;
#940 = APPLICATION_CONTEXT ( 'automotive_design' ) ;
#941 = CIRCLE ( 'NONE', #179, 1.499999999999999600 ) ;
#942 = DIRECTION ( 'NONE',  ( 0.08715574274765820800, 0.9961946980917455500, 0.0000000000000000000 ) ) ;
#943 = CIRCLE ( 'NONE', #1242, 0.5000000000000004400 ) ;
#944 = DIRECTION ( 'NONE',  ( 0.0000000000000000000, 0.0000000000000000000, 1.000000000000000000 ) ) ;
#945 = AXIS2_PLACEMENT_3D ( 'NONE', #2388, #594, #3007 ) ;
#946 = CARTESIAN_POINT ( 'NONE',  ( 10.20000000000001000, -3.252606517456513300E-016, -10.15000000000001100 ) ) ;
#947 = CIRCLE ( 'NONE', #2695, 0.5000000000000004400 ) ;
#948 = ORIENTED_EDGE ( 'NONE', *, *, #135, .F. ) ;
#949 = PRODUCT_CONTEXT ( 'NONE', #684, 'mechanical' ) ;
#950 = CIRCLE ( 'NONE', #1219, 1.000000000000000900 ) ;
#951 = EDGE_CURVE ( 'NONE', #1657, #736, #3032, .T. ) ;
#952 = SHAPE_REPRESENTATION_RELATIONSHIP ( 'NONE' , 'NONE' ,  #1514, #1801 ) ;
#953 = ADVANCED_FACE ( 'NONE', ( #2028 ), #2929, .F. ) ;
#954 = CARTESIAN_POINT ( 'NONE',  ( 11.50000000000000000, 0.0000000000000000000, -10.49999999999999300 ) ) ;
#955 = EDGE_LOOP ( 'NONE', ( #654, #2377, #2807, #3690 ) ) ;
#956 = LINE ( 'NONE', #1508, #3880 ) ;
#957 = CARTESIAN_POINT ( 'NONE',  ( -11.19999999999999000, -8.300000000000002500, -12.69999999999999900 ) ) ;
#958 = AXIS2_PLACEMENT_3D ( 'NONE', #811, #1147, #1732 ) ;
#959 = EDGE_CURVE ( 'NONE', #2731, #397, #2447, .T. ) ;
#960 = ORIENTED_EDGE ( 'NONE', *, *, #3648, .T. ) ;
#961 = VECTOR ( 'NONE', #191, 1000.000000000000000 ) ;
#962 = DIRECTION ( 'NONE',  ( 7.395570986446985700E-032, 1.000000000000000000, 7.982189977661023200E-032 ) ) ;
#963 = DIRECTION ( 'NONE',  ( 0.0000000000000000000, 1.000000000000000000, 0.0000000000000000000 ) ) ;
#964 =( GEOMETRIC_REPRESENTATION_CONTEXT ( 3 ) GLOBAL_UNCERTAINTY_ASSIGNED_CONTEXT ( ( #1279 ) ) GLOBAL_UNIT_ASSIGNED_CONTEXT ( ( #1800, #2710, #3582 ) ) REPRESENTATION_CONTEXT ( 'NONE', 'WORKASPACE' ) );
#965 = ORIENTED_EDGE ( 'NONE', *, *, #1280, .F. ) ;
#966 = APPLICATION_PROTOCOL_DEFINITION ( 'draft international standard', 'automotive_design', 1998, #1278 ) ;
#967 = ORIENTED_EDGE ( 'NONE', *, *, #3357, .F. ) ;
#968 = EDGE_LOOP ( 'NONE', ( #3307, #928, #2412, #583 ) ) ;
#969 = ORIENTED_EDGE ( 'NONE', *, *, #3487, .T. ) ;
#970 = ORIENTED_EDGE ( 'NONE', *, *, #2267, .T. ) ;
#971 = CARTESIAN_POINT ( 'NONE',  ( 5.100000000000005000, 0.8000000000000001600, -10.15000000000001100 ) ) ;
#972 = CARTESIAN_POINT ( 'NONE',  ( 0.0000000000000000000, 0.0000000000000000000, 0.5500000000000001600 ) ) ;
#973 = AXIS2_PLACEMENT_3D ( 'NONE', #2979, #2496, #3474 ) ;
#974 = DIRECTION ( 'NONE',  ( 0.0000000000000000000, 1.000000000000000000, 0.0000000000000000000 ) ) ;
#975 = ORIENTED_EDGE ( 'NONE', *, *, #2643, .T. ) ;
#976 = CONTEXT_DEPENDENT_SHAPE_REPRESENTATION ( #3108, #3202 ) ;
#977 = CARTESIAN_POINT ( 'NONE',  ( 10.20000000000001000, 0.8000000000000001600, -10.15000000000001100 ) ) ;
#978 = ORIENTED_EDGE ( 'NONE', *, *, #28, .T. ) ;
#979 =( LENGTH_UNIT ( ) NAMED_UNIT ( * ) SI_UNIT ( .MILLI., .METRE. ) );
#980 = DIRECTION ( 'NONE',  ( 7.395570986446985700E-032, 1.000000000000000000, 7.982189977661023200E-032 ) ) ;
#981 = EDGE_CURVE ( 'NONE', #783, #2668, #3087, .T. ) ;
#982 = AXIS2_PLACEMENT_3D ( 'NONE', #3172, #1350, #2244 ) ;
#983 = VERTEX_POINT ( 'NONE', #1618 ) ;
#984 =( NAMED_UNIT ( * ) SI_UNIT ( $, .STERADIAN. ) SOLID_ANGLE_UNIT ( ) );
#985 = DIRECTION ( 'NONE',  ( -4.930380657631323800E-032, 7.982189977661021000E-032, 1.000000000000000000 ) ) ;
#986 = ORIENTED_EDGE ( 'NONE', *, *, #3897, .F. ) ;
#987 = EDGE_CURVE ( 'NONE', #217, #3192, #2833, .T. ) ;
#988 = CYLINDRICAL_SURFACE ( 'NONE', #3761, 0.5000000000000004400 ) ;
#989 = LINE ( 'NONE', #566, #475 ) ;
#990 = CARTESIAN_POINT ( 'NONE',  ( 5.100000000000005000, -3.252606517456512800E-016, -10.70172876405478300 ) ) ;
#991 = DIRECTION ( 'NONE',  ( -0.0000000000000000000, 1.000000000000000000, -0.0000000000000000000 ) ) ;
#992 = FACE_OUTER_BOUND ( 'NONE', #2914, .T. ) ;
#993 =( NAMED_UNIT ( * ) PLANE_ANGLE_UNIT ( ) SI_UNIT ( $, .RADIAN. ) );
#994 = PRODUCT_DEFINITION_SHAPE ( 'NONE', 'NONE',  #3906 ) ;
#995 = COLOUR_RGB ( '',0.7529411764705882200, 0.7529411764705882200, 0.7529411764705882200 ) ;
#996 = VERTEX_POINT ( 'NONE', #436 ) ;
#997 = EDGE_CURVE ( 'NONE', #1905, #2407, #717, .T. ) ;
#998 = AXIS2_PLACEMENT_3D ( 'NONE', #3086, #1510, #3024 ) ;
#999 = CARTESIAN_POINT ( 'NONE',  ( 11.19999999999999800, 0.0000000000000000000, -11.19999999999999900 ) ) ;
#1000 = LINE ( 'NONE', #3212, #3720 ) ;
#1001 = DIRECTION ( 'NONE',  ( 0.0000000000000000000, 0.0000000000000000000, -1.000000000000000000 ) ) ;
#1002 = VECTOR ( 'NONE', #3849, 1000.000000000000000 ) ;
#1003 = VECTOR ( 'NONE', #3517, 1000.000000000000100 ) ;
#1004 = DIRECTION ( 'NONE',  ( 7.395570986446985700E-032, 1.000000000000000000, 7.982189977661023200E-032 ) ) ;
#1005 = EDGE_LOOP ( 'NONE', ( #909, #121, #2854, #2994 ) ) ;
#1006 = DIRECTION ( 'NONE',  ( 7.395570986446985700E-032, 1.000000000000000000, 7.982189977661023200E-032 ) ) ;
#1007 = DIRECTION ( 'NONE',  ( -1.000000000000000000, 0.0000000000000000000, 0.0000000000000000000 ) ) ;
#1008 = SURFACE_STYLE_USAGE ( .BOTH. , #2493 ) ;
#1009 = VERTEX_POINT ( 'NONE', #2796 ) ;
#1010 = CYLINDRICAL_SURFACE ( 'NONE', #106, 1.499999999999999600 ) ;
#1011 = EDGE_CURVE ( 'NONE', #280, #1133, #155, .T. ) ;
#1012 = ORIENTED_EDGE ( 'NONE', *, *, #1824, .F. ) ;
#1013 = FACE_OUTER_BOUND ( 'NONE', #633, .T. ) ;
#1014 = VERTEX_POINT ( 'NONE', #2872 ) ;
#1015 = DIRECTION ( 'NONE',  ( 7.395570986446985700E-032, 1.000000000000000000, 7.982189977661023200E-032 ) ) ;
#1016 = ORIENTED_EDGE ( 'NONE', *, *, #3553, .T. ) ;
#1017 = CARTESIAN_POINT ( 'NONE',  ( 11.19999999999999000, -9.800000000000000700, 12.30000000000000100 ) ) ;
#1018 = ORIENTED_EDGE ( 'NONE', *, *, #3146, .T. ) ;
#1019 = CARTESIAN_POINT ( 'NONE',  ( 10.50000000000000200, -3.000000000000000000, 10.50000000000000000 ) ) ;
#1020 = DIRECTION ( 'NONE',  ( 7.395570986446985700E-032, 1.000000000000000000, 7.982189977661023200E-032 ) ) ;
#1021 = ORIENTED_EDGE ( 'NONE', *, *, #2014, .F. ) ;
#1022 = CARTESIAN_POINT ( 'NONE',  ( 10.15000000000000900, 0.7999999999999999300, 10.85000000000001000 ) ) ;
#1023 = ORIENTED_EDGE ( 'NONE', *, *, #3444, .T. ) ;
#1024 = EDGE_LOOP ( 'NONE', ( #2094, #2520, #2985, #136 ) ) ;
#1025 = ORIENTED_EDGE ( 'NONE', *, *, #987, .T. ) ;
#1026 = ADVANCED_FACE ( 'NONE', ( #2742 ), #2270, .F. ) ;
#1027 = VERTEX_POINT ( 'NONE', #425 ) ;
#1028 = CARTESIAN_POINT ( 'NONE',  ( -11.19999999999998900, -8.300000000000002500, 12.69999999999999900 ) ) ;
#1029 = DIRECTION ( 'NONE',  ( 0.0000000000000000000, 7.982189977661011200E-032, 1.000000000000000000 ) ) ;
#1030 = EDGE_LOOP ( 'NONE', ( #880, #2147, #513, #2760 ) ) ;
#1031 = DIRECTION ( 'NONE',  ( 1.365923996832130900E-016, 1.393430872194746600E-031, 1.000000000000000000 ) ) ;
#1032 = CARTESIAN_POINT ( 'NONE',  ( -4.200000000000000200, 0.8000000000000000400, -4.000000000000008900 ) ) ;
#1033 = CARTESIAN_POINT ( 'NONE',  ( -12.69999999999999800, -9.800000000000000700, 11.19999999999998900 ) ) ;
#1034 = DIRECTION ( 'NONE',  ( 1.365923996832130900E-016, 1.393430872194746600E-031, 1.000000000000000000 ) ) ;
#1035 = EDGE_CURVE ( 'NONE', #1211, #2584, #3354, .T. ) ;
#1036 = AXIS2_PLACEMENT_3D ( 'NONE', #1050, #782, #2888 ) ;
#1037 = DIRECTION ( 'NONE',  ( 2.231741529848958500E-017, 0.9832549075639543900, -0.1822355254921480500 ) ) ;
#1038 = CIRCLE ( 'NONE', #714, 1.500000000000001300 ) ;
#1039 = LINE ( 'NONE', #1017, #379 ) ;
#1040 = AXIS2_PLACEMENT_3D ( 'NONE', #523, #1741, #2627 ) ;
#1041 = VECTOR ( 'NONE', #2607, 1000.000000000000000 ) ;
#1042 = EDGE_CURVE ( 'NONE', #1948, #738, #1144, .T. ) ;
#1043 = CIRCLE ( 'NONE', #3259, 1.000000000000002700 ) ;
#1044 =( GEOMETRIC_REPRESENTATION_CONTEXT ( 3 ) GLOBAL_UNCERTAINTY_ASSIGNED_CONTEXT ( ( #2491 ) ) GLOBAL_UNIT_ASSIGNED_CONTEXT ( ( #3280, #1772, #2093 ) ) REPRESENTATION_CONTEXT ( 'NONE', 'WORKASPACE' ) );
#1045 = ORIENTED_EDGE ( 'NONE', *, *, #1844, .F. ) ;
#1046 = CARTESIAN_POINT ( 'NONE',  ( 2.549999999999997200, 5.599999999999999600, -10.15000000000000000 ) ) ;
#1047 = CARTESIAN_POINT ( 'NONE',  ( 11.30000000000001100, 1.500000000000000000, -12.30000000000002600 ) ) ;
#1048 = FACE_OUTER_BOUND ( 'NONE', #2821, .T. ) ;
#1049 = CIRCLE ( 'NONE', #2146, 0.5517287640547721100 ) ;
#1050 = CARTESIAN_POINT ( 'NONE',  ( 11.19999999999999800, -9.800000000000000700, -11.19999999999999900 ) ) ;
#1051 = VERTEX_POINT ( 'NONE', #1660 ) ;
#1052 = AXIS2_PLACEMENT_3D ( 'NONE', #2164, #1006, #666 ) ;
#1053 = DIRECTION ( 'NONE',  ( 1.000000000000000000, 0.0000000000000000000, 0.0000000000000000000 ) ) ;
#1054 = CYLINDRICAL_SURFACE ( 'NONE', #3820, 0.4000000000000010200 ) ;
#1055 = DIRECTION ( 'NONE',  ( 0.0000000000000000000, 0.0000000000000000000, 1.000000000000000000 ) ) ;
#1056 = UNCERTAINTY_MEASURE_WITH_UNIT (LENGTH_MEASURE( 1.000000000000000100E-005 ), #2122, 'distance_accuracy_value', 'NONE');
#1057 = CARTESIAN_POINT ( 'NONE',  ( 11.20000000000000100, -9.800000000000000700, 11.19999999999999900 ) ) ;
#1058 = ORIENTED_EDGE ( 'NONE', *, *, #1909, .T. ) ;
#1059 = EDGE_CURVE ( 'NONE', #1673, #1720, #2550, .T. ) ;
#1060 = LINE ( 'NONE', #3200, #3781 ) ;
#1061 = DIRECTION ( 'NONE',  ( 0.0000000000000000000, 0.0000000000000000000, 1.000000000000000000 ) ) ;
#1062 = AXIS2_PLACEMENT_3D ( 'NONE', #977, #3394, #2207 ) ;
#1063 = ORIENTED_EDGE ( 'NONE', *, *, #919, .T. ) ;
#1064 = VECTOR ( 'NONE', #991, 1000.000000000000000 ) ;
#1065 = EDGE_CURVE ( 'NONE', #693, #1679, #1464, .T. ) ;
#1066 = ORIENTED_EDGE ( 'NONE', *, *, #3382, .F. ) ;
#1067 = ORIENTED_EDGE ( 'NONE', *, *, #638, .F. ) ;
#1068 = CARTESIAN_POINT ( 'NONE',  ( -12.70000000000001900, 0.5000000000000003300, 12.70000000000002100 ) ) ;
#1069 = ORIENTED_EDGE ( 'NONE', *, *, #1365, .F. ) ;
#1070 = VERTEX_POINT ( 'NONE', #1077 ) ;
#1071 = DIRECTION ( 'NONE',  ( 0.0000000000000000000, 0.0000000000000000000, 1.000000000000000000 ) ) ;
#1072 = EDGE_LOOP ( 'NONE', ( #1674, #126, #1988, #834 ) ) ;
#1073 = CONTEXT_DEPENDENT_SHAPE_REPRESENTATION ( #69, #2305 ) ;
#1074 = EDGE_CURVE ( 'NONE', #3141, #1728, #1697, .T. ) ;
#1075 = AXIS2_PLACEMENT_3D ( 'NONE', #1275, #704, #101 ) ;
#1076 = EDGE_LOOP ( 'NONE', ( #1198, #3120, #2111, #1724 ) ) ;
#1077 = CARTESIAN_POINT ( 'NONE',  ( -8.964232307205534300E-017, -0.5000000000000000000, -0.7319851171331016600 ) ) ;
#1078 = DIRECTION ( 'NONE',  ( 7.395570986446985700E-032, 1.000000000000000000, -7.982189977661013400E-032 ) ) ;
#1079 = VECTOR ( 'NONE', #113, 1000.000000000000000 ) ;
#1080 = AXIS2_PLACEMENT_3D ( 'NONE', #2227, #424, #2844 ) ;
#1081 = ADVANCED_FACE ( 'NONE', ( #2975 ), #2176, .F. ) ;
#1082 = CARTESIAN_POINT ( 'NONE',  ( 11.20000000000000600, 0.5000000000000000000, -12.70000000000002100 ) ) ;
#1083 = DIRECTION ( 'NONE',  ( 0.0000000000000000000, 0.0000000000000000000, 1.000000000000000000 ) ) ;
#1084 = DIRECTION ( 'NONE',  ( 0.0000000000000000000, 0.0000000000000000000, -1.000000000000000000 ) ) ;
#1085 = VECTOR ( 'NONE', #1182, 1000.000000000000000 ) ;
#1086 = EDGE_CURVE ( 'NONE', #2809, #86, #2401, .T. ) ;
#1087 = FACE_OUTER_BOUND ( 'NONE', #236, .T. ) ;
#1088 = CARTESIAN_POINT ( 'NONE',  ( -10.20000000000001000, 0.8000000000000001600, -10.15000000000001100 ) ) ;
#1089 = DIRECTION ( 'NONE',  ( -1.548860246407865100E-016, 0.0000000000000000000, -1.000000000000000000 ) ) ;
#1090 = EDGE_LOOP ( 'NONE', ( #2057, #3500, #3182, #1179 ) ) ;
#1091 = VECTOR ( 'NONE', #2666, 1000.000000000000000 ) ;
#1092 = CARTESIAN_POINT ( 'NONE',  ( 10.20000000000001000, 0.8000000000000001600, -10.85000000000001200 ) ) ;
#1093 = AXIS2_PLACEMENT_3D ( 'NONE', #3647, #658, #1843 ) ;
#1094 = CARTESIAN_POINT ( 'NONE',  ( -11.30000000000000800, 0.5000000000000000000, 12.30000000000002000 ) ) ;
#1095 = DIRECTION ( 'NONE',  ( 7.395570986446985700E-032, 1.000000000000000000, 7.982189977661023200E-032 ) ) ;
#1096 = LINE ( 'NONE', #1670, #862 ) ;
#1097 = LINE ( 'NONE', #2006, #3096 ) ;
#1098 = EDGE_LOOP ( 'NONE', ( #975, #1714 ) ) ;
#1099 = ADVANCED_FACE ( 'NONE', ( #1746 ), #3178, .F. ) ;
#1100 = SURFACE_SIDE_STYLE ('',( #3809 ) ) ;
#1101 = ORIENTED_EDGE ( 'NONE', *, *, #576, .T. ) ;
#1102 = VECTOR ( 'NONE', #1400, 1000.000000000000000 ) ;
#1103 = PLANE ( 'NONE',  #561 ) ;
#1104 = DIRECTION ( 'NONE',  ( 0.0000000000000000000, 1.000000000000000000, 0.0000000000000000000 ) ) ;
#1105 = VERTEX_POINT ( 'NONE', #2283 ) ;
#1106 = LINE ( 'NONE', #600, #2323 ) ;
#1107 = ORIENTED_EDGE ( 'NONE', *, *, #1310, .F. ) ;
#1108 = EDGE_CURVE ( 'NONE', #1014, #1070, #3216, .T. ) ;
#1109 = CARTESIAN_POINT ( 'NONE',  ( 11.20000000000000100, -8.300000000000002500, 11.19999999999999900 ) ) ;
#1110 = AXIS2_PLACEMENT_3D ( 'NONE', #1360, #1336, #3437 ) ;
#1111 = ORIENTED_EDGE ( 'NONE', *, *, #3451, .F. ) ;
#1112 = FILL_AREA_STYLE ('',( #1124 ) ) ;
#1113 = FACE_OUTER_BOUND ( 'NONE', #368, .T. ) ;
#1114 = ORIENTED_EDGE ( 'NONE', *, *, #1562, .F. ) ;
#1115 = ORIENTED_EDGE ( 'NONE', *, *, #805, .T. ) ;
#1116 = AXIS2_PLACEMENT_3D ( 'NONE', #3697, #422, #1895 ) ;
#1117 = VERTEX_POINT ( 'NONE', #159 ) ;
#1118 = ORIENTED_EDGE ( 'NONE', *, *, #1035, .F. ) ;
#1119 = ORIENTED_EDGE ( 'NONE', *, *, #2197, .F. ) ;
#1120 = EDGE_LOOP ( 'NONE', ( #2474, #2200 ) ) ;
#1121 = ADVANCED_FACE ( 'NONE', ( #1411 ), #530, .T. ) ;
#1122 = PLANE ( 'NONE',  #2972 ) ;
#1123 = DIRECTION ( 'NONE',  ( -1.000000000000000000, 0.0000000000000000000, 0.0000000000000000000 ) ) ;
#1124 = FILL_AREA_STYLE_COLOUR ( '', #1788 ) ;
#1125 = ORIENTED_EDGE ( 'NONE', *, *, #1786, .F. ) ;
#1126 = EDGE_CURVE ( 'NONE', #280, #693, #856, .T. ) ;
#1127 = AXIS2_PLACEMENT_3D ( 'NONE', #2582, #2926, #1084 ) ;
#1128 = CARTESIAN_POINT ( 'NONE',  ( -11.70000000000001200, 1.500000000000000000, -11.30000000000001100 ) ) ;
#1129 = CARTESIAN_POINT ( 'NONE',  ( -5.100000000000005000, 0.8000000000000001600, -10.15000000000001100 ) ) ;
#1130 = ORIENTED_EDGE ( 'NONE', *, *, #2486, .F. ) ;
#1131 = CARTESIAN_POINT ( 'NONE',  ( 11.43000906917926500, -0.8000000000000000400, 10.49999999999999100 ) ) ;
#1132 = CIRCLE ( 'NONE', #3110, 1.100000000000000300 ) ;
#1133 = VERTEX_POINT ( 'NONE', #2569 ) ;
#1134 = DIRECTION ( 'NONE',  ( -1.000000000000000000, 0.0000000000000000000, 0.0000000000000000000 ) ) ;
#1135 =( GEOMETRIC_REPRESENTATION_CONTEXT ( 3 ) GLOBAL_UNCERTAINTY_ASSIGNED_CONTEXT ( ( #3436 ) ) GLOBAL_UNIT_ASSIGNED_CONTEXT ( ( #2029, #521, #2085 ) ) REPRESENTATION_CONTEXT ( 'NONE', 'WORKASPACE' ) );
#1136 = LINE ( 'NONE', #2012, #3431 ) ;
#1137 = VECTOR ( 'NONE', #254, 1000.000000000000000 ) ;
#1138 = CARTESIAN_POINT ( 'NONE',  ( -10.49999999999999100, -0.8000000000000000400, -11.43000906917926200 ) ) ;
#1139 = CARTESIAN_POINT ( 'NONE',  ( -12.30000000000001700, 1.500000000000000000, 11.30000000000001100 ) ) ;
#1140 = CARTESIAN_POINT ( 'NONE',  ( -10.20000000000001000, 4.404003810825302200E-032, -9.598271235945238900 ) ) ;
#1141 = DIRECTION ( 'NONE',  ( -4.930380657631323800E-032, 7.982189977661021000E-032, 1.000000000000000000 ) ) ;
#1142 = EDGE_CURVE ( 'NONE', #2842, #3010, #2354, .T. ) ;
#1143 = ADVANCED_FACE ( 'NONE', ( #109 ), #3866, .F. ) ;
#1144 = CIRCLE ( 'NONE', #3093, 0.5000000000000004400 ) ;
#1145 = CIRCLE ( 'NONE', #2483, 0.9300090691792602900 ) ;
#1146 = DIRECTION ( 'NONE',  ( 0.0000000000000000000, 0.0000000000000000000, 1.000000000000000000 ) ) ;
#1147 = DIRECTION ( 'NONE',  ( 0.0000000000000000000, 1.000000000000000000, 0.0000000000000000000 ) ) ;
#1148 = CARTESIAN_POINT ( 'NONE',  ( 11.30000000000001100, 0.8000000000000000400, -11.70000000000001500 ) ) ;
#1149 = VERTEX_POINT ( 'NONE', #195 ) ;
#1150 = LINE ( 'NONE', #3817, #3876 ) ;
#1151 = CARTESIAN_POINT ( 'NONE',  ( 11.30000000000001100, 1.500000000000000000, -11.30000000000001500 ) ) ;
#1152 = PLANE ( 'NONE',  #3738 ) ;
#1153 = ORIENTED_EDGE ( 'NONE', *, *, #1272, .F. ) ;
#1154 = VECTOR ( 'NONE', #2307, 1000.000000000000000 ) ;
#1155 = PLANE ( 'NONE',  #1561 ) ;
#1156 = DIRECTION ( 'NONE',  ( 7.395570986446985700E-032, 1.000000000000000000, 7.982189977661023200E-032 ) ) ;
#1157 = DIRECTION ( 'NONE',  ( 0.0000000000000000000, 7.982189977661002400E-032, 1.000000000000000000 ) ) ;
#1158 = ORIENTED_EDGE ( 'NONE', *, *, #2291, .T. ) ;
#1159 = CYLINDRICAL_SURFACE ( 'NONE', #2452, 1.100000000000000300 ) ;
#1160 = DIRECTION ( 'NONE',  ( 0.0000000000000000000, 1.000000000000000000, 0.0000000000000000000 ) ) ;
#1161 = ORIENTED_EDGE ( 'NONE', *, *, #919, .F. ) ;
#1162 = ADVANCED_FACE ( 'NONE', ( #3265, #3438, #64, #1554, #761, #2271, #670, #1369 ), #1649, .T. ) ;
#1163 = SURFACE_SIDE_STYLE ('',( #2370 ) ) ;
#1164 = CARTESIAN_POINT ( 'NONE',  ( 11.20000000000001000, 0.0000000000000000000, 11.20000000000000800 ) ) ;
#1165 = EDGE_CURVE ( 'NONE', #2663, #1487, #199, .T. ) ;
#1166 = EDGE_LOOP ( 'NONE', ( #3846, #1340, #1069, #2849 ) ) ;
#1167 = DIRECTION ( 'NONE',  ( 7.395570986446985700E-032, 1.000000000000000000, 7.982189977661023200E-032 ) ) ;
#1168 = EDGE_LOOP ( 'NONE', ( #3038, #437, #2715, #3137 ) ) ;
#1169 = DIRECTION ( 'NONE',  ( 1.535153518563546300E-016, 1.375547393088333000E-031, 1.000000000000000000 ) ) ;
#1170 = PLANE ( 'NONE',  #3898 ) ;
#1171 = ORIENTED_EDGE ( 'NONE', *, *, #1074, .T. ) ;
#1172 = ORIENTED_EDGE ( 'NONE', *, *, #1986, .F. ) ;
#1173 = AXIS2_PLACEMENT_3D ( 'NONE', #1436, #3864, #2304 ) ;
#1174 = DIRECTION ( 'NONE',  ( 7.395570986446985700E-032, 1.000000000000000000, 7.982189977661023200E-032 ) ) ;
#1175 = EDGE_CURVE ( 'NONE', #697, #2951, #807, .T. ) ;
#1176 = ADVANCED_FACE ( 'NONE', ( #348 ), #1754, .F. ) ;
#1177 = ORIENTED_EDGE ( 'NONE', *, *, #3297, .T. ) ;
#1178 =( LENGTH_UNIT ( ) NAMED_UNIT ( * ) SI_UNIT ( .MILLI., .METRE. ) );
#1179 = ORIENTED_EDGE ( 'NONE', *, *, #2309, .T. ) ;
#1180 = PRODUCT_DEFINITION ( 'UNKNOWN', '', #812, #2698 ) ;
#1181 = CARTESIAN_POINT ( 'NONE',  ( -12.69999999999999800, 0.0000000000000000000, 11.19999999999998900 ) ) ;
#1182 = DIRECTION ( 'NONE',  ( 1.000000000000000000, 0.0000000000000000000, -0.0000000000000000000 ) ) ;
#1183 = CYLINDRICAL_SURFACE ( 'NONE', #1354, 1.000000000000002700 ) ;
#1184 = CARTESIAN_POINT ( 'NONE',  ( -11.19999999999999800, -9.400000000000002100, 11.19999999999999900 ) ) ;
#1185 = LINE ( 'NONE', #2523, #1079 ) ;
#1186 = AXIS2_PLACEMENT_3D ( 'NONE', #265, #2657, #1399 ) ;
#1187 = VECTOR ( 'NONE', #3122, 1000.000000000000000 ) ;
#1188 = CARTESIAN_POINT ( 'NONE',  ( 10.20000000000001000, 0.8000000000000001600, -10.85000000000001200 ) ) ;
#1189 = CARTESIAN_POINT ( 'NONE',  ( -10.49999999999999800, -0.8000000000000000400, 10.49999999999999800 ) ) ;
#1190 = CIRCLE ( 'NONE', #2167, 0.5500000000000001600 ) ;
#1191 = ADVANCED_FACE ( 'NONE', ( #619 ), #1196, .F. ) ;
#1192 = DIRECTION ( 'NONE',  ( 0.0000000000000000000, 1.000000000000000000, 0.0000000000000000000 ) ) ;
#1193 = VECTOR ( 'NONE', #2115, 1000.000000000000100 ) ;
#1194 = EDGE_CURVE ( 'NONE', #697, #3636, #1000, .T. ) ;
#1195 = AXIS2_PLACEMENT_3D ( 'NONE', #1987, #3156, #2863 ) ;
#1196 = CONICAL_SURFACE ( 'NONE', #2592, 0.7000000000000009500, 0.1832595714594050000 ) ;
#1197 = CARTESIAN_POINT ( 'NONE',  ( -4.199999999999999300, 0.0000000000000000000, 4.000000000000000000 ) ) ;
#1198 = ORIENTED_EDGE ( 'NONE', *, *, #2874, .F. ) ;
#1199 = DIRECTION ( 'NONE',  ( 0.0000000000000000000, 1.000000000000000000, 0.0000000000000000000 ) ) ;
#1200 = AXIS2_PLACEMENT_3D ( 'NONE', #797, #2335, #2031 ) ;
#1201 = VECTOR ( 'NONE', #1502, 1000.000000000000000 ) ;
#1202 = EDGE_CURVE ( 'NONE', #983, #643, #10, .T. ) ;
#1203 = CARTESIAN_POINT ( 'NONE',  ( 12.29999999999999900, -8.300000000000002500, -11.19999999999998900 ) ) ;
#1204 = DIRECTION ( 'NONE',  ( -0.08715574274765820800, 0.9961946980917455500, 7.559555650527908400E-016 ) ) ;
#1205 = VECTOR ( 'NONE', #1376, 1000.000000000000000 ) ;
#1206 = EDGE_LOOP ( 'NONE', ( #1836, #822, #416, #3508, #1480, #1021, #1703, #3586 ) ) ;
#1207 = SURFACE_STYLE_USAGE ( .BOTH. , #3313 ) ;
#1208 = ORIENTED_EDGE ( 'NONE', *, *, #2901, .T. ) ;
#1209 = CYLINDRICAL_SURFACE ( 'NONE', #2201, 1.499999999999999600 ) ;
#1210 = CARTESIAN_POINT ( 'NONE',  ( -4.200000000000000200, 0.0000000000000000000, -4.000000000000008900 ) ) ;
#1211 = VERTEX_POINT ( 'NONE', #821 ) ;
#1212 = AXIS2_PLACEMENT_3D ( 'NONE', #32, #2425, #934 ) ;
#1213 = DIRECTION ( 'NONE',  ( 7.395570986446985700E-032, 1.000000000000000000, 7.982189977661023200E-032 ) ) ;
#1214 = VECTOR ( 'NONE', #1123, 1000.000000000000000 ) ;
#1215 = ORIENTED_EDGE ( 'NONE', *, *, #846, .T. ) ;
#1216 = CARTESIAN_POINT ( 'NONE',  ( -11.19999999999999800, -8.300000000000002500, 11.19999999999999900 ) ) ;
#1217 = DIRECTION ( 'NONE',  ( 1.000000000000000000, 0.0000000000000000000, 0.0000000000000000000 ) ) ;
#1218 = ORIENTED_EDGE ( 'NONE', *, *, #362, .F. ) ;
#1219 = AXIS2_PLACEMENT_3D ( 'NONE', #2054, #2923, #2964 ) ;
#1220 = FILL_AREA_STYLE_COLOUR ( '', #2982 ) ;
#1221 = ORIENTED_EDGE ( 'NONE', *, *, #3879, .T. ) ;
#1222 = ORIENTED_EDGE ( 'NONE', *, *, #2924, .T. ) ;
#1223 = CARTESIAN_POINT ( 'NONE',  ( -12.30000000000000200, -8.300000000000002500, -11.19999999999998900 ) ) ;
#1224 = EDGE_CURVE ( 'NONE', #3374, #2708, #3718, .T. ) ;
#1225 = CARTESIAN_POINT ( 'NONE',  ( 2.550000000000002900, 0.7999999999999997100, 10.85000000000001200 ) ) ;
#1226 = EDGE_LOOP ( 'NONE', ( #1677, #824, #2505, #1867 ) ) ;
#1227 = CARTESIAN_POINT ( 'NONE',  ( 2.550000000000002900, 0.7999999999999997100, 9.450000000000009900 ) ) ;
#1228 = DIRECTION ( 'NONE',  ( -1.000000000000000000, 0.0000000000000000000, -0.0000000000000000000 ) ) ;
#1229 = ADVANCED_FACE ( 'NONE', ( #8 ), #2303, .T. ) ;
#1230 = ORIENTED_EDGE ( 'NONE', *, *, #1165, .T. ) ;
#1231 = ORIENTED_EDGE ( 'NONE', *, *, #3072, .T. ) ;
#1232 = FILL_AREA_STYLE ('',( #3611 ) ) ;
#1233 = CIRCLE ( 'NONE', #2609, 0.5000000000000004400 ) ;
#1234 = VERTEX_POINT ( 'NONE', #247 ) ;
#1235 = MANIFOLD_SOLID_BREP ( '薄殼1', #2794 ) ;
#1236 = DIRECTION ( 'NONE',  ( 7.395570986446985700E-032, 1.000000000000000000, 7.982189977661023200E-032 ) ) ;
#1237 = DIRECTION ( 'NONE',  ( 0.0000000000000000000, 0.0000000000000000000, 1.000000000000000000 ) ) ;
#1238 = DIRECTION ( 'NONE',  ( -1.000000000000000000, -7.395570986446975800E-032, 6.779273404243061400E-032 ) ) ;
#1239 = VECTOR ( 'NONE', #496, 1000.000000000000000 ) ;
#1240 = DIRECTION ( 'NONE',  ( -1.000000000000000000, 0.0000000000000000000, 0.0000000000000000000 ) ) ;
#1241 = EDGE_CURVE ( 'NONE', #838, #935, #3484, .T. ) ;
#1242 = AXIS2_PLACEMENT_3D ( 'NONE', #3434, #1647, #694 ) ;
#1243 = ADVANCED_FACE ( 'NONE', ( #1974 ), #2219, .F. ) ;
#1244 = LINE ( 'NONE', #2330, #1603 ) ;
#1245 = CARTESIAN_POINT ( 'NONE',  ( -11.30000000000001300, 1.500000000000000000, -11.30000000000001100 ) ) ;
#1246 = ORIENTED_EDGE ( 'NONE', *, *, #3772, .T. ) ;
#1247 = CARTESIAN_POINT ( 'NONE',  ( 11.19999999999999000, 0.0000000000000000000, 12.69999999999999900 ) ) ;
#1248 = AXIS2_PLACEMENT_3D ( 'NONE', #200, #1996, #251 ) ;
#1249 = ORIENTED_EDGE ( 'NONE', *, *, #2336, .F. ) ;
#1250 = CIRCLE ( 'NONE', #1173, 0.5517287640547738900 ) ;
#1251 = DIRECTION ( 'NONE',  ( 0.0000000000000000000, 1.000000000000000000, 0.0000000000000000000 ) ) ;
#1252 = STYLED_ITEM ( 'NONE', ( #2064 ), #2675 ) ;
#1253 = ORIENTED_EDGE ( 'NONE', *, *, #933, .T. ) ;
#1254 = CIRCLE ( 'NONE', #2804, 1.100000000000000300 ) ;
#1255 = ORIENTED_EDGE ( 'NONE', *, *, #2728, .T. ) ;
#1256 = ORIENTED_EDGE ( 'NONE', *, *, #1675, .F. ) ;
#1257 = DIRECTION ( 'NONE',  ( 1.000000000000000000, 0.0000000000000000000, 0.0000000000000000000 ) ) ;
#1258 = ORIENTED_EDGE ( 'NONE', *, *, #3737, .F. ) ;
#1259 = FACE_OUTER_BOUND ( 'NONE', #3515, .T. ) ;
#1260 = MECHANICAL_DESIGN_GEOMETRIC_PRESENTATION_REPRESENTATION (  '', ( #371 ), #1446 ) ;
#1261 = ORIENTED_EDGE ( 'NONE', *, *, #3721, .F. ) ;
#1262 = VERTEX_POINT ( 'NONE', #1131 ) ;
#1263 = ORIENTED_EDGE ( 'NONE', *, *, #733, .F. ) ;
#1264 = ADVANCED_FACE ( 'NONE', ( #3028 ), #525, .T. ) ;
#1265 = PLANE ( 'NONE',  #229 ) ;
#1266 = EDGE_CURVE ( 'NONE', #2192, #1995, #428, .T. ) ;
#1267 = AXIS2_PLACEMENT_3D ( 'NONE', #3783, #3176, #488 ) ;
#1268 = ORIENTED_EDGE ( 'NONE', *, *, #3520, .T. ) ;
#1269 = APPLICATION_PROTOCOL_DEFINITION ( 'draft international standard', 'automotive_design', 1998, #940 ) ;
#1270 = ORIENTED_EDGE ( 'NONE', *, *, #1663, .F. ) ;
#1271 = CARTESIAN_POINT ( 'NONE',  ( 11.19999999999999000, 0.0000000000000000000, -12.30000000000000100 ) ) ;
#1272 = EDGE_CURVE ( 'NONE', #1234, #3107, #2132, .T. ) ;
#1273 = DIRECTION ( 'NONE',  ( 0.0000000000000000000, 8.726796887628111100E-032, 1.000000000000000000 ) ) ;
#1274 = LINE ( 'NONE', #2782, #2683 ) ;
#1275 = CARTESIAN_POINT ( 'NONE',  ( -2.550000000000002500, 5.599999999999999600, -10.15000000000000000 ) ) ;
#1276 = LINE ( 'NONE', #3207, #2261 ) ;
#1277 = LINE ( 'NONE', #2965, #3254 ) ;
#1278 = APPLICATION_CONTEXT ( 'automotive_design' ) ;
#1279 = UNCERTAINTY_MEASURE_WITH_UNIT (LENGTH_MEASURE( 1.000000000000000100E-005 ), #1800, 'distance_accuracy_value', 'NONE');
#1280 = EDGE_CURVE ( 'NONE', #43, #410, #3624, .T. ) ;
#1281 = AXIS2_PLACEMENT_3D ( 'NONE', #492, #3483, #3839 ) ;
#1282 = CIRCLE ( 'NONE', #3140, 0.5000000000000004400 ) ;
#1283 = DIRECTION ( 'NONE',  ( 0.0000000000000000000, 1.000000000000000000, 0.0000000000000000000 ) ) ;
#1284 = DIRECTION ( 'NONE',  ( 7.395570986446985700E-032, 1.000000000000000000, 7.982189977661023200E-032 ) ) ;
#1285 = LINE ( 'NONE', #2103, #1648 ) ;
#1286 = CARTESIAN_POINT ( 'NONE',  ( 5.100000000000005000, 0.8000000000000001600, -10.85000000000001200 ) ) ;
#1287 = APPLICATION_PROTOCOL_DEFINITION ( 'draft international standard', 'automotive_design', 1998, #3048 ) ;
#1288 = FACE_OUTER_BOUND ( 'NONE', #3054, .T. ) ;
#1289 = EDGE_CURVE ( 'NONE', #693, #1133, #2785, .T. ) ;
#1290 = CIRCLE ( 'NONE', #1363, 1.499999999999999600 ) ;
#1291 = PRODUCT ( 'DKMW30 PIN-1060103', 'DKMW30 PIN-1060103', '', ( #2448 ) ) ;
#1292 = DIRECTION ( 'NONE',  ( 6.308085367188387300E-015, -1.000000000000000000, 0.0000000000000000000 ) ) ;
#1293 = DIRECTION ( 'NONE',  ( -1.000000000000000000, -7.395570986446975800E-032, 7.675767592817736600E-017 ) ) ;
#1294 = EDGE_LOOP ( 'NONE', ( #1770, #3057, #1684, #1908 ) ) ;
#1295 = LINE ( 'NONE', #3082, #2891 ) ;
#1296 = DIRECTION ( 'NONE',  ( 0.0000000000000000000, 1.000000000000000000, 0.0000000000000000000 ) ) ;
#1297 = DIRECTION ( 'NONE',  ( 0.0000000000000000000, 1.000000000000000000, 0.0000000000000000000 ) ) ;
#1298 = VERTEX_POINT ( 'NONE', #2575 ) ;
#1299 = FACE_OUTER_BOUND ( 'NONE', #243, .T. ) ;
#1300 = CARTESIAN_POINT ( 'NONE',  ( 12.30000000000000200, -8.300000000000002500, 11.19999999999999200 ) ) ;
#1301 = STYLED_ITEM ( 'NONE', ( #68 ), #3844 ) ;
#1302 = ORIENTED_EDGE ( 'NONE', *, *, #519, .T. ) ;
#1303 = ORIENTED_EDGE ( 'NONE', *, *, #3772, .F. ) ;
#1304 = CARTESIAN_POINT ( 'NONE',  ( -11.43000906917926200, -0.8000000000000000400, -10.49999999999999100 ) ) ;
#1305 = CARTESIAN_POINT ( 'NONE',  ( 11.20000000000001000, 0.0000000000000000000, 12.70000000000002100 ) ) ;
#1306 = EDGE_LOOP ( 'NONE', ( #923, #1418 ) ) ;
#1307 = PRODUCT_DEFINITION_CONTEXT ( 'detailed design', #3380, 'design' ) ;
#1308 = CARTESIAN_POINT ( 'NONE',  ( 5.100000000000005000, 0.8000000000000001600, -10.15000000000001100 ) ) ;
#1309 = ORIENTED_EDGE ( 'NONE', *, *, #3475, .T. ) ;
#1310 = EDGE_CURVE ( 'NONE', #3273, #93, #3435, .T. ) ;
#1311 = AXIS2_PLACEMENT_3D ( 'NONE', #149, #1327, #3426 ) ;
#1312 = ORIENTED_EDGE ( 'NONE', *, *, #2901, .F. ) ;
#1313 = DIRECTION ( 'NONE',  ( 7.395570986446985700E-032, 1.000000000000000000, 7.982189977661023200E-032 ) ) ;
#1314 = AXIS2_PLACEMENT_3D ( 'NONE', #971, #1880, #918 ) ;
#1315 = AXIS2_PLACEMENT_3D ( 'NONE', #1576, #3407, #2817 ) ;
#1316 = DIRECTION ( 'NONE',  ( 0.0000000000000000000, 0.0000000000000000000, -1.000000000000000000 ) ) ;
#1317 = LINE ( 'NONE', #925, #1839 ) ;
#1318 = DIRECTION ( 'NONE',  ( 1.000000000000000000, 0.0000000000000000000, 0.0000000000000000000 ) ) ;
#1319 = DIRECTION ( 'NONE',  ( 0.0000000000000000000, 0.0000000000000000000, -1.000000000000000000 ) ) ;
#1320 = VECTOR ( 'NONE', #346, 1000.000000000000000 ) ;
#1321 = DIRECTION ( 'NONE',  ( 0.0000000000000000000, 1.000000000000000000, 0.0000000000000000000 ) ) ;
#1322 = FACE_OUTER_BOUND ( 'NONE', #772, .T. ) ;
#1323 = EDGE_CURVE ( 'NONE', #2005, #3411, #3128, .T. ) ;
#1324 = AXIS2_PLACEMENT_3D ( 'NONE', #2390, #2350, #1443 ) ;
#1325 = CARTESIAN_POINT ( 'NONE',  ( 11.30000000000001000, 0.5000000000000000000, -12.30000000000002600 ) ) ;
#1326 = VECTOR ( 'NONE', #3184, 1000.000000000000000 ) ;
#1327 = DIRECTION ( 'NONE',  ( 7.395570986446985700E-032, 1.000000000000000000, 7.982189977661023200E-032 ) ) ;
#1328 = FACE_OUTER_BOUND ( 'NONE', #1491, .T. ) ;
#1329 = DIRECTION ( 'NONE',  ( 2.231741529848958500E-017, 0.9832549075639543900, -0.1822355254921480500 ) ) ;
#1330 = ORIENTED_EDGE ( 'NONE', *, *, #758, .F. ) ;
#1331 = CARTESIAN_POINT ( 'NONE',  ( 0.0000000000000000000, 0.0000000000000000000, 0.0000000000000000000 ) ) ;
#1332 = AXIS2_PLACEMENT_3D ( 'NONE', #946, #980, #3106 ) ;
#1333 = DIRECTION ( 'NONE',  ( 0.0000000000000000000, 1.000000000000000000, 0.0000000000000000000 ) ) ;
#1334 = ORIENTED_EDGE ( 'NONE', *, *, #3737, .T. ) ;
#1335 = EDGE_CURVE ( 'NONE', #736, #3088, #2639, .T. ) ;
#1336 = DIRECTION ( 'NONE',  ( 0.0000000000000000000, 1.000000000000000000, 0.0000000000000000000 ) ) ;
#1337 = VERTEX_POINT ( 'NONE', #2264 ) ;
#1338 = CONICAL_SURFACE ( 'NONE', #3056, 0.7000000000000009500, 0.1832595714594050000 ) ;
#1339 = DIRECTION ( 'NONE',  ( 0.0000000000000000000, 0.0000000000000000000, -1.000000000000000000 ) ) ;
#1340 = ORIENTED_EDGE ( 'NONE', *, *, #3220, .F. ) ;
#1341 = PLANE ( 'NONE',  #1573 ) ;
#1342 = ORIENTED_EDGE ( 'NONE', *, *, #951, .F. ) ;
#1343 = VECTOR ( 'NONE', #810, 1000.000000000000000 ) ;
#1344 = CARTESIAN_POINT ( 'NONE',  ( -11.70000000000001200, 1.500000000000000000, -11.30000000000001100 ) ) ;
#1345 = ORIENTED_EDGE ( 'NONE', *, *, #1961, .F. ) ;
#1346 = DIRECTION ( 'NONE',  ( 4.930380657631317200E-032, -7.982189977661013400E-032, -1.000000000000000000 ) ) ;
#1347 = CARTESIAN_POINT ( 'NONE',  ( -10.20000000000001000, 0.8000000000000001600, -9.450000000000009900 ) ) ;
#1348 = ORIENTED_EDGE ( 'NONE', *, *, #2773, .T. ) ;
#1349 = EDGE_LOOP ( 'NONE', ( #1636, #1429, #119, #2624 ) ) ;
#1350 = DIRECTION ( 'NONE',  ( 0.0000000000000000000, 1.000000000000000000, 0.0000000000000000000 ) ) ;
#1351 = EDGE_LOOP ( 'NONE', ( #1580, #926, #3381, #539 ) ) ;
#1352 = CARTESIAN_POINT ( 'NONE',  ( -5.100000000000005000, 0.0000000000000000000, -10.15000000000001100 ) ) ;
#1353 = DIRECTION ( 'NONE',  ( 0.0000000000000000000, 0.0000000000000000000, 1.000000000000000000 ) ) ;
#1354 = AXIS2_PLACEMENT_3D ( 'NONE', #1356, #166, #726 ) ;
#1355 = EDGE_LOOP ( 'NONE', ( #2628, #2629, #1664, #1875 ) ) ;
#1356 = CARTESIAN_POINT ( 'NONE',  ( -11.30000000000001100, 1.500000000000000000, -11.30000000000001100 ) ) ;
#1357 = DIRECTION ( 'NONE',  ( -1.000000000000000000, -7.395570986446976900E-032, 1.535153518563545300E-016 ) ) ;
#1358 = EDGE_CURVE ( 'NONE', #2424, #280, #1932, .T. ) ;
#1359 = EDGE_LOOP ( 'NONE', ( #1950, #2429 ) ) ;
#1360 = CARTESIAN_POINT ( 'NONE',  ( -10.50000000000000000, -0.8000000000000000400, -10.50000000000000000 ) ) ;
#1361 = CARTESIAN_POINT ( 'NONE',  ( -10.19999999999999900, 5.599999999999999600, 10.15000000000000000 ) ) ;
#1362 = VECTOR ( 'NONE', #1156, 1000.000000000000000 ) ;
#1363 = AXIS2_PLACEMENT_3D ( 'NONE', #538, #853, #3269 ) ;
#1364 = VECTOR ( 'NONE', #2226, 1000.000000000000000 ) ;
#1365 = EDGE_CURVE ( 'NONE', #3192, #3643, #1043, .T. ) ;
#1366 = FACE_BOUND ( 'NONE', #1592, .T. ) ;
#1367 = AXIS2_PLACEMENT_3D ( 'NONE', #2616, #1744, #1396 ) ;
#1368 = DIRECTION ( 'NONE',  ( -7.395570986446985700E-032, -1.000000000000000000, -7.982189977661023200E-032 ) ) ;
#1369 = FACE_BOUND ( 'NONE', #1750, .T. ) ;
#1370 = VERTEX_POINT ( 'NONE', #476 ) ;
#1371 = CIRCLE ( 'NONE', #3353, 0.4000000000000010200 ) ;
#1372 = DIRECTION ( 'NONE',  ( 7.395570986446985700E-032, 1.000000000000000000, 7.982189977661023200E-032 ) ) ;
#1373 = AXIS2_PLACEMENT_3D ( 'NONE', #765, #1717, #2630 ) ;
#1374 = VECTOR ( 'NONE', #2562, 1000.000000000000000 ) ;
#1375 = CONICAL_SURFACE ( 'NONE', #3857, 0.7000000000000009500, 0.1832595714594050000 ) ;
#1376 = DIRECTION ( 'NONE',  ( -0.0000000000000000000, -1.000000000000000000, -0.0000000000000000000 ) ) ;
#1377 = ORIENTED_EDGE ( 'NONE', *, *, #1378, .F. ) ;
#1378 = EDGE_CURVE ( 'NONE', #1955, #3843, #1743, .T. ) ;
#1379 = LINE ( 'NONE', #1197, #630 ) ;
#1380 = AXIS2_PLACEMENT_3D ( 'NONE', #2228, #1333, #2832 ) ;
#1381 = EDGE_LOOP ( 'NONE', ( #164, #730, #2116, #1774 ) ) ;
#1382 = FACE_OUTER_BOUND ( 'NONE', #1005, .T. ) ;
#1383 = EDGE_CURVE ( 'NONE', #1905, #996, #2594, .T. ) ;
#1384 = DIRECTION ( 'NONE',  ( 0.0000000000000000000, 1.000000000000000000, 0.0000000000000000000 ) ) ;
#1385 = VERTEX_POINT ( 'NONE', #785 ) ;
#1386 = CARTESIAN_POINT ( 'NONE',  ( -11.20000000000000100, -8.300000000000002500, -11.19999999999999900 ) ) ;
#1387 = ORIENTED_EDGE ( 'NONE', *, *, #762, .T. ) ;
#1388 = ADVANCED_FACE ( 'NONE', ( #1322, #242 ), #139, .T. ) ;
#1389 = DIRECTION ( 'NONE',  ( 0.0000000000000000000, 1.000000000000000000, 0.0000000000000000000 ) ) ;
#1390 = ORIENTED_EDGE ( 'NONE', *, *, #1241, .T. ) ;
#1391 = ORIENTED_EDGE ( 'NONE', *, *, #1280, .T. ) ;
#1392 = EDGE_CURVE ( 'NONE', #1051, #1445, #2877, .T. ) ;
#1393 =( GEOMETRIC_REPRESENTATION_CONTEXT ( 3 ) GLOBAL_UNCERTAINTY_ASSIGNED_CONTEXT ( ( #648 ) ) GLOBAL_UNIT_ASSIGNED_CONTEXT ( ( #3513, #1707, #1736 ) ) REPRESENTATION_CONTEXT ( 'NONE', 'WORKASPACE' ) );
#1394 = ORIENTED_EDGE ( 'NONE', *, *, #3576, .F. ) ;
#1395 = EDGE_LOOP ( 'NONE', ( #796, #1222, #2859, #3650 ) ) ;
#1396 = DIRECTION ( 'NONE',  ( 1.000000000000000000, 7.395570986446975800E-032, -6.779273404243061400E-032 ) ) ;
#1397 = PLANE ( 'NONE',  #2385 ) ;
#1398 = AXIS2_PLACEMENT_3D ( 'NONE', #2234, #108, #713 ) ;
#1399 = DIRECTION ( 'NONE',  ( 0.0000000000000000000, 0.0000000000000000000, 1.000000000000000000 ) ) ;
#1400 = DIRECTION ( 'NONE',  ( -7.395570986446985700E-032, -1.000000000000000000, -7.982189977661023200E-032 ) ) ;
#1401 = CARTESIAN_POINT ( 'NONE',  ( -11.30000000000001000, 1.500000000000000000, 11.70000000000001200 ) ) ;
#1402 = CIRCLE ( 'NONE', #192, 1.100000000000000300 ) ;
#1403 = EDGE_LOOP ( 'NONE', ( #728, #1577 ) ) ;
#1404 = EDGE_CURVE ( 'NONE', #3463, #1568, #941, .T. ) ;
#1405 = CYLINDRICAL_SURFACE ( 'NONE', #1127, 0.5000000000000004400 ) ;
#1406 = ADVANCED_FACE ( 'NONE', ( #339 ), #2235, .T. ) ;
#1407 = CARTESIAN_POINT ( 'NONE',  ( -11.20000000000000100, -9.400000000000002100, 11.19999999999999900 ) ) ;
#1408 = VECTOR ( 'NONE', #91, 1000.000000000000000 ) ;
#1409 = CARTESIAN_POINT ( 'NONE',  ( -11.20000000000000100, -8.300000000000002500, -11.19999999999999900 ) ) ;
#1410 = DIRECTION ( 'NONE',  ( 1.000000000000000000, 7.395570986446975800E-032, -6.779273404243061400E-032 ) ) ;
#1411 = FACE_OUTER_BOUND ( 'NONE', #3458, .T. ) ;
#1412 = CARTESIAN_POINT ( 'NONE',  ( 11.30000000000001100, 1.500000000000000000, -12.30000000000002600 ) ) ;
#1413 = CARTESIAN_POINT ( 'NONE',  ( -12.70000000000001900, 0.0000000000000000000, 11.20000000000000800 ) ) ;
#1414 = CARTESIAN_POINT ( 'NONE',  ( -11.20000000000000800, 0.5000000000000000000, 11.20000000000001000 ) ) ;
#1415 = VECTOR ( 'NONE', #3015, 1000.000000000000100 ) ;
#1416 = COLOUR_RGB ( '',0.7529411764705882200, 0.7529411764705882200, 0.7529411764705882200 ) ;
#1417 = CARTESIAN_POINT ( 'NONE',  ( -5.100000000000005000, 0.8000000000000001600, -10.85000000000001200 ) ) ;
#1418 = ORIENTED_EDGE ( 'NONE', *, *, #1142, .T. ) ;
#1419 = CIRCLE ( 'NONE', #711, 0.5517287640547738900 ) ;
#1420 = EDGE_LOOP ( 'NONE', ( #3221, #3039 ) ) ;
#1421 = FACE_OUTER_BOUND ( 'NONE', #3878, .T. ) ;
#1422 = ADVANCED_FACE ( 'NONE', ( #2081 ), #3214, .T. ) ;
#1423 = CARTESIAN_POINT ( 'NONE',  ( -4.200000000000000200, -1.200000000000000200, 4.000000000000001800 ) ) ;
#1424 = EDGE_CURVE ( 'NONE', #3240, #1781, #897, .T. ) ;
#1425 = DIRECTION ( 'NONE',  ( 0.0000000000000000000, 0.0000000000000000000, 1.000000000000000000 ) ) ;
#1426 = VERTEX_POINT ( 'NONE', #1700 ) ;
#1427 = CARTESIAN_POINT ( 'NONE',  ( 10.19999999999999900, 5.599999999999999600, 10.65000000000000200 ) ) ;
#1428 = DIRECTION ( 'NONE',  ( 9.462128050782581700E-015, -1.000000000000000000, 0.0000000000000000000 ) ) ;
#1429 = ORIENTED_EDGE ( 'NONE', *, *, #270, .T. ) ;
#1430 = DIRECTION ( 'NONE',  ( 0.0000000000000000000, 7.982189977661017700E-032, 1.000000000000000000 ) ) ;
#1431 = AXIS2_PLACEMENT_3D ( 'NONE', #826, #3848, #2024 ) ;
#1432 = AXIS2_PLACEMENT_3D ( 'NONE', #37, #1549, #944 ) ;
#1433 = FILL_AREA_STYLE ('',( #3531 ) ) ;
#1434 = ORIENTED_EDGE ( 'NONE', *, *, #610, .F. ) ;
#1435 = ORIENTED_EDGE ( 'NONE', *, *, #2068, .T. ) ;
#1436 = CARTESIAN_POINT ( 'NONE',  ( 2.550000000000002900, 3.252606517456513300E-016, 10.15000000000001100 ) ) ;
#1437 = MECHANICAL_DESIGN_GEOMETRIC_PRESENTATION_REPRESENTATION (  '', ( #1301 ), #3127 ) ;
#1438 = ORIENTED_EDGE ( 'NONE', *, *, #233, .F. ) ;
#1439 = EDGE_LOOP ( 'NONE', ( #1820, #1465, #3612, #3696 ) ) ;
#1440 = SHAPE_DEFINITION_REPRESENTATION ( #3818, #2903 ) ;
#1441 = CARTESIAN_POINT ( 'NONE',  ( 5.100000000000005000, 0.8000000000000001600, -10.15000000000001100 ) ) ;
#1442 = DIRECTION ( 'NONE',  ( 0.0000000000000000000, -0.0000000000000000000, 1.000000000000000000 ) ) ;
#1443 = DIRECTION ( 'NONE',  ( 0.0000000000000000000, 0.0000000000000000000, 1.000000000000000000 ) ) ;
#1444 = ORIENTED_EDGE ( 'NONE', *, *, #190, .T. ) ;
#1445 = VERTEX_POINT ( 'NONE', #2007 ) ;
#1446 =( GEOMETRIC_REPRESENTATION_CONTEXT ( 3 ) GLOBAL_UNCERTAINTY_ASSIGNED_CONTEXT ( ( #571 ) ) GLOBAL_UNIT_ASSIGNED_CONTEXT ( ( #3863, #2067, #574 ) ) REPRESENTATION_CONTEXT ( 'NONE', 'WORKASPACE' ) );
#1447 = CARTESIAN_POINT ( 'NONE',  ( 8.572527594031554500E-017, 0.8000000000000001600, -10.85000000000001200 ) ) ;
#1448 = ADVANCED_FACE ( 'NONE', ( #480 ), #1397, .T. ) ;
#1449 = DIRECTION ( 'NONE',  ( 0.0000000000000000000, 0.0000000000000000000, 1.000000000000000000 ) ) ;
#1450 = VECTOR ( 'NONE', #465, 1000.000000000000000 ) ;
#1451 = ORIENTED_EDGE ( 'NONE', *, *, #3726, .F. ) ;
#1452 = SURFACE_STYLE_USAGE ( .BOTH. , #3267 ) ;
#1453 = EDGE_CURVE ( 'NONE', #2998, #1942, #1282, .T. ) ;
#1454 = LINE ( 'NONE', #3529, #1362 ) ;
#1455 = CIRCLE ( 'NONE', #3642, 0.3999999999999993000 ) ;
#1456 = CARTESIAN_POINT ( 'NONE',  ( -12.70000000000000100, -8.300000000000002500, -11.19999999999998900 ) ) ;
#1457 = DIRECTION ( 'NONE',  ( 0.0000000000000000000, 1.000000000000000000, 0.0000000000000000000 ) ) ;
#1458 = CARTESIAN_POINT ( 'NONE',  ( -11.19999999999998900, -8.300000000000002500, 12.30000000000000100 ) ) ;
#1459 = CARTESIAN_POINT ( 'NONE',  ( 4.199999999999999300, -0.8000000000000000400, 4.000000000000000000 ) ) ;
#1460 = FACE_OUTER_BOUND ( 'NONE', #2015, .T. ) ;
#1461 = EDGE_CURVE ( 'NONE', #3104, #403, #3806, .T. ) ;
#1462 = ORIENTED_EDGE ( 'NONE', *, *, #122, .F. ) ;
#1463 = DIRECTION ( 'NONE',  ( -4.930380657631317200E-032, 7.982189977661013400E-032, 1.000000000000000000 ) ) ;
#1464 = LINE ( 'NONE', #459, #2495 ) ;
#1465 = ORIENTED_EDGE ( 'NONE', *, *, #1768, .F. ) ;
#1466 = CIRCLE ( 'NONE', #2618, 0.5000000000000004400 ) ;
#1467 =( NAMED_UNIT ( * ) SI_UNIT ( $, .STERADIAN. ) SOLID_ANGLE_UNIT ( ) );
#1468 = ADVANCED_FACE ( 'NONE', ( #992 ), #2873, .T. ) ;
#1469 = CARTESIAN_POINT ( 'NONE',  ( -5.100000000000005000, 4.404003810825311500E-032, -10.70172876405478300 ) ) ;
#1470 = LINE ( 'NONE', #1733, #15 ) ;
#1471 = LINE ( 'NONE', #2489, #581 ) ;
#1472 = EDGE_CURVE ( 'NONE', #2836, #591, #478, .T. ) ;
#1473 = AXIS2_PLACEMENT_3D ( 'NONE', #241, #256, #17 ) ;
#1474 = DIRECTION ( 'NONE',  ( 0.0000000000000000000, 1.000000000000000000, 0.0000000000000000000 ) ) ;
#1475 = DIRECTION ( 'NONE',  ( 1.000000000000000000, 0.0000000000000000000, -0.0000000000000000000 ) ) ;
#1476 = EDGE_LOOP ( 'NONE', ( #3117, #1342, #1435, #177 ) ) ;
#1477 = FACE_BOUND ( 'NONE', #2806, .T. ) ;
#1478 = DIRECTION ( 'NONE',  ( 1.000000000000000000, 8.628166150854806800E-032, -7.675767592817736600E-017 ) ) ;
#1479 = CARTESIAN_POINT ( 'NONE',  ( 0.0000000000000000000, -0.8000000000000000400, 10.15000000000000000 ) ) ;
#1480 = ORIENTED_EDGE ( 'NONE', *, *, #3021, .F. ) ;
#1481 = CARTESIAN_POINT ( 'NONE',  ( -11.20000000000000800, 0.5000000000000000000, 12.70000000000002100 ) ) ;
#1482 = VERTEX_POINT ( 'NONE', #1969 ) ;
#1483 = SURFACE_STYLE_USAGE ( .BOTH. , #3327 ) ;
#1484 = EDGE_LOOP ( 'NONE', ( #1829, #2229, #552, #3323 ) ) ;
#1485 = ORIENTED_EDGE ( 'NONE', *, *, #3850, .F. ) ;
#1486 = EDGE_CURVE ( 'NONE', #3790, #2100, #615, .T. ) ;
#1487 = VERTEX_POINT ( 'NONE', #2883 ) ;
#1488 = ORIENTED_EDGE ( 'NONE', *, *, #1794, .F. ) ;
#1489 = DIRECTION ( 'NONE',  ( 0.0000000000000000000, 0.0000000000000000000, -1.000000000000000000 ) ) ;
#1490 = CARTESIAN_POINT ( 'NONE',  ( -11.20000000000000100, 0.0000000000000000000, -11.19999999999999900 ) ) ;
#1491 = EDGE_LOOP ( 'NONE', ( #3154, #2206, #1270, #3830 ) ) ;
#1492 =( NAMED_UNIT ( * ) PLANE_ANGLE_UNIT ( ) SI_UNIT ( $, .RADIAN. ) );
#1493 = PRESENTATION_LAYER_ASSIGNMENT (  '', '', ( #1565 ) ) ;
#1494 = ORIENTED_EDGE ( 'NONE', *, *, #311, .F. ) ;
#1495 = CARTESIAN_POINT ( 'NONE',  ( 4.199999999999999300, -0.8000000000000000400, -4.000000000000000000 ) ) ;
#1496 = ORIENTED_EDGE ( 'NONE', *, *, #1404, .T. ) ;
#1497 = CARTESIAN_POINT ( 'NONE',  ( -10.15000000000000200, -0.8000000000000000400, -10.15000000000000000 ) ) ;
#1498 = ORIENTED_EDGE ( 'NONE', *, *, #391, .T. ) ;
#1499 = LINE ( 'NONE', #2623, #2214 ) ;
#1500 = DIRECTION ( 'NONE',  ( 0.0000000000000000000, 0.0000000000000000000, 1.000000000000000000 ) ) ;
#1501 = EDGE_LOOP ( 'NONE', ( #1951, #1521, #872, #329 ) ) ;
#1502 = DIRECTION ( 'NONE',  ( 0.0000000000000000000, 0.9961946980917455500, -0.08715574274765820800 ) ) ;
#1503 = CIRCLE ( 'NONE', #1324, 0.5000000000000004400 ) ;
#1504 =( NAMED_UNIT ( * ) SI_UNIT ( $, .STERADIAN. ) SOLID_ANGLE_UNIT ( ) );
#1505 = EDGE_CURVE ( 'NONE', #2762, #739, #1971, .T. ) ;
#1506 = AXIS2_PLACEMENT_3D ( 'NONE', #2600, #1972, #2259 ) ;
#1507 = ADVANCED_FACE ( 'NONE', ( #3578 ), #1405, .T. ) ;
#1508 = CARTESIAN_POINT ( 'NONE',  ( -5.100000000000005000, 0.8000000000000001600, -9.450000000000009900 ) ) ;
#1509 = DIRECTION ( 'NONE',  ( 6.373240956641827900E-032, 0.9832549075639543900, 0.1822355254921480500 ) ) ;
#1510 = DIRECTION ( 'NONE',  ( 0.0000000000000000000, 1.000000000000000000, 0.0000000000000000000 ) ) ;
#1511 = AXIS2_PLACEMENT_3D ( 'NONE', #954, #74, #942 ) ;
#1512 = LINE ( 'NONE', #2494, #430 ) ;
#1513 = CARTESIAN_POINT ( 'NONE',  ( -11.19999999999999000, -8.300000000000002500, -11.19999999999999900 ) ) ;
#1514 = SHAPE_REPRESENTATION ( 'DKMW30 BASE-1060103', ( #216 ), #695 ) ;
#1515 = CIRCLE ( 'NONE', #1267, 0.7375340094222266900 ) ;
#1516 = ORIENTED_EDGE ( 'NONE', *, *, #458, .F. ) ;
#1517 = ORIENTED_EDGE ( 'NONE', *, *, #1986, .T. ) ;
#1518 = CIRCLE ( 'NONE', #3450, 0.7000000000000009500 ) ;
#1519 = DIRECTION ( 'NONE',  ( 0.0000000000000000000, 1.000000000000000000, 0.0000000000000000000 ) ) ;
#1520 = CARTESIAN_POINT ( 'NONE',  ( 6.455813470083234300E-031, 0.8000000000000001600, -9.450000000000009900 ) ) ;
#1521 = ORIENTED_EDGE ( 'NONE', *, *, #3889, .T. ) ;
#1522 = EDGE_CURVE ( 'NONE', #2584, #2900, #1503, .T. ) ;
#1523 = AXIS2_PLACEMENT_3D ( 'NONE', #2703, #886, #2645 ) ;
#1524 = VECTOR ( 'NONE', #1346, 1000.000000000000000 ) ;
#1525 = CARTESIAN_POINT ( 'NONE',  ( -11.43000906917926200, -0.8000000000000000400, -10.49999999999999100 ) ) ;
#1526 = PLANE ( 'NONE',  #3401 ) ;
#1527 = ORIENTED_EDGE ( 'NONE', *, *, #3796, .F. ) ;
#1528 = ADVANCED_FACE ( 'NONE', ( #2351, #2172, #2079, #710, #3715, #3025, #3862, #1366, #2783, #1551, #3175 ), #1170, .F. ) ;
#1529 = ORIENTED_EDGE ( 'NONE', *, *, #122, .T. ) ;
#1530 = DIRECTION ( 'NONE',  ( 0.0000000000000000000, 0.0000000000000000000, 1.000000000000000000 ) ) ;
#1531 = AXIS2_PLACEMENT_3D ( 'NONE', #1876, #669, #2195 ) ;
#1532 = EDGE_LOOP ( 'NONE', ( #3416, #3545, #495, #1334 ) ) ;
#1533 =( NAMED_UNIT ( * ) SI_UNIT ( $, .STERADIAN. ) SOLID_ANGLE_UNIT ( ) );
#1534 = EDGE_LOOP ( 'NONE', ( #3186, #2478, #891, #3441 ) ) ;
#1535 = VERTEX_POINT ( 'NONE', #3194 ) ;
#1536 = DIRECTION ( 'NONE',  ( 0.0000000000000000000, 0.0000000000000000000, 1.000000000000000000 ) ) ;
#1537 = CARTESIAN_POINT ( 'NONE',  ( -11.30000000000000800, 1.500000000000000000, 12.30000000000002000 ) ) ;
#1538 = EDGE_CURVE ( 'NONE', #3687, #3060, #568, .T. ) ;
#1539 = DIRECTION ( 'NONE',  ( -1.000000000000000000, 0.0000000000000000000, 0.0000000000000000000 ) ) ;
#1540 = ORIENTED_EDGE ( 'NONE', *, *, #2336, .T. ) ;
#1541 = CARTESIAN_POINT ( 'NONE',  ( 11.19999999999999800, -8.300000000000002500, -11.19999999999999900 ) ) ;
#1542 = EDGE_LOOP ( 'NONE', ( #778, #3505, #2524, #3840 ) ) ;
#1543 = DIRECTION ( 'NONE',  ( 0.0000000000000000000, 0.0000000000000000000, -1.000000000000000000 ) ) ;
#1544 = ORIENTED_EDGE ( 'NONE', *, *, #2946, .F. ) ;
#1545 = FACE_OUTER_BOUND ( 'NONE', #2535, .T. ) ;
#1546 = EDGE_LOOP ( 'NONE', ( #174, #2126, #2889 ) ) ;
#1547 = ADVANCED_FACE ( 'NONE', ( #522 ), #598, .F. ) ;
#1548 = DIRECTION ( 'NONE',  ( -1.000000000000000000, 0.0000000000000000000, -0.0000000000000000000 ) ) ;
#1549 = DIRECTION ( 'NONE',  ( 0.0000000000000000000, 1.000000000000000000, 0.0000000000000000000 ) ) ;
#1550 = AXIS2_PLACEMENT_3D ( 'NONE', #469, #1913, #3488 ) ;
#1551 = FACE_BOUND ( 'NONE', #2905, .T. ) ;
#1552 = DIRECTION ( 'NONE',  ( 0.0000000000000000000, -0.0000000000000000000, 1.000000000000000000 ) ) ;
#1553 = DIRECTION ( 'NONE',  ( 0.0000000000000000000, 0.0000000000000000000, 1.000000000000000000 ) ) ;
#1554 = FACE_BOUND ( 'NONE', #1120, .T. ) ;
#1555 = APPLICATION_CONTEXT ( 'automotive_design' ) ;
#1556 = UNCERTAINTY_MEASURE_WITH_UNIT (LENGTH_MEASURE( 1.000000000000000100E-005 ), #2723, 'distance_accuracy_value', 'NONE');
#1557 = EDGE_CURVE ( 'NONE', #3240, #363, #3391, .T. ) ;
#1558 = CARTESIAN_POINT ( 'NONE',  ( 11.30000000000001100, 0.7999999999999999300, -11.30000000000001500 ) ) ;
#1559 = CARTESIAN_POINT ( 'NONE',  ( -10.19999999999999900, 5.599999999999999600, 9.650000000000000400 ) ) ;
#1560 = CIRCLE ( 'NONE', #330, 1.100000000000000300 ) ;
#1561 = AXIS2_PLACEMENT_3D ( 'NONE', #3290, #3607, #1228 ) ;
#1562 = EDGE_CURVE ( 'NONE', #1133, #320, #2973, .T. ) ;
#1563 = CIRCLE ( 'NONE', #400, 1.499999999999999600 ) ;
#1564 = CARTESIAN_POINT ( 'NONE',  ( -12.70000000000000100, -9.800000000000000700, -11.19999999999998900 ) ) ;
#1565 = STYLED_ITEM ( 'NONE', ( #2224 ), #1801 ) ;
#1566 = ORIENTED_EDGE ( 'NONE', *, *, #2924, .F. ) ;
#1567 = LINE ( 'NONE', #3051, #120 ) ;
#1568 = VERTEX_POINT ( 'NONE', #3565 ) ;
#1569 = ORIENTED_EDGE ( 'NONE', *, *, #35, .F. ) ;
#1570 = APPLICATION_PROTOCOL_DEFINITION ( 'draft international standard', 'automotive_design', 1998, #671 ) ;
#1571 = ORIENTED_EDGE ( 'NONE', *, *, #3825, .F. ) ;
#1572 = PRESENTATION_STYLE_ASSIGNMENT (( #2052 ) ) ;
#1573 = AXIS2_PLACEMENT_3D ( 'NONE', #1683, #2189, #1864 ) ;
#1574 = CARTESIAN_POINT ( 'NONE',  ( -10.15000000000000900, 0.7999999999999999300, 9.450000000000009900 ) ) ;
#1575 = ORIENTED_EDGE ( 'NONE', *, *, #2545, .F. ) ;
#1576 = CARTESIAN_POINT ( 'NONE',  ( -5.100000000000005000, 0.8000000000000001600, -10.15000000000001100 ) ) ;
#1577 = ORIENTED_EDGE ( 'NONE', *, *, #2874, .T. ) ;
#1578 = CARTESIAN_POINT ( 'NONE',  ( -11.20000000000001200, 0.5000000000000000000, -12.70000000000002100 ) ) ;
#1579 = EDGE_CURVE ( 'NONE', #739, #1781, #2920, .T. ) ;
#1580 = ORIENTED_EDGE ( 'NONE', *, *, #2466, .F. ) ;
#1581 = EDGE_LOOP ( 'NONE', ( #2937, #2059 ) ) ;
#1582 = ORIENTED_EDGE ( 'NONE', *, *, #2567, .T. ) ;
#1583 = AXIS2_PLACEMENT_3D ( 'NONE', #3555, #3812, #1463 ) ;
#1584 = FILL_AREA_STYLE_COLOUR ( '', #205 ) ;
#1585 = CARTESIAN_POINT ( 'NONE',  ( -4.200000000000000200, 0.8000000000000000400, 4.000000000000001800 ) ) ;
#1586 = EDGE_CURVE ( 'NONE', #3246, #409, #2128, .T. ) ;
#1587 = CARTESIAN_POINT ( 'NONE',  ( 0.0000000000000000000, 5.599999999999999600, 10.15000000000000000 ) ) ;
#1588 = ORIENTED_EDGE ( 'NONE', *, *, #1824, .T. ) ;
#1589 = DIRECTION ( 'NONE',  ( 0.0000000000000000000, 0.0000000000000000000, 1.000000000000000000 ) ) ;
#1590 = CARTESIAN_POINT ( 'NONE',  ( 4.200000000000002800, -1.200000000000000200, -4.000000000000008900 ) ) ;
#1591 = CARTESIAN_POINT ( 'NONE',  ( -10.49999999999999100, 0.0000000000000000000, -11.50000000000000000 ) ) ;
#1592 = EDGE_LOOP ( 'NONE', ( #2276, #325 ) ) ;
#1593 = CIRCLE ( 'NONE', #2237, 1.100000000000000300 ) ;
#1594 = EDGE_LOOP ( 'NONE', ( #2209, #1130, #2013, #1309 ) ) ;
#1595 = CIRCLE ( 'NONE', #2532, 0.4000000000000010200 ) ;
#1596 = DIRECTION ( 'NONE',  ( 0.0000000000000000000, 0.0000000000000000000, -1.000000000000000000 ) ) ;
#1597 = PLANE ( 'NONE',  #2286 ) ;
#1598 = DIRECTION ( 'NONE',  ( 2.231741529848958500E-017, 0.9832549075639543900, -0.1822355254921480500 ) ) ;
#1599 = DIRECTION ( 'NONE',  ( -6.829619984160653100E-017, -7.260463856580751100E-032, -1.000000000000000000 ) ) ;
#1600 = DIRECTION ( 'NONE',  ( -1.000000000000000000, 0.0000000000000000000, 0.0000000000000000000 ) ) ;
#1601 = AXIS2_PLACEMENT_3D ( 'NONE', #3112, #2534, #3130 ) ;
#1602 = DIRECTION ( 'NONE',  ( 0.0000000000000000000, 0.0000000000000000000, 1.000000000000000000 ) ) ;
#1603 = VECTOR ( 'NONE', #3248, 1000.000000000000100 ) ;
#1604 = CARTESIAN_POINT ( 'NONE',  ( 2.549999999999997200, 5.599999999999999600, -9.650000000000000400 ) ) ;
#1605 = VECTOR ( 'NONE', #201, 1000.000000000000000 ) ;
#1606 = EDGE_CURVE ( 'NONE', #3687, #217, #668, .T. ) ;
#1607 = SURFACE_STYLE_FILL_AREA ( #3016 ) ;
#1608 = ORIENTED_EDGE ( 'NONE', *, *, #2171, .F. ) ;
#1609 = DIRECTION ( 'NONE',  ( 0.0000000000000000000, 0.0000000000000000000, 1.000000000000000000 ) ) ;
#1610 = ORIENTED_EDGE ( 'NONE', *, *, #227, .T. ) ;
#1611 = CIRCLE ( 'NONE', #3336, 1.500000000000001300 ) ;
#1612 = CARTESIAN_POINT ( 'NONE',  ( 4.199999999999999300, -0.8000000000000000400, 4.000000000000000000 ) ) ;
#1613 = ORIENTED_EDGE ( 'NONE', *, *, #3098, .F. ) ;
#1614 = LINE ( 'NONE', #536, #2506 ) ;
#1615 = DIRECTION ( 'NONE',  ( -0.0000000000000000000, -1.000000000000000000, -0.0000000000000000000 ) ) ;
#1616 = ORIENTED_EDGE ( 'NONE', *, *, #733, .T. ) ;
#1617 = ORIENTED_EDGE ( 'NONE', *, *, #1760, .T. ) ;
#1618 = CARTESIAN_POINT ( 'NONE',  ( -2.550000000000002500, 5.599999999999999600, -10.65000000000000200 ) ) ;
#1619 = AXIS2_PLACEMENT_3D ( 'NONE', #2431, #2772, #366 ) ;
#1620 = EDGE_LOOP ( 'NONE', ( #2144, #1161 ) ) ;
#1621 = LINE ( 'NONE', #2023, #2049 ) ;
#1622 = ORIENTED_EDGE ( 'NONE', *, *, #582, .F. ) ;
#1623 = DIRECTION ( 'NONE',  ( 0.0000000000000000000, -0.0000000000000000000, 1.000000000000000000 ) ) ;
#1624 = DIRECTION ( 'NONE',  ( 0.0000000000000000000, 0.0000000000000000000, 1.000000000000000000 ) ) ;
#1625 = EDGE_LOOP ( 'NONE', ( #1716, #1617, #3452, #986 ) ) ;
#1626 = DIRECTION ( 'NONE',  ( 7.395570986446985700E-032, 1.000000000000000000, 7.982189977661023200E-032 ) ) ;
#1627 = VERTEX_POINT ( 'NONE', #1737 ) ;
#1628 = ORIENTED_EDGE ( 'NONE', *, *, #3810, .F. ) ;
#1629 = DIRECTION ( 'NONE',  ( 7.395570986446985700E-032, 1.000000000000000000, 7.982189977661023200E-032 ) ) ;
#1630 = ORIENTED_EDGE ( 'NONE', *, *, #2250, .T. ) ;
#1631 = DIRECTION ( 'NONE',  ( 0.0000000000000000000, 0.0000000000000000000, 1.000000000000000000 ) ) ;
#1632 = CARTESIAN_POINT ( 'NONE',  ( -4.199999999999999300, -0.8000000000000000400, -4.000000000000000000 ) ) ;
#1633 = ITEM_DEFINED_TRANSFORMATION ( 'NONE', 'NONE', #1093,  #216 ) ;
#1634 = EDGE_CURVE ( 'NONE', #559, #2900, #2217, .T. ) ;
#1635 = AXIS2_PLACEMENT_3D ( 'NONE', #2027, #1721, #2289 ) ;
#1636 = ORIENTED_EDGE ( 'NONE', *, *, #3655, .F. ) ;
#1637 = AXIS2_PLACEMENT_3D ( 'NONE', #2737, #1236, #2185 ) ;
#1638 = CARTESIAN_POINT ( 'NONE',  ( 12.30000000000002000, 1.500000000000000000, -11.30000000000001500 ) ) ;
#1639 = DIRECTION ( 'NONE',  ( -1.000000000000000000, -7.395570986446975800E-032, 6.779273404243061400E-032 ) ) ;
#1640 = EDGE_CURVE ( 'NONE', #1133, #30, #2690, .T. ) ;
#1641 = DIRECTION ( 'NONE',  ( 0.0000000000000000000, 1.000000000000000000, 0.0000000000000000000 ) ) ;
#1642 = CIRCLE ( 'NONE', #2260, 1.499999999999999600 ) ;
#1643 = VECTOR ( 'NONE', #2153, 1000.000000000000000 ) ;
#1644 = AXIS2_PLACEMENT_3D ( 'NONE', #3686, #1543, #1240 ) ;
#1645 = PLANE ( 'NONE',  #2008 ) ;
#1646 = LINE ( 'NONE', #3430, #1364 ) ;
#1647 = DIRECTION ( 'NONE',  ( 0.0000000000000000000, 1.000000000000000000, 0.0000000000000000000 ) ) ;
#1648 = VECTOR ( 'NONE', #1204, 1000.000000000000000 ) ;
#1649 = PLANE ( 'NONE',  #1110 ) ;
#1650 = AXIS2_PLACEMENT_3D ( 'NONE', #3758, #3719, #3177 ) ;
#1651 = CARTESIAN_POINT ( 'NONE',  ( -10.19999999999999900, -0.8000000000000000400, 9.650000000000000400 ) ) ;
#1652 = VECTOR ( 'NONE', #466, 1000.000000000000100 ) ;
#1653 = CARTESIAN_POINT ( 'NONE',  ( 11.20000000000000100, -9.800000000000000700, 11.19999999999998900 ) ) ;
#1654 = FACE_OUTER_BOUND ( 'NONE', #3901, .T. ) ;
#1655 = DIRECTION ( 'NONE',  ( 4.930380657631317200E-032, -7.982189977661013400E-032, -1.000000000000000000 ) ) ;
#1656 = EDGE_CURVE ( 'NONE', #3570, #3273, #1886, .T. ) ;
#1657 = VERTEX_POINT ( 'NONE', #3536 ) ;
#1658 = DIRECTION ( 'NONE',  ( 0.0000000000000000000, 1.000000000000000000, 0.0000000000000000000 ) ) ;
#1659 = AXIS2_PLACEMENT_3D ( 'NONE', #1917, #2249, #1053 ) ;
#1660 = CARTESIAN_POINT ( 'NONE',  ( -11.30000000000001100, 0.5000000000000000000, -12.30000000000002200 ) ) ;
#1661 = LINE ( 'NONE', #3115, #678 ) ;
#1662 = VECTOR ( 'NONE', #2479, 1000.000000000000000 ) ;
#1663 = EDGE_CURVE ( 'NONE', #2159, #2823, #1595, .T. ) ;
#1664 = ORIENTED_EDGE ( 'NONE', *, *, #997, .T. ) ;
#1665 = FACE_BOUND ( 'NONE', #2231, .T. ) ;
#1666 = DIRECTION ( 'NONE',  ( 0.0000000000000000000, 1.000000000000000000, 0.0000000000000000000 ) ) ;
#1667 = ORIENTED_EDGE ( 'NONE', *, *, #28, .F. ) ;
#1668 = ORIENTED_EDGE ( 'NONE', *, *, #1323, .T. ) ;
#1669 = ADVANCED_FACE ( 'NONE', ( #2588 ), #800, .T. ) ;
#1670 = CARTESIAN_POINT ( 'NONE',  ( 12.70000000000001900, 3.252606517456513300E-016, -12.70000000000002100 ) ) ;
#1671 = DIRECTION ( 'NONE',  ( 1.000000000000000000, 0.0000000000000000000, 0.0000000000000000000 ) ) ;
#1672 = ORIENTED_EDGE ( 'NONE', *, *, #1202, .F. ) ;
#1673 = VERTEX_POINT ( 'NONE', #3359 ) ;
#1674 = ORIENTED_EDGE ( 'NONE', *, *, #3678, .F. ) ;
#1675 = EDGE_CURVE ( 'NONE', #1070, #2292, #3303, .T. ) ;
#1676 = STYLED_ITEM ( 'NONE', ( #707 ), #2166 ) ;
#1677 = ORIENTED_EDGE ( 'NONE', *, *, #334, .T. ) ;
#1678 = AXIS2_PLACEMENT_3D ( 'NONE', #1046, #2254, #774 ) ;
#1679 = VERTEX_POINT ( 'NONE', #1247 ) ;
#1680 = PRODUCT_DEFINITION_SHAPE ( 'NONE', 'NONE',  #3077 ) ;
#1681 = DIRECTION ( 'NONE',  ( 0.0000000000000000000, 0.0000000000000000000, -1.000000000000000000 ) ) ;
#1682 = CARTESIAN_POINT ( 'NONE',  ( -11.30000000000000800, 1.500000000000000000, 12.30000000000002000 ) ) ;
#1683 = CARTESIAN_POINT ( 'NONE',  ( 12.70000000000001900, 0.4999999999999996700, -12.70000000000002100 ) ) ;
#1684 = ORIENTED_EDGE ( 'NONE', *, *, #1739, .T. ) ;
#1685 = EDGE_CURVE ( 'NONE', #2816, #2762, #3762, .T. ) ;
#1686 = EDGE_LOOP ( 'NONE', ( #2770, #1348, #2205, #463 ) ) ;
#1687 = ADVANCED_FACE ( 'NONE', ( #2488 ), #2400, .F. ) ;
#1688 = DIRECTION ( 'NONE',  ( 0.0000000000000000000, 1.000000000000000000, 0.0000000000000000000 ) ) ;
#1689 = FACE_OUTER_BOUND ( 'NONE', #3408, .T. ) ;
#1690 = CIRCLE ( 'NONE', #2769, 1.100000000000000300 ) ;
#1691 = DIRECTION ( 'NONE',  ( -0.0000000000000000000, -1.000000000000000000, -0.0000000000000000000 ) ) ;
#1692 = LINE ( 'NONE', #3603, #2301 ) ;
#1693 = CARTESIAN_POINT ( 'NONE',  ( 12.70000000000002100, 0.0000000000000000000, 11.20000000000000800 ) ) ;
#1694 = PRODUCT_RELATED_PRODUCT_CATEGORY ( 'part', '', ( #2487 ) ) ;
#1695 = CARTESIAN_POINT ( 'NONE',  ( -11.70000000000001200, 0.8000000000000000400, -11.30000000000001100 ) ) ;
#1696 = CARTESIAN_POINT ( 'NONE',  ( -11.30000000000001000, 0.8000000000000001600, 11.30000000000001100 ) ) ;
#1697 = LINE ( 'NONE', #185, #3533 ) ;
#1698 = LINE ( 'NONE', #1148, #1605 ) ;
#1699 = DIRECTION ( 'NONE',  ( 7.395570986446985700E-032, 1.000000000000000000, 7.982189977661023200E-032 ) ) ;
#1700 = CARTESIAN_POINT ( 'NONE',  ( 11.30000000000001100, 0.5000000000000000000, 12.30000000000001800 ) ) ;
#1701 = ADVANCED_FACE ( 'NONE', ( #1087 ), #1861, .F. ) ;
#1702 = CARTESIAN_POINT ( 'NONE',  ( -10.20000000000001000, 0.8000000000000001600, -10.15000000000001100 ) ) ;
#1703 = ORIENTED_EDGE ( 'NONE', *, *, #1871, .F. ) ;
#1704 = EDGE_CURVE ( 'NONE', #2192, #2035, #6, .T. ) ;
#1705 = FACE_BOUND ( 'NONE', #931, .T. ) ;
#1706 =( GEOMETRIC_REPRESENTATION_CONTEXT ( 3 ) GLOBAL_UNCERTAINTY_ASSIGNED_CONTEXT ( ( #3485 ) ) GLOBAL_UNIT_ASSIGNED_CONTEXT ( ( #207, #2344, #2017 ) ) REPRESENTATION_CONTEXT ( 'NONE', 'WORKASPACE' ) );
#1707 =( NAMED_UNIT ( * ) PLANE_ANGLE_UNIT ( ) SI_UNIT ( $, .RADIAN. ) );
#1708 = DIRECTION ( 'NONE',  ( 0.0000000000000000000, 1.000000000000000000, 0.0000000000000000000 ) ) ;
#1709 = VERTEX_POINT ( 'NONE', #1525 ) ;
#1710 = LINE ( 'NONE', #2664, #3320 ) ;
#1711 = AXIS2_PLACEMENT_3D ( 'NONE', #2814, #429, #1292 ) ;
#1712 = EDGE_CURVE ( 'NONE', #3107, #3358, #1793, .T. ) ;
#1713 = DIRECTION ( 'NONE',  ( -0.0000000000000000000, -1.000000000000000000, -0.0000000000000000000 ) ) ;
#1714 = ORIENTED_EDGE ( 'NONE', *, *, #2343, .T. ) ;
#1715 = CARTESIAN_POINT ( 'NONE',  ( -11.19999999999999000, 0.0000000000000000000, 12.30000000000000100 ) ) ;
#1716 = ORIENTED_EDGE ( 'NONE', *, *, #1059, .F. ) ;
#1717 = DIRECTION ( 'NONE',  ( 0.0000000000000000000, 1.000000000000000000, 0.0000000000000000000 ) ) ;
#1718 = CARTESIAN_POINT ( 'NONE',  ( -10.49999999999999100, -0.8000000000000000400, 11.43000906917926200 ) ) ;
#1719 = EDGE_LOOP ( 'NONE', ( #3448, #3326, #3886, #3385 ) ) ;
#1720 = VERTEX_POINT ( 'NONE', #3334 ) ;
#1721 = DIRECTION ( 'NONE',  ( 0.0000000000000000000, 1.000000000000000000, 0.0000000000000000000 ) ) ;
#1722 = EDGE_CURVE ( 'NONE', #2236, #2622, #1692, .T. ) ;
#1723 = STYLED_ITEM ( 'NONE', ( #2869 ), #1921 ) ;
#1724 = ORIENTED_EDGE ( 'NONE', *, *, #1634, .F. ) ;
#1725 = DIRECTION ( 'NONE',  ( 0.0000000000000000000, 1.000000000000000000, 0.0000000000000000000 ) ) ;
#1726 = ADVANCED_FACE ( 'NONE', ( #100 ), #2767, .F. ) ;
#1727 = SURFACE_SIDE_STYLE ('',( #3213 ) ) ;
#1728 = VERTEX_POINT ( 'NONE', #957 ) ;
#1729 = PLANE ( 'NONE',  #1367 ) ;
#1730 = ORIENTED_EDGE ( 'NONE', *, *, #2242, .T. ) ;
#1731 = AXIS2_PLACEMENT_3D ( 'NONE', #609, #3575, #3006 ) ;
#1732 = DIRECTION ( 'NONE',  ( 0.0000000000000000000, 0.0000000000000000000, 1.000000000000000000 ) ) ;
#1733 = CARTESIAN_POINT ( 'NONE',  ( -2.550000000000002500, 5.599999999999999600, -9.650000000000000400 ) ) ;
#1734 = CARTESIAN_POINT ( 'NONE',  ( -12.30000000000001700, 0.5000000000000000000, 11.30000000000001100 ) ) ;
#1735 = FACE_OUTER_BOUND ( 'NONE', #1098, .T. ) ;
#1736 =( NAMED_UNIT ( * ) SI_UNIT ( $, .STERADIAN. ) SOLID_ANGLE_UNIT ( ) );
#1737 = CARTESIAN_POINT ( 'NONE',  ( 11.20000000000001000, 0.5000000000000000000, 12.70000000000002100 ) ) ;
#1738 = FACE_OUTER_BOUND ( 'NONE', #1719, .T. ) ;
#1739 = EDGE_CURVE ( 'NONE', #1568, #2424, #151, .T. ) ;
#1740 = CIRCLE ( 'NONE', #719, 1.499999999999999600 ) ;
#1741 = DIRECTION ( 'NONE',  ( 7.395570986446985700E-032, 1.000000000000000000, 7.982189977661023200E-032 ) ) ;
#1742 = FACE_OUTER_BOUND ( 'NONE', #3155, .T. ) ;
#1743 = LINE ( 'NONE', #3190, #2692 ) ;
#1744 = DIRECTION ( 'NONE',  ( 6.779273404243061400E-032, 7.982189977661014400E-032, 1.000000000000000000 ) ) ;
#1745 = ADVANCED_FACE ( 'NONE', ( #2443 ), #88, .T. ) ;
#1746 = FACE_OUTER_BOUND ( 'NONE', #2119, .T. ) ;
#1747 = DIRECTION ( 'NONE',  ( -4.930380657631312300E-032, 0.0000000000000000000, 1.000000000000000000 ) ) ;
#1748 = ORIENTED_EDGE ( 'NONE', *, *, #2679, .F. ) ;
#1749 = CONICAL_SURFACE ( 'NONE', #3031, 1.000000000000000900, 0.08726646259971651600 ) ;
#1750 = EDGE_LOOP ( 'NONE', ( #3601, #2617, #1330, #211 ) ) ;
#1751 = CARTESIAN_POINT ( 'NONE',  ( -12.70000000000000100, 0.0000000000000000000, -11.19999999999998900 ) ) ;
#1752 = DIRECTION ( 'NONE',  ( 7.395570986446985700E-032, 1.000000000000000000, 7.982189977661023200E-032 ) ) ;
#1753 = FACE_OUTER_BOUND ( 'NONE', #445, .T. ) ;
#1754 = CONICAL_SURFACE ( 'NONE', #893, 0.7000000000000009500, 0.1832595714594050000 ) ;
#1755 = AXIS2_PLACEMENT_3D ( 'NONE', #1109, #3521, #3824 ) ;
#1756 = EDGE_LOOP ( 'NONE', ( #732, #2502, #3225, #2764 ) ) ;
#1757 = CYLINDRICAL_SURFACE ( 'NONE', #1985, 0.5000000000000004400 ) ;
#1758 = DIRECTION ( 'NONE',  ( 6.373240956641827900E-032, 0.9832549075639543900, 0.1822355254921480500 ) ) ;
#1759 = CARTESIAN_POINT ( 'NONE',  ( -11.30000000000001000, 0.8000000000000001600, 11.30000000000001100 ) ) ;
#1760 = EDGE_CURVE ( 'NONE', #1673, #2372, #3126, .T. ) ;
#1761 = ORIENTED_EDGE ( 'NONE', *, *, #2739, .T. ) ;
#1762 = LINE ( 'NONE', #2876, #3105 ) ;
#1763 = ORIENTED_EDGE ( 'NONE', *, *, #1175, .F. ) ;
#1764 = ORIENTED_EDGE ( 'NONE', *, *, #3258, .F. ) ;
#1765 = CARTESIAN_POINT ( 'NONE',  ( 11.19999999999998900, -8.300000000000002500, -12.69999999999999900 ) ) ;
#1766 = AXIS2_PLACEMENT_3D ( 'NONE', #586, #888, #3300 ) ;
#1767 = ADVANCED_FACE ( 'NONE', ( #193 ), #3384, .F. ) ;
#1768 = EDGE_CURVE ( 'NONE', #2159, #2462, #3081, .T. ) ;
#1769 = CARTESIAN_POINT ( 'NONE',  ( -10.50000000000000000, -0.8000000000000000400, -10.50000000000000000 ) ) ;
#1770 = ORIENTED_EDGE ( 'NONE', *, *, #2824, .T. ) ;
#1771 = ORIENTED_EDGE ( 'NONE', *, *, #1065, .F. ) ;
#1772 =( NAMED_UNIT ( * ) PLANE_ANGLE_UNIT ( ) SI_UNIT ( $, .RADIAN. ) );
#1773 = PRESENTATION_LAYER_ASSIGNMENT (  '', '', ( #3661 ) ) ;
#1774 = ORIENTED_EDGE ( 'NONE', *, *, #2368, .F. ) ;
#1775 = DIRECTION ( 'NONE',  ( 1.000000000000000000, 0.0000000000000000000, -0.0000000000000000000 ) ) ;
#1776 = CARTESIAN_POINT ( 'NONE',  ( -11.19999999999999000, -8.300000000000002500, -11.19999999999999900 ) ) ;
#1777 = DIRECTION ( 'NONE',  ( 0.0000000000000000000, 0.0000000000000000000, 1.000000000000000000 ) ) ;
#1778 = DIRECTION ( 'NONE',  ( 7.395570986446985700E-032, 1.000000000000000000, 7.982189977661023200E-032 ) ) ;
#1779 = CARTESIAN_POINT ( 'NONE',  ( 11.19999999999999000, -8.300000000000002500, 12.30000000000000100 ) ) ;
#1780 = CARTESIAN_POINT ( 'NONE',  ( 12.70000000000000100, -9.800000000000000700, 11.19999999999998900 ) ) ;
#1781 = VERTEX_POINT ( 'NONE', #3717 ) ;
#1782 = AXIS2_PLACEMENT_3D ( 'NONE', #1151, #543, #2056 ) ;
#1783 = CARTESIAN_POINT ( 'NONE',  ( -12.30000000000002200, 1.500000000000000000, -11.30000000000001100 ) ) ;
#1784 = ORIENTED_EDGE ( 'NONE', *, *, #629, .T. ) ;
#1785 = DIRECTION ( 'NONE',  ( 7.395570986446985700E-032, 1.000000000000000000, 7.982189977661023200E-032 ) ) ;
#1786 = EDGE_CURVE ( 'NONE', #1955, #739, #61, .T. ) ;
#1787 = AXIS2_PLACEMENT_3D ( 'NONE', #3779, #1626, #1055 ) ;
#1788 = COLOUR_RGB ( '',0.7529411764705882200, 0.7529411764705882200, 0.7529411764705882200 ) ;
#1789 = LINE ( 'NONE', #2373, #1137 ) ;
#1790 = ADVANCED_FACE ( 'NONE', ( #1460 ), #562, .F. ) ;
#1791 = DIRECTION ( 'NONE',  ( 0.0000000000000000000, 7.982189977661017700E-032, 1.000000000000000000 ) ) ;
#1792 = CARTESIAN_POINT ( 'NONE',  ( 2.549999999999997200, 5.599999999999999600, -10.15000000000000000 ) ) ;
#1793 = CIRCLE ( 'NONE', #2327, 0.7000000000000009500 ) ;
#1794 = EDGE_CURVE ( 'NONE', #2035, #724, #1039, .T. ) ;
#1795 = DIRECTION ( 'NONE',  ( -1.000000000000000000, 0.0000000000000000000, -0.0000000000000000000 ) ) ;
#1796 = PRESENTATION_STYLE_ASSIGNMENT (( #2004 ) ) ;
#1797 = DIRECTION ( 'NONE',  ( 4.930380657631317200E-032, -7.982189977661013400E-032, -1.000000000000000000 ) ) ;
#1798 = DIRECTION ( 'NONE',  ( -0.0000000000000000000, -1.000000000000000000, -0.0000000000000000000 ) ) ;
#1799 = LINE ( 'NONE', #3568, #1415 ) ;
#1800 =( LENGTH_UNIT ( ) NAMED_UNIT ( * ) SI_UNIT ( .MILLI., .METRE. ) );
#1801 = ADVANCED_BREP_SHAPE_REPRESENTATION ( '', ( #2915, #216 ), #695 ) ;
#1802 = CARTESIAN_POINT ( 'NONE',  ( 11.30000000000001100, 1.500000000000000000, 11.70000000000001000 ) ) ;
#1803 = LINE ( 'NONE', #1612, #3399 ) ;
#1804 = LINE ( 'NONE', #3242, #1003 ) ;
#1805 = CARTESIAN_POINT ( 'NONE',  ( 11.19999999999999800, -9.400000000000002100, -11.19999999999999900 ) ) ;
#1806 = EDGE_CURVE ( 'NONE', #640, #1627, #3573, .T. ) ;
#1807 = ORIENTED_EDGE ( 'NONE', *, *, #62, .F. ) ;
#1808 = AXIS2_PLACEMENT_3D ( 'NONE', #1809, #2389, #285 ) ;
#1809 = CARTESIAN_POINT ( 'NONE',  ( 11.19999999999999800, -8.300000000000002500, -11.19999999999999900 ) ) ;
#1810 = DIRECTION ( 'NONE',  ( -1.000000000000000000, -8.628166150854806800E-032, 6.779273404243062500E-032 ) ) ;
#1811 = ORIENTED_EDGE ( 'NONE', *, *, #3626, .T. ) ;
#1812 = FACE_OUTER_BOUND ( 'NONE', #1686, .T. ) ;
#1813 = ADVANCED_FACE ( 'NONE', ( #1689 ), #3370, .T. ) ;
#1814 = DIRECTION ( 'NONE',  ( -7.395570986446985700E-032, -1.000000000000000000, -7.982189977661023200E-032 ) ) ;
#1815 = CARTESIAN_POINT ( 'NONE',  ( -11.19999999999999800, -8.300000000000002500, 11.19999999999999900 ) ) ;
#1816 = PRODUCT_DEFINITION_CONTEXT ( 'detailed design', #1278, 'design' ) ;
#1817 = ORIENTED_EDGE ( 'NONE', *, *, #2812, .T. ) ;
#1818 = CIRCLE ( 'NONE', #310, 0.5000000000000004400 ) ;
#1819 = AXIS2_PLACEMENT_3D ( 'NONE', #2971, #3874, #3893 ) ;
#1820 = ORIENTED_EDGE ( 'NONE', *, *, #2361, .T. ) ;
#1821 = EDGE_LOOP ( 'NONE', ( #457, #1761, #1616, #698, #2583, #1730, #83, #2909 ) ) ;
#1822 = CIRCLE ( 'NONE', #170, 0.5000000000000004400 ) ;
#1823 = DIRECTION ( 'NONE',  ( 7.395570986446985700E-032, 1.000000000000000000, 7.982189977661023200E-032 ) ) ;
#1824 = EDGE_CURVE ( 'NONE', #983, #3633, #2779, .T. ) ;
#1825 = CARTESIAN_POINT ( 'NONE',  ( 0.0000000000000000000, -0.8000000000000000400, 9.650000000000000400 ) ) ;
#1826 = CARTESIAN_POINT ( 'NONE',  ( -11.19999999999999000, -8.300000000000002500, -12.30000000000000100 ) ) ;
#1827 = ORIENTED_EDGE ( 'NONE', *, *, #3297, .F. ) ;
#1828 = ORIENTED_EDGE ( 'NONE', *, *, #2204, .T. ) ;
#1829 = ORIENTED_EDGE ( 'NONE', *, *, #2014, .T. ) ;
#1830 = ORIENTED_EDGE ( 'NONE', *, *, #383, .T. ) ;
#1831 = ADVANCED_FACE ( 'NONE', ( #474 ), #1967, .T. ) ;
#1832 = ORIENTED_EDGE ( 'NONE', *, *, #2853, .F. ) ;
#1833 = CARTESIAN_POINT ( 'NONE',  ( -2.550000000000002500, 5.599999999999999600, -9.650000000000000400 ) ) ;
#1834 = CARTESIAN_POINT ( 'NONE',  ( 11.30000000000001100, 0.8000000000000001600, 11.30000000000001000 ) ) ;
#1835 = CARTESIAN_POINT ( 'NONE',  ( 11.19999999999998900, -9.800000000000000700, -11.19999999999999900 ) ) ;
#1836 = ORIENTED_EDGE ( 'NONE', *, *, #534, .F. ) ;
#1837 = DIRECTION ( 'NONE',  ( 1.000000000000000000, 0.0000000000000000000, 0.0000000000000000000 ) ) ;
#1838 = VECTOR ( 'NONE', #3232, 1000.000000000000000 ) ;
#1839 = VECTOR ( 'NONE', #936, 1000.000000000000000 ) ;
#1840 = CARTESIAN_POINT ( 'NONE',  ( -11.30000000000000800, 1.500000000000000000, 11.30000000000001100 ) ) ;
#1841 = FACE_OUTER_BOUND ( 'NONE', #1534, .T. ) ;
#1842 = LINE ( 'NONE', #1805, #3079 ) ;
#1843 = DIRECTION ( 'NONE',  ( 1.000000000000000000, 0.0000000000000000000, 0.0000000000000000000 ) ) ;
#1844 = EDGE_CURVE ( 'NONE', #2379, #783, #286, .T. ) ;
#1845 = AXIS2_PLACEMENT_3D ( 'NONE', #1888, #3362, #1530 ) ;
#1846 = VECTOR ( 'NONE', #3753, 1000.000000000000000 ) ;
#1847 =( GEOMETRIC_REPRESENTATION_CONTEXT ( 3 ) GLOBAL_UNCERTAINTY_ASSIGNED_CONTEXT ( ( #167 ) ) GLOBAL_UNIT_ASSIGNED_CONTEXT ( ( #3691, #2787, #984 ) ) REPRESENTATION_CONTEXT ( 'NONE', 'WORKASPACE' ) );
#1848 = FACE_OUTER_BOUND ( 'NONE', #76, .T. ) ;
#1849 = AXIS2_PLACEMENT_3D ( 'NONE', #1564, #3073, #3339 ) ;
#1850 = CARTESIAN_POINT ( 'NONE',  ( -10.20000000000001000, 0.8000000000000001600, -10.15000000000001100 ) ) ;
#1851 = ADVANCED_FACE ( 'NONE', ( #3477 ), #1883, .T. ) ;
#1852 = DIRECTION ( 'NONE',  ( 0.0000000000000000000, -0.0000000000000000000, 1.000000000000000000 ) ) ;
#1853 = FACE_OUTER_BOUND ( 'NONE', #589, .T. ) ;
#1854 = AXIS2_PLACEMENT_3D ( 'NONE', #3061, #84, #59 ) ;
#1855 = EDGE_LOOP ( 'NONE', ( #2285, #628, #1953 ) ) ;
#1856 = APPLICATION_PROTOCOL_DEFINITION ( 'draft international standard', 'automotive_design', 1998, #684 ) ;
#1857 = CYLINDRICAL_SURFACE ( 'NONE', #2069, 0.5000000000000004400 ) ;
#1858 = ORIENTED_EDGE ( 'NONE', *, *, #449, .T. ) ;
#1859 = AXIS2_PLACEMENT_3D ( 'NONE', #868, #1778, #843 ) ;
#1860 = FACE_OUTER_BOUND ( 'NONE', #3895, .T. ) ;
#1861 = PLANE ( 'NONE',  #323 ) ;
#1862 = ORIENTED_EDGE ( 'NONE', *, *, #1704, .T. ) ;
#1863 = LINE ( 'NONE', #226, #1343 ) ;
#1864 = DIRECTION ( 'NONE',  ( 6.829619984160651900E-017, 7.260463856580751100E-032, 1.000000000000000000 ) ) ;
#1865 = EDGE_CURVE ( 'NONE', #320, #2424, #1740, .T. ) ;
#1866 = AXIS2_PLACEMENT_3D ( 'NONE', #1352, #2501, #1029 ) ;
#1867 = ORIENTED_EDGE ( 'NONE', *, *, #3337, .T. ) ;
#1868 = VERTEX_POINT ( 'NONE', #3668 ) ;
#1869 = ORIENTED_EDGE ( 'NONE', *, *, #3475, .F. ) ;
#1870 = ADVANCED_FACE ( 'NONE', ( #1929 ), #372, .F. ) ;
#1871 = EDGE_CURVE ( 'NONE', #1298, #1426, #336, .T. ) ;
#1872 = ORIENTED_EDGE ( 'NONE', *, *, #1634, .T. ) ;
#1873 = CONTEXT_DEPENDENT_SHAPE_REPRESENTATION ( #2181, #2563 ) ;
#1874 = CARTESIAN_POINT ( 'NONE',  ( 10.15000000000000900, 0.7999999999999999300, 10.85000000000001000 ) ) ;
#1875 = ORIENTED_EDGE ( 'NONE', *, *, #426, .T. ) ;
#1876 = CARTESIAN_POINT ( 'NONE',  ( 11.30000000000001100, 0.7999999999999999300, -11.30000000000001500 ) ) ;
#1877 =( REPRESENTATION_RELATIONSHIP ('NONE','NONE', #181, #2735 ) REPRESENTATION_RELATIONSHIP_WITH_TRANSFORMATION ( #1633 )SHAPE_REPRESENTATION_RELATIONSHIP( ) );
#1878 = EDGE_CURVE ( 'NONE', #186, #2955, #3855, .T. ) ;
#1879 = AXIS2_PLACEMENT_3D ( 'NONE', #3029, #23, #2418 ) ;
#1880 = DIRECTION ( 'NONE',  ( 7.395570986446985700E-032, 1.000000000000000000, 7.982189977661023200E-032 ) ) ;
#1881 = CARTESIAN_POINT ( 'NONE',  ( -10.15000000000000200, -0.8000000000000000400, -9.650000000000000400 ) ) ;
#1882 = CARTESIAN_POINT ( 'NONE',  ( 11.19999999999999800, -8.300000000000002500, -11.19999999999998900 ) ) ;
#1883 = CONICAL_SURFACE ( 'NONE', #3415, 1.000000000000000900, 0.08726646259971651600 ) ;
#1884 = CYLINDRICAL_SURFACE ( 'NONE', #277, 1.500000000000001300 ) ;
#1885 = AXIS2_PLACEMENT_3D ( 'NONE', #3163, #3181, #1655 ) ;
#1886 = LINE ( 'NONE', #1225, #1193 ) ;
#1887 = CARTESIAN_POINT ( 'NONE',  ( 12.70000000000001900, 0.0000000000000000000, -11.20000000000001000 ) ) ;
#1888 = CARTESIAN_POINT ( 'NONE',  ( -10.15000000000000900, 0.7999999999999999300, 10.15000000000001100 ) ) ;
#1889 = EDGE_CURVE ( 'NONE', #605, #2293, #3078, .T. ) ;
#1890 = CARTESIAN_POINT ( 'NONE',  ( -11.19999999999999800, -8.300000000000002500, 11.19999999999999900 ) ) ;
#1891 = LINE ( 'NONE', #2693, #1091 ) ;
#1892 = DIRECTION ( 'NONE',  ( 1.548860246407865100E-016, -0.0000000000000000000, 1.000000000000000000 ) ) ;
#1893 = LINE ( 'NONE', #3743, #1374 ) ;
#1894 = SPHERICAL_SURFACE ( 'NONE', #3712, 1.100000000000000100 ) ;
#1895 = DIRECTION ( 'NONE',  ( 0.0000000000000000000, 7.982189977661017700E-032, 1.000000000000000000 ) ) ;
#1896 = ORIENTED_EDGE ( 'NONE', *, *, #3164, .T. ) ;
#1897 = DIRECTION ( 'NONE',  ( -7.395570986446985700E-032, -1.000000000000000000, -7.982189977661023200E-032 ) ) ;
#1898 = CARTESIAN_POINT ( 'NONE',  ( 11.30000000000001100, 0.5000000000000000000, -11.30000000000001500 ) ) ;
#1899 = PRODUCT_RELATED_PRODUCT_CATEGORY ( 'part', '', ( #3066 ) ) ;
#1900 = ORIENTED_EDGE ( 'NONE', *, *, #662, .F. ) ;
#1901 = FACE_OUTER_BOUND ( 'NONE', #356, .T. ) ;
#1902 = EDGE_LOOP ( 'NONE', ( #3406, #46, #2451, #1391 ) ) ;
#1903 = SPHERICAL_SURFACE ( 'NONE', #2596, 1.500000000000000000 ) ;
#1904 = SURFACE_STYLE_USAGE ( .BOTH. , #417 ) ;
#1905 = VERTEX_POINT ( 'NONE', #1140 ) ;
#1906 = ORIENTED_EDGE ( 'NONE', *, *, #2625, .F. ) ;
#1907 = CARTESIAN_POINT ( 'NONE',  ( 2.549999999999997200, 5.599999999999999600, -10.15000000000000000 ) ) ;
#1908 = ORIENTED_EDGE ( 'NONE', *, *, #1358, .T. ) ;
#1909 = EDGE_CURVE ( 'NONE', #1482, #640, #1276, .T. ) ;
#1910 = ORIENTED_EDGE ( 'NONE', *, *, #997, .F. ) ;
#1911 = AXIS2_PLACEMENT_3D ( 'NONE', #3119, #729, #2528 ) ;
#1912 = EDGE_LOOP ( 'NONE', ( #3329, #347, #960, #2943, #3735, #2960, #2469, #1025 ) ) ;
#1913 = DIRECTION ( 'NONE',  ( 7.395570986446985700E-032, 1.000000000000000000, 7.982189977661023200E-032 ) ) ;
#1914 = EDGE_LOOP ( 'NONE', ( #2756, #408, #2717, #3791 ) ) ;
#1915 = EDGE_LOOP ( 'NONE', ( #393, #2952, #877, #1959 ) ) ;
#1916 = AXIS2_PLACEMENT_3D ( 'NONE', #3256, #2621, #541 ) ;
#1917 = CARTESIAN_POINT ( 'NONE',  ( 11.19999999999999800, -8.300000000000002500, -11.19999999999998900 ) ) ;
#1918 = EDGE_CURVE ( 'NONE', #352, #3388, #2685, .T. ) ;
#1919 = SHAPE_DEFINITION_REPRESENTATION ( #114, #148 ) ;
#1920 = ORIENTED_EDGE ( 'NONE', *, *, #2781, .T. ) ;
#1921 = MANIFOLD_SOLID_BREP ( '伸長3', #2838 ) ;
#1922 = CARTESIAN_POINT ( 'NONE',  ( -11.19999999999999800, -9.800000000000000700, 11.19999999999999900 ) ) ;
#1923 = CARTESIAN_POINT ( 'NONE',  ( 11.20000000000000100, -8.300000000000002500, 11.19999999999999900 ) ) ;
#1924 = DIRECTION ( 'NONE',  ( 7.395570986446985700E-032, 1.000000000000000000, 7.982189977661023200E-032 ) ) ;
#1925 = SPHERICAL_SURFACE ( 'NONE', #244, 1.500000000000000000 ) ;
#1926 = ORIENTED_EDGE ( 'NONE', *, *, #1557, .F. ) ;
#1927 = AXIS2_PLACEMENT_3D ( 'NONE', #567, #1213, #5 ) ;
#1928 = DIRECTION ( 'NONE',  ( 0.0000000000000000000, 0.0000000000000000000, 1.000000000000000000 ) ) ;
#1929 = FACE_OUTER_BOUND ( 'NONE', #1756, .T. ) ;
#1930 = FACE_OUTER_BOUND ( 'NONE', #2988, .T. ) ;
#1931 = DIRECTION ( 'NONE',  ( -6.779273404243061400E-032, -7.982189977661014400E-032, -1.000000000000000000 ) ) ;
#1932 = LINE ( 'NONE', #1653, #1846 ) ;
#1933 = DIRECTION ( 'NONE',  ( 3.544024153726430800E-014, 0.0000000000000000000, 1.000000000000000000 ) ) ;
#1934 = AXIS2_PLACEMENT_3D ( 'NONE', #542, #2950, #294 ) ;
#1935 = DIRECTION ( 'NONE',  ( 1.000000000000000000, 0.0000000000000000000, 0.0000000000000000000 ) ) ;
#1936 = DIRECTION ( 'NONE',  ( 0.0000000000000000000, 1.000000000000000000, 0.0000000000000000000 ) ) ;
#1937 = VECTOR ( 'NONE', #3423, 1000.000000000000000 ) ;
#1938 = EDGE_CURVE ( 'NONE', #2842, #3653, #1136, .T. ) ;
#1939 = DIRECTION ( 'NONE',  ( 7.395570986446985700E-032, 1.000000000000000000, 7.982189977661023200E-032 ) ) ;
#1940 = DIRECTION ( 'NONE',  ( 0.0000000000000000000, 0.0000000000000000000, 1.000000000000000000 ) ) ;
#1941 = CARTESIAN_POINT ( 'NONE',  ( -4.200000000000000200, -1.200000000000000200, -4.000000000000008900 ) ) ;
#1942 = VERTEX_POINT ( 'NONE', #1427 ) ;
#1943 = SURFACE_STYLE_FILL_AREA ( #2500 ) ;
#1944 = CARTESIAN_POINT ( 'NONE',  ( -4.199999999999999300, 0.0000000000000000000, -4.000000000000000000 ) ) ;
#1945 = VERTEX_POINT ( 'NONE', #1682 ) ;
#1946 = VECTOR ( 'NONE', #3795, 1000.000000000000000 ) ;
#1947 = DIRECTION ( 'NONE',  ( 0.0000000000000000000, 1.000000000000000000, 0.0000000000000000000 ) ) ;
#1948 = VERTEX_POINT ( 'NONE', #3786 ) ;
#1949 = EDGE_LOOP ( 'NONE', ( #3379, #3150 ) ) ;
#1950 = ORIENTED_EDGE ( 'NONE', *, *, #706, .F. ) ;
#1951 = ORIENTED_EDGE ( 'NONE', *, *, #55, .T. ) ;
#1952 = AXIS2_PLACEMENT_3D ( 'NONE', #3851, #2082, #284 ) ;
#1953 = ORIENTED_EDGE ( 'NONE', *, *, #1126, .F. ) ;
#1954 = DIRECTION ( 'NONE',  ( 0.0000000000000000000, 0.0000000000000000000, 1.000000000000000000 ) ) ;
#1955 = VERTEX_POINT ( 'NONE', #2312 ) ;
#1956 = DIRECTION ( 'NONE',  ( 0.0000000000000000000, 0.0000000000000000000, 1.000000000000000000 ) ) ;
#1957 = EDGE_LOOP ( 'NONE', ( #3233, #1667, #1764 ) ) ;
#1958 = EDGE_CURVE ( 'NONE', #2048, #2797, #663, .T. ) ;
#1959 = ORIENTED_EDGE ( 'NONE', *, *, #554, .F. ) ;
#1960 = CARTESIAN_POINT ( 'NONE',  ( -10.15000000000000900, 3.252606517456513300E-016, 10.15000000000001100 ) ) ;
#1961 = EDGE_CURVE ( 'NONE', #3005, #1149, #2484, .T. ) ;
#1962 = VECTOR ( 'NONE', #1600, 1000.000000000000000 ) ;
#1963 = FACE_OUTER_BOUND ( 'NONE', #955, .T. ) ;
#1964 = AXIS2_PLACEMENT_3D ( 'NONE', #2383, #592, #2697 ) ;
#1965 = CARTESIAN_POINT ( 'NONE',  ( 12.29999999999999900, 0.0000000000000000000, -11.19999999999998900 ) ) ;
#1966 = DIRECTION ( 'NONE',  ( 0.0000000000000000000, 0.0000000000000000000, 1.000000000000000000 ) ) ;
#1967 = CYLINDRICAL_SURFACE ( 'NONE', #2281, 4.000000000000000000 ) ;
#1968 = CARTESIAN_POINT ( 'NONE',  ( 0.0000000000000000000, -0.5000000000000000000, 0.7319851171331016600 ) ) ;
#1969 = CARTESIAN_POINT ( 'NONE',  ( -11.20000000000000800, 0.0000000000000000000, 12.70000000000002100 ) ) ;
#1970 = CYLINDRICAL_SURFACE ( 'NONE', #551, 1.000000000000000900 ) ;
#1971 = CIRCLE ( 'NONE', #920, 1.100000000000000300 ) ;
#1972 = DIRECTION ( 'NONE',  ( 7.395570986446985700E-032, 1.000000000000000000, 7.982189977661023200E-032 ) ) ;
#1973 = AXIS2_PLACEMENT_3D ( 'NONE', #1776, #2394, #1500 ) ;
#1974 = FACE_OUTER_BOUND ( 'NONE', #3891, .T. ) ;
#1975 = CARTESIAN_POINT ( 'NONE',  ( -4.199999999999999300, 0.0000000000000000000, 0.0000000000000000000 ) ) ;
#1976 = ORIENTED_EDGE ( 'NONE', *, *, #48, .T. ) ;
#1977 = ADVANCED_FACE ( 'NONE', ( #3757 ), #988, .T. ) ;
#1978 = VECTOR ( 'NONE', #1192, 1000.000000000000000 ) ;
#1979 = CARTESIAN_POINT ( 'NONE',  ( -10.15000000000000900, 0.7999999999999999300, 10.15000000000001100 ) ) ;
#1980 = EDGE_CURVE ( 'NONE', #605, #413, #2635, .T. ) ;
#1981 = AXIS2_PLACEMENT_3D ( 'NONE', #1975, #3729, #1353 ) ;
#1982 = DIRECTION ( 'NONE',  ( 0.0000000000000000000, 0.0000000000000000000, 1.000000000000000000 ) ) ;
#1983 = FACE_OUTER_BOUND ( 'NONE', #2811, .T. ) ;
#1984 = LINE ( 'NONE', #2919, #390 ) ;
#1985 = AXIS2_PLACEMENT_3D ( 'NONE', #2603, #2897, #2911 ) ;
#1986 = EDGE_CURVE ( 'NONE', #3790, #3109, #3669, .T. ) ;
#1987 = CARTESIAN_POINT ( 'NONE',  ( 4.200000000000003700, -1.200000000000000200, -3.469446951953618100E-015 ) ) ;
#1988 = ORIENTED_EDGE ( 'NONE', *, *, #2441, .F. ) ;
#1989 = FILL_AREA_STYLE ('',( #2890 ) ) ;
#1990 = LINE ( 'NONE', #332, #3100 ) ;
#1991 = ORIENTED_EDGE ( 'NONE', *, *, #1538, .T. ) ;
#1992 = DIRECTION ( 'NONE',  ( 0.0000000000000000000, -0.08715574274765820800, 0.9961946980917455500 ) ) ;
#1993 = EDGE_LOOP ( 'NONE', ( #25, #2051 ) ) ;
#1994 = LINE ( 'NONE', #281, #259 ) ;
#1995 = VERTEX_POINT ( 'NONE', #1184 ) ;
#1996 = DIRECTION ( 'NONE',  ( -7.395570986446985700E-032, -1.000000000000000000, -7.982189977661023200E-032 ) ) ;
#1997 = DIRECTION ( 'NONE',  ( 0.0000000000000000000, 1.000000000000000000, 0.0000000000000000000 ) ) ;
#1998 = EDGE_LOOP ( 'NONE', ( #3556, #701, #3525, #206 ) ) ;
#1999 = ORIENTED_EDGE ( 'NONE', *, *, #1358, .F. ) ;
#2000 = ORIENTED_EDGE ( 'NONE', *, *, #2724, .F. ) ;
#2001 = EDGE_CURVE ( 'NONE', #3141, #2424, #848, .T. ) ;
#2002 = AXIS2_PLACEMENT_3D ( 'NONE', #386, #2455, #1552 ) ;
#2003 = ADVANCED_FACE ( 'NONE', ( #894 ), #2021, .T. ) ;
#2004 = SURFACE_STYLE_USAGE ( .BOTH. , #1100 ) ;
#2005 = VERTEX_POINT ( 'NONE', #1459 ) ;
#2006 = CARTESIAN_POINT ( 'NONE',  ( -11.20000000000000100, 0.0000000000000000000, -12.30000000000000100 ) ) ;
#2007 = CARTESIAN_POINT ( 'NONE',  ( -12.30000000000002200, 0.5000000000000000000, -11.30000000000001100 ) ) ;
#2008 = AXIS2_PLACEMENT_3D ( 'NONE', #2539, #1389, #2879 ) ;
#2009 = ORIENTED_EDGE ( 'NONE', *, *, #3138, .T. ) ;
#2010 = DIRECTION ( 'NONE',  ( 0.0000000000000000000, 1.000000000000000000, 0.0000000000000000000 ) ) ;
#2011 = DIRECTION ( 'NONE',  ( 0.0000000000000000000, 0.0000000000000000000, 1.000000000000000000 ) ) ;
#2012 = CARTESIAN_POINT ( 'NONE',  ( 6.123233995736767300E-017, 5.599999999999999600, 10.65000000000000200 ) ) ;
#2013 = ORIENTED_EDGE ( 'NONE', *, *, #519, .F. ) ;
#2014 = EDGE_CURVE ( 'NONE', #1426, #3084, #98, .T. ) ;
#2015 = EDGE_LOOP ( 'NONE', ( #2595, #2704, #2893, #3049 ) ) ;
#2016 = CARTESIAN_POINT ( 'NONE',  ( -11.30000000000001100, 1.500000000000000000, -12.30000000000002200 ) ) ;
#2017 =( NAMED_UNIT ( * ) SI_UNIT ( $, .STERADIAN. ) SOLID_ANGLE_UNIT ( ) );
#2018 = LINE ( 'NONE', #2508, #749 ) ;
#2019 = ORIENTED_EDGE ( 'NONE', *, *, #1289, .T. ) ;
#2020 = CARTESIAN_POINT ( 'NONE',  ( 5.100000000000005000, 0.8000000000000001600, -9.450000000000009900 ) ) ;
#2021 = CONICAL_SURFACE ( 'NONE', #3348, 0.9999999999999991100, 0.08726646259971651600 ) ;
#2022 = ADVANCED_FACE ( 'NONE', ( #1841 ), #2347, .F. ) ;
#2023 = CARTESIAN_POINT ( 'NONE',  ( 10.19999999999999900, 5.599999999999999600, 10.65000000000000200 ) ) ;
#2024 = DIRECTION ( 'NONE',  ( 4.930380657631317200E-032, -7.982189977661013400E-032, -1.000000000000000000 ) ) ;
#2025 = CARTESIAN_POINT ( 'NONE',  ( 2.550000000000002900, 0.7999999999999997100, 10.15000000000001100 ) ) ;
#2026 = CARTESIAN_POINT ( 'NONE',  ( 11.19999999999999800, -8.300000000000002500, -11.19999999999999900 ) ) ;
#2027 = CARTESIAN_POINT ( 'NONE',  ( 4.199999999999999300, 0.0000000000000000000, 0.0000000000000000000 ) ) ;
#2028 = FACE_OUTER_BOUND ( 'NONE', #2032, .T. ) ;
#2029 =( LENGTH_UNIT ( ) NAMED_UNIT ( * ) SI_UNIT ( .MILLI., .METRE. ) );
#2030 = FACE_OUTER_BOUND ( 'NONE', #460, .T. ) ;
#2031 = DIRECTION ( 'NONE',  ( 0.0000000000000000000, -0.0000000000000000000, 1.000000000000000000 ) ) ;
#2032 = EDGE_LOOP ( 'NONE', ( #208, #319, #3114, #3319 ) ) ;
#2033 = DIRECTION ( 'NONE',  ( 0.0000000000000000000, 0.0000000000000000000, 1.000000000000000000 ) ) ;
#2034 = CARTESIAN_POINT ( 'NONE',  ( -11.70000000000000800, 1.500000000000000000, 11.30000000000001100 ) ) ;
#2035 = VERTEX_POINT ( 'NONE', #1779 ) ;
#2036 = EDGE_CURVE ( 'NONE', #548, #2836, #3526, .T. ) ;
#2037 = LINE ( 'NONE', #1304, #1662 ) ;
#2038 = STYLED_ITEM ( 'NONE', ( #1796 ), #1235 ) ;
#2039 = CARTESIAN_POINT ( 'NONE',  ( 12.29999999999999900, -9.800000000000000700, -11.19999999999998900 ) ) ;
#2040 = UNCERTAINTY_MEASURE_WITH_UNIT (LENGTH_MEASURE( 1.000000000000000100E-005 ), #3815, 'distance_accuracy_value', 'NONE');
#2041 = ORIENTED_EDGE ( 'NONE', *, *, #1918, .T. ) ;
#2042 = CIRCLE ( 'NONE', #2044, 1.100000000000000300 ) ;
#2043 = DIRECTION ( 'NONE',  ( -1.000000000000000000, 0.0000000000000000000, -0.0000000000000000000 ) ) ;
#2044 = AXIS2_PLACEMENT_3D ( 'NONE', #818, #2043, #2366 ) ;
#2045 = ADVANCED_FACE ( 'NONE', ( #2968 ), #1152, .F. ) ;
#2046 = EDGE_CURVE ( 'NONE', #2802, #3890, #57, .T. ) ;
#2047 = FILL_AREA_STYLE ('',( #794 ) ) ;
#2048 = VERTEX_POINT ( 'NONE', #2716 ) ;
#2049 = VECTOR ( 'NONE', #2674, 1000.000000000000000 ) ;
#2050 = AXIS2_PLACEMENT_3D ( 'NONE', #644, #3632, #1257 ) ;
#2051 = ORIENTED_EDGE ( 'NONE', *, *, #2519, .T. ) ;
#2052 = SURFACE_STYLE_USAGE ( .BOTH. , #1163 ) ;
#2053 = DIRECTION ( 'NONE',  ( 0.0000000000000000000, 1.000000000000000000, 0.0000000000000000000 ) ) ;
#2054 = CARTESIAN_POINT ( 'NONE',  ( -11.30000000000000800, 0.5000000000000000000, 11.30000000000001100 ) ) ;
#2055 = ORIENTED_EDGE ( 'NONE', *, *, #1562, .T. ) ;
#2056 = DIRECTION ( 'NONE',  ( 0.0000000000000000000, 0.0000000000000000000, 1.000000000000000000 ) ) ;
#2057 = ORIENTED_EDGE ( 'NONE', *, *, #283, .F. ) ;
#2058 = CARTESIAN_POINT ( 'NONE',  ( 10.50000000000000200, 0.0000000000000000000, 10.50000000000000000 ) ) ;
#2059 = ORIENTED_EDGE ( 'NONE', *, *, #2511, .F. ) ;
#2060 = AXIS2_PLACEMENT_3D ( 'NONE', #4, #2114, #3318 ) ;
#2061 = EDGE_LOOP ( 'NONE', ( #3662, #2374, #573, #272 ) ) ;
#2062 = PLANE ( 'NONE',  #1583 ) ;
#2063 = ORIENTED_EDGE ( 'NONE', *, *, #3098, .T. ) ;
#2064 = PRESENTATION_STYLE_ASSIGNMENT (( #1483 ) ) ;
#2065 = DIRECTION ( 'NONE',  ( 7.395570986446985700E-032, 1.000000000000000000, 7.982189977661023200E-032 ) ) ;
#2066 = VERTEX_POINT ( 'NONE', #1825 ) ;
#2067 =( NAMED_UNIT ( * ) PLANE_ANGLE_UNIT ( ) SI_UNIT ( $, .RADIAN. ) );
#2068 = EDGE_CURVE ( 'NONE', #1657, #2513, #2169, .T. ) ;
#2069 = AXIS2_PLACEMENT_3D ( 'NONE', #396, #3103, #692 ) ;
#2070 = ADVANCED_FACE ( 'NONE', ( #2826 ), #3173, .F. ) ;
#2071 = CARTESIAN_POINT ( 'NONE',  ( -10.50000000000000000, -3.000000000000000000, 11.23753400942222500 ) ) ;
#2072 = CARTESIAN_POINT ( 'NONE',  ( 11.70000000000001200, 1.500000000000000000, -11.30000000000001500 ) ) ;
#2073 = VECTOR ( 'NONE', #453, 1000.000000000000000 ) ;
#2074 = CARTESIAN_POINT ( 'NONE',  ( 10.49999999999999300, 7.530789258985392700E-017, -11.50000000000000000 ) ) ;
#2075 = VECTOR ( 'NONE', #819, 1000.000000000000000 ) ;
#2076 = EDGE_CURVE ( 'NONE', #935, #2731, #3250, .T. ) ;
#2077 = VECTOR ( 'NONE', #2399, 1000.000000000000000 ) ;
#2078 = FACE_OUTER_BOUND ( 'NONE', #2345, .T. ) ;
#2079 = FACE_BOUND ( 'NONE', #3277, .T. ) ;
#2080 =( NAMED_UNIT ( * ) SI_UNIT ( $, .STERADIAN. ) SOLID_ANGLE_UNIT ( ) );
#2081 = FACE_OUTER_BOUND ( 'NONE', #3236, .T. ) ;
#2082 = DIRECTION ( 'NONE',  ( 7.395570986446985700E-032, 1.000000000000000000, 7.982189977661023200E-032 ) ) ;
#2083 = AXIS2_PLACEMENT_3D ( 'NONE', #1587, #974, #78 ) ;
#2084 = DIRECTION ( 'NONE',  ( -6.047644520422315900E-016, 0.9961946980917455500, -0.08715574274765820800 ) ) ;
#2085 =( NAMED_UNIT ( * ) SI_UNIT ( $, .STERADIAN. ) SOLID_ANGLE_UNIT ( ) );
#2086 = DIRECTION ( 'NONE',  ( -7.395570986446985700E-032, -1.000000000000000000, -7.982189977661023200E-032 ) ) ;
#2087 = ADVANCED_FACE ( 'NONE', ( #1545 ), #844, .F. ) ;
#2088 = DIRECTION ( 'NONE',  ( 0.0000000000000000000, 0.0000000000000000000, 1.000000000000000000 ) ) ;
#2089 = LINE ( 'NONE', #2898, #1002 ) ;
#2090 = LINE ( 'NONE', #2212, #3543 ) ;
#2091 = ORIENTED_EDGE ( 'NONE', *, *, #3003, .F. ) ;
#2092 = MECHANICAL_DESIGN_GEOMETRIC_PRESENTATION_REPRESENTATION (  '', ( #3902 ), #1135 ) ;
#2093 =( NAMED_UNIT ( * ) SI_UNIT ( $, .STERADIAN. ) SOLID_ANGLE_UNIT ( ) );
#2094 = ORIENTED_EDGE ( 'NONE', *, *, #1794, .T. ) ;
#2095 = FACE_BOUND ( 'NONE', #1072, .T. ) ;
#2096 = UNCERTAINTY_MEASURE_WITH_UNIT (LENGTH_MEASURE( 1.000000000000000100E-005 ), #3572, 'distance_accuracy_value', 'NONE');
#2097 = EDGE_CURVE ( 'NONE', #3158, #2802, #1402, .T. ) ;
#2098 = EDGE_LOOP ( 'NONE', ( #511, #3610, #1063, #2 ) ) ;
#2099 = CARTESIAN_POINT ( 'NONE',  ( -11.20000000000000100, -9.400000000000002100, -11.19999999999999900 ) ) ;
#2100 = VERTEX_POINT ( 'NONE', #2997 ) ;
#2101 = ORIENTED_EDGE ( 'NONE', *, *, #249, .T. ) ;
#2102 = DIRECTION ( 'NONE',  ( 7.675767592817735300E-017, 7.171046461048684100E-032, 1.000000000000000000 ) ) ;
#2103 = CARTESIAN_POINT ( 'NONE',  ( -11.50000000000000000, 0.0000000000000000000, -10.49999999999999100 ) ) ;
#2104 = VERTEX_POINT ( 'NONE', #2133 ) ;
#2105 = CARTESIAN_POINT ( 'NONE',  ( 11.19999999999999000, 0.0000000000000000000, 12.30000000000000100 ) ) ;
#2106 = ORIENTED_EDGE ( 'NONE', *, *, #2392, .T. ) ;
#2107 = DIRECTION ( 'NONE',  ( 0.0000000000000000000, 0.0000000000000000000, 1.000000000000000000 ) ) ;
#2108 = MECHANICAL_DESIGN_GEOMETRIC_PRESENTATION_REPRESENTATION (  '', ( #1252 ), #964 ) ;
#2109 = ORIENTED_EDGE ( 'NONE', *, *, #3425, .F. ) ;
#2110 = ORIENTED_EDGE ( 'NONE', *, *, #828, .F. ) ;
#2111 = ORIENTED_EDGE ( 'NONE', *, *, #1522, .T. ) ;
#2112 = ORIENTED_EDGE ( 'NONE', *, *, #3704, .F. ) ;
#2113 = DIRECTION ( 'NONE',  ( 1.000000000000000000, 0.0000000000000000000, 0.0000000000000000000 ) ) ;
#2114 = DIRECTION ( 'NONE',  ( 0.0000000000000000000, 1.000000000000000000, 0.0000000000000000000 ) ) ;
#2115 = DIRECTION ( 'NONE',  ( 6.373240956641827900E-032, 0.9832549075639543900, 0.1822355254921480500 ) ) ;
#2116 = ORIENTED_EDGE ( 'NONE', *, *, #3266, .T. ) ;
#2117 = CARTESIAN_POINT ( 'NONE',  ( -10.19999999999999900, 5.599999999999999600, 10.15000000000000000 ) ) ;
#2118 = CARTESIAN_POINT ( 'NONE',  ( -11.20000000000000100, -8.300000000000002500, -11.19999999999999900 ) ) ;
#2119 = EDGE_LOOP ( 'NONE', ( #3646, #1066, #1268, #1023 ) ) ;
#2120 = DIRECTION ( 'NONE',  ( 0.0000000000000000000, 0.0000000000000000000, 1.000000000000000000 ) ) ;
#2121 = VERTEX_POINT ( 'NONE', #3044 ) ;
#2122 =( LENGTH_UNIT ( ) NAMED_UNIT ( * ) SI_UNIT ( .MILLI., .METRE. ) );
#2123 = EDGE_CURVE ( 'NONE', #2749, #3843, #1132, .T. ) ;
#2124 = AXIS2_PLACEMENT_3D ( 'NONE', #1960, #3490, #438 ) ;
#2125 = CONICAL_SURFACE ( 'NONE', #3298, 0.7000000000000009500, 0.1832595714594050000 ) ;
#2126 = ORIENTED_EDGE ( 'NONE', *, *, #2798, .T. ) ;
#2127 = DIRECTION ( 'NONE',  ( -7.395570986446985700E-032, -1.000000000000000000, -7.982189977661023200E-032 ) ) ;
#2128 = LINE ( 'NONE', #2363, #3210 ) ;
#2129 = EDGE_CURVE ( 'NONE', #2670, #3687, #52, .T. ) ;
#2130 = CARTESIAN_POINT ( 'NONE',  ( 12.70000000000002100, 0.5000000000000000000, 11.20000000000000800 ) ) ;
#2131 = ADVANCED_FACE ( 'NONE', ( #3754 ), #2125, .F. ) ;
#2132 = LINE ( 'NONE', #524, #617 ) ;
#2133 = CARTESIAN_POINT ( 'NONE',  ( -12.70000000000000100, 0.0000000000000000000, -11.19999999999998900 ) ) ;
#2134 = CARTESIAN_POINT ( 'NONE',  ( -11.19999999999999200, -9.400000000000002100, -11.19999999999999900 ) ) ;
#2135 = CONICAL_SURFACE ( 'NONE', #1845, 0.7000000000000009500, 0.1832595714594050000 ) ;
#2136 =( NAMED_UNIT ( * ) PLANE_ANGLE_UNIT ( ) SI_UNIT ( $, .RADIAN. ) );
#2137 = PLANE ( 'NONE',  #3654 ) ;
#2138 = CYLINDRICAL_SURFACE ( 'NONE', #1601, 1.100000000000000300 ) ;
#2139 = EDGE_CURVE ( 'NONE', #3633, #983, #2966, .T. ) ;
#2140 = ORIENTED_EDGE ( 'NONE', *, *, #3092, .F. ) ;
#2141 = DIRECTION ( 'NONE',  ( 0.0000000000000000000, 0.0000000000000000000, 1.000000000000000000 ) ) ;
#2142 = ORIENTED_EDGE ( 'NONE', *, *, #2001, .F. ) ;
#2143 = CARTESIAN_POINT ( 'NONE',  ( 11.23753400942223000, -3.000000000000000000, 10.49999999999999300 ) ) ;
#2144 = ORIENTED_EDGE ( 'NONE', *, *, #1042, .F. ) ;
#2145 = FACE_OUTER_BOUND ( 'NONE', #1542, .T. ) ;
#2146 = AXIS2_PLACEMENT_3D ( 'NONE', #2788, #2738, #985 ) ;
#2147 = ORIENTED_EDGE ( 'NONE', *, *, #303, .F. ) ;
#2148 = ADVANCED_FACE ( 'NONE', ( #517 ), #3342, .T. ) ;
#2149 = DIRECTION ( 'NONE',  ( -1.000000000000000000, -7.395570986446975800E-032, 6.779273404243061400E-032 ) ) ;
#2150 = EDGE_CURVE ( 'NONE', #2670, #3084, #3617, .T. ) ;
#2151 = DIRECTION ( 'NONE',  ( 0.0000000000000000000, 0.0000000000000000000, 1.000000000000000000 ) ) ;
#2152 = VERTEX_POINT ( 'NONE', #1300 ) ;
#2153 = DIRECTION ( 'NONE',  ( 7.395570986446985700E-032, 1.000000000000000000, 7.982189977661023200E-032 ) ) ;
#2154 = EDGE_LOOP ( 'NONE', ( #786, #2576, #2101, #1153 ) ) ;
#2155 = DIRECTION ( 'NONE',  ( 0.0000000000000000000, 1.000000000000000000, 0.0000000000000000000 ) ) ;
#2156 = CARTESIAN_POINT ( 'NONE',  ( -11.20000000000000100, -9.800000000000000700, -11.19999999999999900 ) ) ;
#2157 = EDGE_LOOP ( 'NONE', ( #1811, #2855, #31 ) ) ;
#2158 = APPLICATION_PROTOCOL_DEFINITION ( 'draft international standard', 'automotive_design', 1998, #354 ) ;
#2159 = VERTEX_POINT ( 'NONE', #3672 ) ;
#2160 = DIRECTION ( 'NONE',  ( 7.395570986446985700E-032, 1.000000000000000000, -7.982189977661013400E-032 ) ) ;
#2161 = DIRECTION ( 'NONE',  ( -1.000000000000000000, -7.395570986446975800E-032, 2.302730277845320100E-016 ) ) ;
#2162 = DIRECTION ( 'NONE',  ( 7.395570986446985700E-032, 1.000000000000000000, 7.982189977661023200E-032 ) ) ;
#2163 = CONICAL_SURFACE ( 'NONE', #3461, 0.7000000000000009500, 0.1832595714594050000 ) ;
#2164 = CARTESIAN_POINT ( 'NONE',  ( 5.100000000000005000, -3.252606517456513300E-016, -10.15000000000001100 ) ) ;
#2165 = CIRCLE ( 'NONE', #510, 0.5517287640547721100 ) ;
#2166 = ADVANCED_FACE ( 'NONE', ( #1735 ), #2194, .T. ) ;
#2167 = AXIS2_PLACEMENT_3D ( 'NONE', #1331, #1658, #1954 ) ;
#2168 =( NAMED_UNIT ( * ) SI_UNIT ( $, .STERADIAN. ) SOLID_ANGLE_UNIT ( ) );
#2169 = CIRCLE ( 'NONE', #73, 4.000000000000000000 ) ;
#2170 = CIRCLE ( 'NONE', #441, 0.5000000000000004400 ) ;
#2171 = EDGE_CURVE ( 'NONE', #2369, #2236, #2257, .T. ) ;
#2172 = FACE_BOUND ( 'NONE', #545, .T. ) ;
#2173 = CARTESIAN_POINT ( 'NONE',  ( 12.29999999999999900, -9.800000000000000700, -11.19999999999998900 ) ) ;
#2174 = CARTESIAN_POINT ( 'NONE',  ( -12.30000000000002200, 0.5000000000000000000, -11.30000000000001100 ) ) ;
#2175 = DIRECTION ( 'NONE',  ( -1.000000000000000000, 0.0000000000000000000, 0.0000000000000000000 ) ) ;
#2176 = CYLINDRICAL_SURFACE ( 'NONE', #2512, 1.100000000000000300 ) ;
#2177 = EDGE_CURVE ( 'NONE', #3411, #1657, #2018, .T. ) ;
#2178 = DIRECTION ( 'NONE',  ( 0.0000000000000000000, 0.0000000000000000000, 1.000000000000000000 ) ) ;
#2179 = FACE_OUTER_BOUND ( 'NONE', #327, .T. ) ;
#2180 = PRODUCT_DEFINITION_FORMATION_WITH_SPECIFIED_SOURCE ( 'ANY', '', #1291, .NOT_KNOWN. ) ;
#2181 =( REPRESENTATION_RELATIONSHIP ('NONE','NONE', #181, #2903 ) REPRESENTATION_RELATIONSHIP_WITH_TRANSFORMATION ( #3160 )SHAPE_REPRESENTATION_RELATIONSHIP( ) );
#2182 = CYLINDRICAL_SURFACE ( 'NONE', #2460, 1.499999999999999600 ) ;
#2183 = FACE_OUTER_BOUND ( 'NONE', #1395, .T. ) ;
#2184 = EDGE_LOOP ( 'NONE', ( #3419, #3046 ) ) ;
#2185 = DIRECTION ( 'NONE',  ( 0.0000000000000000000, 0.0000000000000000000, 1.000000000000000000 ) ) ;
#2186 = DIRECTION ( 'NONE',  ( 7.395570986446985700E-032, 1.000000000000000000, 7.982189977661023200E-032 ) ) ;
#2187 = EDGE_LOOP ( 'NONE', ( #3243, #3068, #3187, #595 ) ) ;
#2188 = CYLINDRICAL_SURFACE ( 'NONE', #2439, 0.5000000000000004400 ) ;
#2189 = DIRECTION ( 'NONE',  ( -1.000000000000000000, -7.395570986446976900E-032, 6.829619984160651900E-017 ) ) ;
#2190 = CLOSED_SHELL ( 'NONE', ( #1229, #2957, #647, #2166 ) ) ;
#2191 = DIRECTION ( 'NONE',  ( 1.000000000000000000, 8.628166150854806800E-032, -6.779273404243062500E-032 ) ) ;
#2192 = VERTEX_POINT ( 'NONE', #3709 ) ;
#2193 = VECTOR ( 'NONE', #842, 1000.000000000000000 ) ;
#2194 = PLANE ( 'NONE',  #2002 ) ;
#2195 = DIRECTION ( 'NONE',  ( 0.0000000000000000000, 0.0000000000000000000, 1.000000000000000000 ) ) ;
#2196 = PRODUCT_DEFINITION_CONTEXT ( 'detailed design', #3080, 'design' ) ;
#2197 = EDGE_CURVE ( 'NONE', #3424, #497, #3852, .T. ) ;
#2198 = AXIS2_PLACEMENT_3D ( 'NONE', #221, #2065, #260 ) ;
#2199 = ORIENTED_EDGE ( 'NONE', *, *, #2267, .F. ) ;
#2200 = ORIENTED_EDGE ( 'NONE', *, *, #3203, .F. ) ;
#2201 = AXIS2_PLACEMENT_3D ( 'NONE', #3344, #2464, #343 ) ;
#2202 = CARTESIAN_POINT ( 'NONE',  ( 0.0000000000000000000, 5.599999999999999600, 10.15000000000000000 ) ) ;
#2203 = DIRECTION ( 'NONE',  ( -1.000000000000000000, 0.0000000000000000000, 0.0000000000000000000 ) ) ;
#2204 = EDGE_CURVE ( 'NONE', #18, #643, #1233, .T. ) ;
#2205 = ORIENTED_EDGE ( 'NONE', *, *, #3171, .T. ) ;
#2206 = ORIENTED_EDGE ( 'NONE', *, *, #3553, .F. ) ;
#2207 = DIRECTION ( 'NONE',  ( 0.0000000000000000000, 0.0000000000000000000, 1.000000000000000000 ) ) ;
#2208 = ORIENTED_EDGE ( 'NONE', *, *, #3860, .T. ) ;
#2209 = ORIENTED_EDGE ( 'NONE', *, *, #2197, .T. ) ;
#2210 = ORIENTED_EDGE ( 'NONE', *, *, #2954, .T. ) ;
#2211 = AXIS2_PLACEMENT_3D ( 'NONE', #2795, #3387, #2473 ) ;
#2212 = CARTESIAN_POINT ( 'NONE',  ( 12.70000000000001900, 0.5000000000000000000, -11.20000000000001000 ) ) ;
#2213 = DIRECTION ( 'NONE',  ( -0.0000000000000000000, 1.000000000000000000, 0.0000000000000000000 ) ) ;
#2214 = VECTOR ( 'NONE', #3469, 1000.000000000000000 ) ;
#2215 = ORIENTED_EDGE ( 'NONE', *, *, #2441, .T. ) ;
#2216 = CARTESIAN_POINT ( 'NONE',  ( 11.19999999999999800, -8.300000000000002500, -11.19999999999999900 ) ) ;
#2217 = LINE ( 'NONE', #3070, #2397 ) ;
#2218 = CARTESIAN_POINT ( 'NONE',  ( -11.19999999999999800, -9.400000000000002100, -11.19999999999999900 ) ) ;
#2219 = CYLINDRICAL_SURFACE ( 'NONE', #2433, 4.000000000000005300 ) ;
#2220 = EDGE_CURVE ( 'NONE', #1149, #3053, #2865, .T. ) ;
#2221 = CIRCLE ( 'NONE', #504, 1.000000000000000900 ) ;
#2222 = DIRECTION ( 'NONE',  ( 0.0000000000000000000, -0.0000000000000000000, 1.000000000000000000 ) ) ;
#2223 = VECTOR ( 'NONE', #464, 1000.000000000000000 ) ;
#2224 = PRESENTATION_STYLE_ASSIGNMENT (( #27 ) ) ;
#2225 = DIRECTION ( 'NONE',  ( 0.0000000000000000000, 0.0000000000000000000, 1.000000000000000000 ) ) ;
#2226 = DIRECTION ( 'NONE',  ( 1.000000000000000000, 7.395570986446975800E-032, -6.779273404243061400E-032 ) ) ;
#2227 = CARTESIAN_POINT ( 'NONE',  ( 10.15000000000000900, 0.7999999999999999300, 10.15000000000000900 ) ) ;
#2228 = CARTESIAN_POINT ( 'NONE',  ( -10.19999999999999900, 5.599999999999999600, 10.15000000000000000 ) ) ;
#2229 = ORIENTED_EDGE ( 'NONE', *, *, #2150, .F. ) ;
#2230 = CONICAL_SURFACE ( 'NONE', #1314, 0.7000000000000009500, 0.1832595714594050000 ) ;
#2231 = EDGE_LOOP ( 'NONE', ( #3593, #3705 ) ) ;
#2232 = LINE ( 'NONE', #2329, #3226 ) ;
#2233 = DIRECTION ( 'NONE',  ( -0.0000000000000000000, -1.000000000000000000, -0.0000000000000000000 ) ) ;
#2234 = CARTESIAN_POINT ( 'NONE',  ( -10.15000000000000900, 0.7999999999999999300, 10.15000000000001100 ) ) ;
#2235 = PLANE ( 'NONE',  #577 ) ;
#2236 = VERTEX_POINT ( 'NONE', #2761 ) ;
#2237 = AXIS2_PLACEMENT_3D ( 'NONE', #2026, #2580, #1966 ) ;
#2238 = CARTESIAN_POINT ( 'NONE',  ( 10.15000000000000900, 0.7999999999999999300, 9.450000000000008200 ) ) ;
#2239 = CARTESIAN_POINT ( 'NONE',  ( -10.50000000000000000, -3.000000000000000000, -11.23753400942222700 ) ) ;
#2240 = VERTEX_POINT ( 'NONE', #1887 ) ;
#2241 = DIRECTION ( 'NONE',  ( -1.000000000000000000, 0.0000000000000000000, 0.0000000000000000000 ) ) ;
#2242 = EDGE_CURVE ( 'NONE', #30, #1009, #3427, .T. ) ;
#2243 = ORIENTED_EDGE ( 'NONE', *, *, #629, .F. ) ;
#2244 = DIRECTION ( 'NONE',  ( 0.0000000000000000000, 0.0000000000000000000, 1.000000000000000000 ) ) ;
#2245 = DIRECTION ( 'NONE',  ( 0.0000000000000000000, 0.0000000000000000000, 1.000000000000000000 ) ) ;
#2246 = ORIENTED_EDGE ( 'NONE', *, *, #458, .T. ) ;
#2247 = AXIS2_PLACEMENT_3D ( 'NONE', #137, #2827, #3144 ) ;
#2248 = DIRECTION ( 'NONE',  ( 0.0000000000000000000, 1.000000000000000000, 0.0000000000000000000 ) ) ;
#2249 = DIRECTION ( 'NONE',  ( 1.548860246407865100E-016, -0.0000000000000000000, 1.000000000000000000 ) ) ;
#2250 = EDGE_CURVE ( 'NONE', #2035, #2152, #235, .T. ) ;
#2251 = ORIENTED_EDGE ( 'NONE', *, *, #775, .T. ) ;
#2252 = ORIENTED_EDGE ( 'NONE', *, *, #1640, .T. ) ;
#2253 = MECHANICAL_DESIGN_GEOMETRIC_PRESENTATION_REPRESENTATION (  '', ( #1565 ), #1044 ) ;
#2254 = DIRECTION ( 'NONE',  ( -0.0000000000000000000, -1.000000000000000000, -0.0000000000000000000 ) ) ;
#2255 = PRODUCT_DEFINITION_SHAPE ( 'NONE', 'NONE',  #415 ) ;
#2256 = DIRECTION ( 'NONE',  ( 0.0000000000000000000, 0.0000000000000000000, 1.000000000000000000 ) ) ;
#2257 = LINE ( 'NONE', #1590, #3664 ) ;
#2258 = CIRCLE ( 'NONE', #1315, 0.7000000000000009500 ) ;
#2259 = DIRECTION ( 'NONE',  ( 0.0000000000000000000, 0.0000000000000000000, 1.000000000000000000 ) ) ;
#2260 = AXIS2_PLACEMENT_3D ( 'NONE', #3768, #154, #1631 ) ;
#2261 = VECTOR ( 'NONE', #2882, 1000.000000000000000 ) ;
#2262 = VECTOR ( 'NONE', #3420, 1000.000000000000000 ) ;
#2263 = ADVANCED_BREP_SHAPE_REPRESENTATION ( '', ( #1921, #216 ), #2987 ) ;
#2264 = CARTESIAN_POINT ( 'NONE',  ( 11.30000000000001100, 0.8000000000000000400, 11.70000000000001000 ) ) ;
#2265 = VECTOR ( 'NONE', #1284, 1000.000000000000000 ) ;
#2266 = CARTESIAN_POINT ( 'NONE',  ( -11.20000000000000100, -8.300000000000002500, -11.19999999999999900 ) ) ;
#2267 = EDGE_CURVE ( 'NONE', #352, #838, #2632, .T. ) ;
#2268 = AXIS2_PLACEMENT_3D ( 'NONE', #3059, #3645, #1238 ) ;
#2269 = CARTESIAN_POINT ( 'NONE',  ( 2.549999999999997200, -0.8000000000000000400, -10.15000000000000000 ) ) ;
#2270 = PLANE ( 'NONE',  #2672 ) ;
#2271 = FACE_BOUND ( 'NONE', #1359, .T. ) ;
#2272 = EDGE_CURVE ( 'NONE', #86, #2104, #1642, .T. ) ;
#2273 = FACE_OUTER_BOUND ( 'NONE', #2614, .T. ) ;
#2274 = DIRECTION ( 'NONE',  ( 0.0000000000000000000, 1.000000000000000000, 0.0000000000000000000 ) ) ;
#2275 = DIRECTION ( 'NONE',  ( -1.548860246407865100E-016, 0.0000000000000000000, -1.000000000000000000 ) ) ;
#2276 = ORIENTED_EDGE ( 'NONE', *, *, #837, .T. ) ;
#2277 = FACE_OUTER_BOUND ( 'NONE', #1381, .T. ) ;
#2278 = CARTESIAN_POINT ( 'NONE',  ( 4.200000000000002800, 0.0000000000000000000, -4.000000000000008900 ) ) ;
#2279 = EDGE_LOOP ( 'NONE', ( #2009, #89, #1926, #2481 ) ) ;
#2280 = EDGE_CURVE ( 'NONE', #2663, #1535, #2393, .T. ) ;
#2281 = AXIS2_PLACEMENT_3D ( 'NONE', #2467, #3707, #2829 ) ;
#2282 = ADVANCED_FACE ( 'NONE', ( #3169 ), #2163, .F. ) ;
#2283 = CARTESIAN_POINT ( 'NONE',  ( -2.550000000000002000, 0.8000000000000000400, 10.85000000000001200 ) ) ;
#2284 = EDGE_LOOP ( 'NONE', ( #3001, #3692, #646, #3222 ) ) ;
#2285 = ORIENTED_EDGE ( 'NONE', *, *, #1011, .T. ) ;
#2286 = AXIS2_PLACEMENT_3D ( 'NONE', #2378, #585, #3616 ) ;
#2287 = DIRECTION ( 'NONE',  ( 1.000000000000000000, 0.0000000000000000000, -1.548860246407865100E-016 ) ) ;
#2288 = ORIENTED_EDGE ( 'NONE', *, *, #3499, .F. ) ;
#2289 = DIRECTION ( 'NONE',  ( 0.0000000000000000000, 0.0000000000000000000, 1.000000000000000000 ) ) ;
#2290 = ORIENTED_EDGE ( 'NONE', *, *, #656, .T. ) ;
#2291 = EDGE_CURVE ( 'NONE', #3566, #3494, #3523, .T. ) ;
#2292 = VERTEX_POINT ( 'NONE', #1968 ) ;
#2293 = VERTEX_POINT ( 'NONE', #2870 ) ;
#2294 = ORIENTED_EDGE ( 'NONE', *, *, #1453, .T. ) ;
#2295 = DIRECTION ( 'NONE',  ( -0.0000000000000000000, -0.0000000000000000000, -1.000000000000000000 ) ) ;
#2296 = ADVANCED_FACE ( 'NONE', ( #3569 ), #1925, .T. ) ;
#2297 = CARTESIAN_POINT ( 'NONE',  ( -10.15000000000000200, -0.8000000000000000400, -10.15000000000000000 ) ) ;
#2298 = AXIS2_PLACEMENT_3D ( 'NONE', #2748, #3355, #2734 ) ;
#2299 = FACE_OUTER_BOUND ( 'NONE', #2498, .T. ) ;
#2300 = EDGE_LOOP ( 'NONE', ( #3695, #1498, #1488, #130 ) ) ;
#2301 = VECTOR ( 'NONE', #1810, 1000.000000000000000 ) ;
#2302 = CARTESIAN_POINT ( 'NONE',  ( -2.550000000000002500, 5.599999999999999600, -10.65000000000000200 ) ) ;
#2303 = CONICAL_SURFACE ( 'NONE', #3881, 0.5500000000000001600, 0.3490658503988666700 ) ;
#2304 = DIRECTION ( 'NONE',  ( 0.0000000000000000000, 8.726796887628082700E-032, 1.000000000000000000 ) ) ;
#2305 = PRODUCT_DEFINITION_SHAPE ( 'NONE', 'NONE',  #3905 ) ;
#2306 = CONICAL_SURFACE ( 'NONE', #3522, 0.7000000000000009500, 0.1832595714594050000 ) ;
#2307 = DIRECTION ( 'NONE',  ( 0.08715574274765820800, 0.9961946980917455500, -7.559555650527894600E-016 ) ) ;
#2308 = DIRECTION ( 'NONE',  ( -0.0000000000000000000, -1.000000000000000000, -0.0000000000000000000 ) ) ;
#2309 = EDGE_CURVE ( 'NONE', #887, #1027, #795, .T. ) ;
#2310 = DIRECTION ( 'NONE',  ( -4.930380657631312300E-032, 0.0000000000000000000, 1.000000000000000000 ) ) ;
#2311 = AXIS2_PLACEMENT_3D ( 'NONE', #175, #2274, #2587 ) ;
#2312 = CARTESIAN_POINT ( 'NONE',  ( -12.30000000000000200, -8.300000000000002500, -11.19999999999999200 ) ) ;
#2313 = LINE ( 'NONE', #1344, #3035 ) ;
#2314 = ORIENTED_EDGE ( 'NONE', *, *, #2511, .T. ) ;
#2315 = ORIENTED_EDGE ( 'NONE', *, *, #3613, .T. ) ;
#2316 = CARTESIAN_POINT ( 'NONE',  ( -5.100000000000005000, 0.8000000000000001600, -9.450000000000009900 ) ) ;
#2317 = AXIS2_PLACEMENT_3D ( 'NONE', #2387, #14, #2658 ) ;
#2318 = ADVANCED_FACE ( 'NONE', ( #3074 ), #3123, .T. ) ;
#2319 = EDGE_CURVE ( 'NONE', #3240, #2816, #1593, .T. ) ;
#2320 = ORIENTED_EDGE ( 'NONE', *, *, #3281, .F. ) ;
#2321 = LINE ( 'NONE', #2071, #3685 ) ;
#2322 = ORIENTED_EDGE ( 'NONE', *, *, #2540, .T. ) ;
#2323 = VECTOR ( 'NONE', #2402, 1000.000000000000000 ) ;
#2324 = DIRECTION ( 'NONE',  ( 7.395570986446985700E-032, 1.000000000000000000, 7.982189977661023200E-032 ) ) ;
#2325 = ORIENTED_EDGE ( 'NONE', *, *, #135, .T. ) ;
#2326 = LINE ( 'NONE', #2499, #3050 ) ;
#2327 = AXIS2_PLACEMENT_3D ( 'NONE', #359, #335, #2141 ) ;
#2328 = EDGE_LOOP ( 'NONE', ( #1896, #96, #1377, #3466 ) ) ;
#2329 = CARTESIAN_POINT ( 'NONE',  ( -11.30000000000000800, 1.500000000000000000, 12.30000000000002000 ) ) ;
#2330 = CARTESIAN_POINT ( 'NONE',  ( 5.100000000000005000, 0.8000000000000001600, -10.85000000000001200 ) ) ;
#2331 =( NAMED_UNIT ( * ) SI_UNIT ( $, .STERADIAN. ) SOLID_ANGLE_UNIT ( ) );
#2332 = VERTEX_POINT ( 'NONE', #228 ) ;
#2333 = ORIENTED_EDGE ( 'NONE', *, *, #311, .T. ) ;
#2334 = ORIENTED_EDGE ( 'NONE', *, *, #2753, .T. ) ;
#2335 = DIRECTION ( 'NONE',  ( 0.0000000000000000000, 1.000000000000000000, 0.0000000000000000000 ) ) ;
#2336 = EDGE_CURVE ( 'NONE', #261, #3424, #1, .T. ) ;
#2337 = AXIS2_PLACEMENT_3D ( 'NONE', #1979, #434, #788 ) ;
#2338 = EDGE_LOOP ( 'NONE', ( #134, #1256 ) ) ;
#2339 = ADVANCED_FACE ( 'NONE', ( #467 ), #143, .F. ) ;
#2340 = CARTESIAN_POINT ( 'NONE',  ( -2.550000000000002000, 4.404003810825308200E-032, 10.70172876405478500 ) ) ;
#2341 = CARTESIAN_POINT ( 'NONE',  ( 8.572527594031554500E-017, 0.8000000000000001600, -10.85000000000001200 ) ) ;
#2342 = ORIENTED_EDGE ( 'NONE', *, *, #2886, .T. ) ;
#2343 = EDGE_CURVE ( 'NONE', #1014, #1370, #2537, .T. ) ;
#2344 =( NAMED_UNIT ( * ) PLANE_ANGLE_UNIT ( ) SI_UNIT ( $, .RADIAN. ) );
#2345 = EDGE_LOOP ( 'NONE', ( #2722, #1862, #1630 ) ) ;
#2346 = DIRECTION ( 'NONE',  ( 1.000000000000000000, 0.0000000000000000000, 0.0000000000000000000 ) ) ;
#2347 = CONICAL_SURFACE ( 'NONE', #3157, 0.7000000000000009500, 0.1832595714594050000 ) ;
#2348 = CIRCLE ( 'NONE', #3767, 1.500000000000001300 ) ;
#2349 =( NAMED_UNIT ( * ) SI_UNIT ( $, .STERADIAN. ) SOLID_ANGLE_UNIT ( ) );
#2350 = DIRECTION ( 'NONE',  ( 0.0000000000000000000, 1.000000000000000000, 0.0000000000000000000 ) ) ;
#2351 = FACE_BOUND ( 'NONE', #593, .T. ) ;
#2352 = ORIENTED_EDGE ( 'NONE', *, *, #558, .T. ) ;
#2353 = ADVANCED_FACE ( 'NONE', ( #2299 ), #1884, .T. ) ;
#2354 = CIRCLE ( 'NONE', #982, 0.5000000000000004400 ) ;
#2355 = AXIS2_PLACEMENT_3D ( 'NONE', #1907, #1615, #3784 ) ;
#2356 = FACE_OUTER_BOUND ( 'NONE', #869, .T. ) ;
#2357 = CARTESIAN_POINT ( 'NONE',  ( 0.0000000000000000000, 0.0000000000000000000, 0.0000000000000000000 ) ) ;
#2358 = COLOUR_RGB ( '',0.7529411764705882200, 0.7529411764705882200, 0.7529411764705882200 ) ;
#2359 = CARTESIAN_POINT ( 'NONE',  ( -4.199999999999999300, -0.8000000000000000400, 4.000000000000000000 ) ) ;
#2360 = CYLINDRICAL_SURFACE ( 'NONE', #1934, 1.100000000000000300 ) ;
#2361 = EDGE_CURVE ( 'NONE', #497, #2462, #1499, .T. ) ;
#2362 = VECTOR ( 'NONE', #3129, 1000.000000000000000 ) ;
#2363 = CARTESIAN_POINT ( 'NONE',  ( -11.23753400942222700, -3.000000000000000000, -10.50000000000000000 ) ) ;
#2364 = ORIENTED_EDGE ( 'NONE', *, *, #249, .F. ) ;
#2365 = LINE ( 'NONE', #882, #3590 ) ;
#2366 = DIRECTION ( 'NONE',  ( 0.0000000000000000000, 0.0000000000000000000, -1.000000000000000000 ) ) ;
#2367 = ORIENTED_EDGE ( 'NONE', *, *, #1844, .T. ) ;
#2368 = EDGE_CURVE ( 'NONE', #3010, #2066, #939, .T. ) ;
#2369 = VERTEX_POINT ( 'NONE', #2278 ) ;
#2370 = SURFACE_STYLE_FILL_AREA ( #2910 ) ;
#2371 = ORIENTED_EDGE ( 'NONE', *, *, #2280, .F. ) ;
#2372 = VERTEX_POINT ( 'NONE', #2899 ) ;
#2373 = CARTESIAN_POINT ( 'NONE',  ( -11.30000000000001000, 0.8000000000000000400, 11.70000000000001200 ) ) ;
#2374 = ORIENTED_EDGE ( 'NONE', *, *, #2384, .F. ) ;
#2375 = DIRECTION ( 'NONE',  ( 0.0000000000000000000, 0.0000000000000000000, -1.000000000000000000 ) ) ;
#2376 = CARTESIAN_POINT ( 'NONE',  ( 12.30000000000002000, 1.500000000000000000, -11.30000000000001500 ) ) ;
#2377 = ORIENTED_EDGE ( 'NONE', *, *, #1453, .F. ) ;
#2378 = CARTESIAN_POINT ( 'NONE',  ( 0.0000000000000000000, -0.5000000000000000000, 0.0000000000000000000 ) ) ;
#2379 = VERTEX_POINT ( 'NONE', #3183 ) ;
#2380 = CARTESIAN_POINT ( 'NONE',  ( -11.20000000000000100, -9.800000000000000700, -11.19999999999998900 ) ) ;
#2381 = CARTESIAN_POINT ( 'NONE',  ( 11.19999999999999000, -8.300000000000002500, 12.69999999999999900 ) ) ;
#2382 = ORIENTED_EDGE ( 'NONE', *, *, #404, .F. ) ;
#2383 = CARTESIAN_POINT ( 'NONE',  ( 0.0000000000000000000, 0.0000000000000000000, 0.0000000000000000000 ) ) ;
#2384 = EDGE_CURVE ( 'NONE', #1945, #1298, #58, .T. ) ;
#2385 = AXIS2_PLACEMENT_3D ( 'NONE', #2602, #218, #3514 ) ;
#2386 = ORIENTED_EDGE ( 'NONE', *, *, #468, .T. ) ;
#2387 = CARTESIAN_POINT ( 'NONE',  ( -12.30000000000000200, -9.800000000000000700, -11.19999999999998900 ) ) ;
#2388 = CARTESIAN_POINT ( 'NONE',  ( -11.19999999999999800, -8.300000000000002500, 11.19999999999999900 ) ) ;
#2389 = DIRECTION ( 'NONE',  ( -1.000000000000000000, 0.0000000000000000000, 6.938893903907230000E-015 ) ) ;
#2390 = CARTESIAN_POINT ( 'NONE',  ( -10.19999999999999900, -0.8000000000000000400, 10.15000000000000000 ) ) ;
#2391 = AXIS2_PLACEMENT_3D ( 'NONE', #2766, #3666, #2422 ) ;
#2392 = EDGE_CURVE ( 'NONE', #1535, #605, #3433, .T. ) ;
#2393 = CIRCLE ( 'NONE', #1650, 0.3999999999999993000 ) ;
#2394 = DIRECTION ( 'NONE',  ( -1.000000000000000000, -0.0000000000000000000, -0.0000000000000000000 ) ) ;
#2395 = LINE ( 'NONE', #1874, #614 ) ;
#2396 = CARTESIAN_POINT ( 'NONE',  ( 10.19999999999999900, -0.8000000000000000400, 10.65000000000000200 ) ) ;
#2397 = VECTOR ( 'NONE', #324, 1000.000000000000000 ) ;
#2398 = AXIS2_PLACEMENT_3D ( 'NONE', #3700, #66, #2771 ) ;
#2399 = DIRECTION ( 'NONE',  ( 0.0000000000000000000, 1.000000000000000000, 0.0000000000000000000 ) ) ;
#2400 = PLANE ( 'NONE',  #2689 ) ;
#2401 = LINE ( 'NONE', #3776, #1239 ) ;
#2402 = DIRECTION ( 'NONE',  ( -0.0000000000000000000, -1.000000000000000000, -0.0000000000000000000 ) ) ;
#2403 = DIRECTION ( 'NONE',  ( 0.0000000000000000000, 0.0000000000000000000, 1.000000000000000000 ) ) ;
#2404 = VECTOR ( 'NONE', #1509, 1000.000000000000100 ) ;
#2405 = AXIS2_PLACEMENT_3D ( 'NONE', #2936, #1997, #252 ) ;
#2406 = SURFACE_SIDE_STYLE ('',( #3725 ) ) ;
#2407 = VERTEX_POINT ( 'NONE', #2913 ) ;
#2408 = LINE ( 'NONE', #1412, #1102 ) ;
#2409 = ADVANCED_FACE ( 'NONE', ( #2078 ), #3670, .F. ) ;
#2410 = CARTESIAN_POINT ( 'NONE',  ( 2.550000000000002900, 3.252606517456513800E-016, 10.70172876405478500 ) ) ;
#2411 = EDGE_CURVE ( 'NONE', #2192, #2152, #1690, .T. ) ;
#2412 = ORIENTED_EDGE ( 'NONE', *, *, #2812, .F. ) ;
#2413 = VECTOR ( 'NONE', #7, 1000.000000000000000 ) ;
#2414 = CARTESIAN_POINT ( 'NONE',  ( 12.70000000000000100, 0.0000000000000000000, 11.19999999999998900 ) ) ;
#2415 = ORIENTED_EDGE ( 'NONE', *, *, #854, .F. ) ;
#2416 = CIRCLE ( 'NONE', #3376, 0.7000000000000009500 ) ;
#2417 = CARTESIAN_POINT ( 'NONE',  ( 11.19999999999998900, 0.0000000000000000000, -12.69999999999999900 ) ) ;
#2418 = DIRECTION ( 'NONE',  ( 0.0000000000000000000, 0.0000000000000000000, 1.000000000000000000 ) ) ;
#2419 = ORIENTED_EDGE ( 'NONE', *, *, #3487, .F. ) ;
#2420 = ORIENTED_EDGE ( 'NONE', *, *, #3414, .F. ) ;
#2421 = ORIENTED_EDGE ( 'NONE', *, *, #596, .T. ) ;
#2422 = DIRECTION ( 'NONE',  ( 0.0000000000000000000, 0.0000000000000000000, 1.000000000000000000 ) ) ;
#2423 = DIRECTION ( 'NONE',  ( 0.0000000000000000000, 0.0000000000000000000, 1.000000000000000000 ) ) ;
#2424 = VERTEX_POINT ( 'NONE', #776 ) ;
#2425 = DIRECTION ( 'NONE',  ( 0.0000000000000000000, 0.0000000000000000000, -1.000000000000000000 ) ) ;
#2426 = ORIENTED_EDGE ( 'NONE', *, *, #3726, .T. ) ;
#2427 = ADVANCED_FACE ( 'NONE', ( #3574 ), #1970, .T. ) ;
#2428 = AXIS2_PLACEMENT_3D ( 'NONE', #3476, #3789, #196 ) ;
#2429 = ORIENTED_EDGE ( 'NONE', *, *, #3266, .F. ) ;
#2430 = DIRECTION ( 'NONE',  ( -4.930380657631312300E-032, 0.0000000000000000000, 1.000000000000000000 ) ) ;
#2431 = CARTESIAN_POINT ( 'NONE',  ( 0.0000000000000000000, 0.4999999999999952300, -7.878169394530215100E-016 ) ) ;
#2432 = EDGE_CURVE ( 'NONE', #2462, #231, #563, .T. ) ;
#2433 = AXIS2_PLACEMENT_3D ( 'NONE', #3503, #3802, #2613 ) ;
#2434 = VECTOR ( 'NONE', #1251, 1000.000000000000000 ) ;
#2435 = DIRECTION ( 'NONE',  ( -1.000000000000000000, 0.0000000000000000000, 6.938893903907230000E-015 ) ) ;
#2436 = CARTESIAN_POINT ( 'NONE',  ( -11.20000000000001200, 0.5000000000000000000, -11.20000000000001000 ) ) ;
#2437 = DIRECTION ( 'NONE',  ( 0.0000000000000000000, 0.0000000000000000000, -1.000000000000000000 ) ) ;
#2438 = VECTOR ( 'NONE', #2593, 1000.000000000000000 ) ;
#2439 = AXIS2_PLACEMENT_3D ( 'NONE', #3230, #3519, #3821 ) ;
#2440 = CIRCLE ( 'NONE', #1952, 0.7000000000000009500 ) ;
#2441 = EDGE_CURVE ( 'NONE', #2668, #2236, #2586, .T. ) ;
#2442 = CARTESIAN_POINT ( 'NONE',  ( 10.20000000000001000, -3.252606517456513300E-016, -10.15000000000001100 ) ) ;
#2443 = FACE_OUTER_BOUND ( 'NONE', #1306, .T. ) ;
#2444 = DIRECTION ( 'NONE',  ( 0.0000000000000000000, 1.000000000000000000, 0.0000000000000000000 ) ) ;
#2445 = PRODUCT_DEFINITION_FORMATION_WITH_SPECIFIED_SOURCE ( 'ANY', '', #3034, .NOT_KNOWN. ) ;
#2446 = EDGE_LOOP ( 'NONE', ( #2294, #2611 ) ) ;
#2447 = LINE ( 'NONE', #3701, #3131 ) ;
#2448 = PRODUCT_CONTEXT ( 'NONE', #354, 'mechanical' ) ;
#2449 = ADVANCED_FACE ( 'NONE', ( #1930 ), #2659, .T. ) ;
#2450 = CIRCLE ( 'NONE', #3421, 0.5000000000000004400 ) ;
#2451 = ORIENTED_EDGE ( 'NONE', *, *, #3288, .F. ) ;
#2452 = AXIS2_PLACEMENT_3D ( 'NONE', #3279, #1089, #2801 ) ;
#2453 = FACE_BOUND ( 'NONE', #180, .T. ) ;
#2454 = CIRCLE ( 'NONE', #487, 0.5517287640547738900 ) ;
#2455 = DIRECTION ( 'NONE',  ( 0.0000000000000000000, 1.000000000000000000, 0.0000000000000000000 ) ) ;
#2456 = PLANE ( 'NONE',  #527 ) ;
#2457 = ORIENTED_EDGE ( 'NONE', *, *, #1461, .F. ) ;
#2458 = EDGE_CURVE ( 'NONE', #2802, #2035, #3174, .T. ) ;
#2459 = FACE_OUTER_BOUND ( 'NONE', #3539, .T. ) ;
#2460 = AXIS2_PLACEMENT_3D ( 'NONE', #3151, #3429, #2470 ) ;
#2461 = PRODUCT_CONTEXT ( 'NONE', #929, 'mechanical' ) ;
#2462 = VERTEX_POINT ( 'NONE', #2072 ) ;
#2463 = FACE_OUTER_BOUND ( 'NONE', #3199, .T. ) ;
#2464 = DIRECTION ( 'NONE',  ( 0.0000000000000000000, 1.000000000000000000, 0.0000000000000000000 ) ) ;
#2465 = DIRECTION ( 'NONE',  ( 2.302730277845319100E-016, 8.013949756639679900E-032, 1.000000000000000000 ) ) ;
#2466 = EDGE_CURVE ( 'NONE', #1627, #33, #2348, .T. ) ;
#2467 = CARTESIAN_POINT ( 'NONE',  ( -4.199999999999999300, -0.8000000000000000400, 0.0000000000000000000 ) ) ;
#2468 = ORIENTED_EDGE ( 'NONE', *, *, #3121, .T. ) ;
#2469 = ORIENTED_EDGE ( 'NONE', *, *, #1606, .T. ) ;
#2470 = DIRECTION ( 'NONE',  ( 0.0000000000000000000, 0.0000000000000000000, 1.000000000000000000 ) ) ;
#2471 = ORIENTED_EDGE ( 'NONE', *, *, #854, .T. ) ;
#2472 = ORIENTED_EDGE ( 'NONE', *, *, #1663, .T. ) ;
#2473 = DIRECTION ( 'NONE',  ( 0.0000000000000000000, 0.0000000000000000000, -1.000000000000000000 ) ) ;
#2474 = ORIENTED_EDGE ( 'NONE', *, *, #2220, .F. ) ;
#2475 = APPLICATION_PROTOCOL_DEFINITION ( 'draft international standard', 'automotive_design', 1998, #929 ) ;
#2476 = VERTEX_POINT ( 'NONE', #1734 ) ;
#2477 = AXIS2_PLACEMENT_3D ( 'NONE', #689, #1296, #2521 ) ;
#2478 = ORIENTED_EDGE ( 'NONE', *, *, #837, .F. ) ;
#2479 = DIRECTION ( 'NONE',  ( -8.260587980841944900E-017, 0.0000000000000000000, -1.000000000000000000 ) ) ;
#2480 = CARTESIAN_POINT ( 'NONE',  ( -11.20000000000000100, -8.300000000000002500, -11.19999999999998900 ) ) ;
#2481 = ORIENTED_EDGE ( 'NONE', *, *, #2886, .F. ) ;
#2482 = CARTESIAN_POINT ( 'NONE',  ( 12.70000000000001900, 0.4999999999999996700, -12.70000000000002100 ) ) ;
#2483 = AXIS2_PLACEMENT_3D ( 'NONE', #1769, #1798, #3292 ) ;
#2484 = LINE ( 'NONE', #3587, #754 ) ;
#2485 = FACE_OUTER_BOUND ( 'NONE', #2061, .T. ) ;
#2486 = EDGE_CURVE ( 'NONE', #171, #497, #1277, .T. ) ;
#2487 = PRODUCT ( 'DKMW30組合圖-1060103', 'DKMW30組合圖-1060103', '', ( #949 ) ) ;
#2488 = FACE_OUTER_BOUND ( 'NONE', #3198, .T. ) ;
#2489 = CARTESIAN_POINT ( 'NONE',  ( 11.43000906917926200, -0.8000000000000000400, -10.49999999999999300 ) ) ;
#2490 = CARTESIAN_POINT ( 'NONE',  ( 10.50000000000000000, 0.0000000000000000000, -10.49999999999999800 ) ) ;
#2491 = UNCERTAINTY_MEASURE_WITH_UNIT (LENGTH_MEASURE( 1.000000000000000100E-005 ), #3280, 'distance_accuracy_value', 'NONE');
#2492 = DIRECTION ( 'NONE',  ( 0.0000000000000000000, 0.0000000000000000000, 1.000000000000000000 ) ) ;
#2493 = SURFACE_SIDE_STYLE ('',( #2822 ) ) ;
#2494 = CARTESIAN_POINT ( 'NONE',  ( -12.70000000000000100, -9.800000000000000700, -11.19999999999998900 ) ) ;
#2495 = VECTOR ( 'NONE', #1384, 1000.000000000000000 ) ;
#2496 = DIRECTION ( 'NONE',  ( 7.395570986446985700E-032, 1.000000000000000000, 7.982189977661023200E-032 ) ) ;
#2497 = VECTOR ( 'NONE', #1795, 1000.000000000000000 ) ;
#2498 = EDGE_LOOP ( 'NONE', ( #40, #1569, #1462, #2420 ) ) ;
#2499 = CARTESIAN_POINT ( 'NONE',  ( 12.29999999999999900, -8.300000000000002500, -11.19999999999998900 ) ) ;
#2500 = FILL_AREA_STYLE ('',( #1584 ) ) ;
#2501 = DIRECTION ( 'NONE',  ( 7.395570986446985700E-032, 1.000000000000000000, 7.982189977661023200E-032 ) ) ;
#2502 = ORIENTED_EDGE ( 'NONE', *, *, #3347, .F. ) ;
#2503 = LINE ( 'NONE', #712, #3139 ) ;
#2504 = DIRECTION ( 'NONE',  ( -1.000000000000000000, 0.0000000000000000000, 0.0000000000000000000 ) ) ;
#2505 = ORIENTED_EDGE ( 'NONE', *, *, #161, .F. ) ;
#2506 = VECTOR ( 'NONE', #3247, 1000.000000000000000 ) ;
#2507 = CARTESIAN_POINT ( 'NONE',  ( -10.20000000000001000, 0.8000000000000001600, -10.85000000000001200 ) ) ;
#2508 = CARTESIAN_POINT ( 'NONE',  ( -4.199999999999999300, -0.8000000000000000400, -4.000000000000000000 ) ) ;
#2509 = DIRECTION ( 'NONE',  ( -0.0000000000000000000, 0.0000000000000000000, -1.000000000000000000 ) ) ;
#2510 = ORIENTED_EDGE ( 'NONE', *, *, #1472, .F. ) ;
#2511 = EDGE_CURVE ( 'NONE', #2708, #3193, #2440, .T. ) ;
#2512 = AXIS2_PLACEMENT_3D ( 'NONE', #3460, #2875, #483 ) ;
#2513 = VERTEX_POINT ( 'NONE', #3535 ) ;
#2514 = VECTOR ( 'NONE', #3847, 1000.000000000000000 ) ;
#2515 = ORIENTED_EDGE ( 'NONE', *, *, #2466, .T. ) ;
#2516 = ORIENTED_EDGE ( 'NONE', *, *, #85, .F. ) ;
#2517 = PRESENTATION_LAYER_ASSIGNMENT (  '', '', ( #636 ) ) ;
#2518 = DIRECTION ( 'NONE',  ( 0.0000000000000000000, 1.000000000000000000, 0.0000000000000000000 ) ) ;
#2519 = EDGE_CURVE ( 'NONE', #996, #1905, #337, .T. ) ;
#2520 = ORIENTED_EDGE ( 'NONE', *, *, #3092, .T. ) ;
#2521 = DIRECTION ( 'NONE',  ( 0.0000000000000000000, 0.0000000000000000000, 1.000000000000000000 ) ) ;
#2522 = ORIENTED_EDGE ( 'NONE', *, *, #2746, .T. ) ;
#2523 = CARTESIAN_POINT ( 'NONE',  ( -12.30000000000002200, 1.500000000000000000, -11.30000000000001100 ) ) ;
#2524 = ORIENTED_EDGE ( 'NONE', *, *, #3897, .T. ) ;
#2525 = CARTESIAN_POINT ( 'NONE',  ( 12.30000000000002000, 1.500000000000000000, 11.30000000000001000 ) ) ;
#2526 = EDGE_LOOP ( 'NONE', ( #550, #2215, #1608, #3312 ) ) ;
#2527 = CARTESIAN_POINT ( 'NONE',  ( -12.70000000000002200, 0.5000000000000000000, -12.70000000000002100 ) ) ;
#2528 = DIRECTION ( 'NONE',  ( 1.000000000000000000, 0.0000000000000000000, -0.0000000000000000000 ) ) ;
#2529 = SHAPE_DEFINITION_REPRESENTATION ( #2255, #1514 ) ;
#2530 = ORIENTED_EDGE ( 'NONE', *, *, #2739, .F. ) ;
#2531 = EDGE_CURVE ( 'NONE', #2293, #1337, #1789, .T. ) ;
#2532 = AXIS2_PLACEMENT_3D ( 'NONE', #50, #635, #2151 ) ;
#2533 = CARTESIAN_POINT ( 'NONE',  ( -11.70000000000001200, 0.8000000000000000400, -11.30000000000001100 ) ) ;
#2534 = DIRECTION ( 'NONE',  ( 0.0000000000000000000, 1.000000000000000000, 0.0000000000000000000 ) ) ;
#2535 = EDGE_LOOP ( 'NONE', ( #3714, #1258, #2371, #1230 ) ) ;
#2536 = DIRECTION ( 'NONE',  ( 0.0000000000000000000, 0.0000000000000000000, -1.000000000000000000 ) ) ;
#2537 = CIRCLE ( 'NONE', #2864, 0.5500000000000001600 ) ;
#2538 = ORIENTED_EDGE ( 'NONE', *, *, #3414, .T. ) ;
#2539 = CARTESIAN_POINT ( 'NONE',  ( 10.19999999999999900, 5.599999999999999600, 10.15000000000000000 ) ) ;
#2540 = EDGE_CURVE ( 'NONE', #231, #1487, #989, .T. ) ;
#2541 = DIRECTION ( 'NONE',  ( 0.0000000000000000000, 0.0000000000000000000, -1.000000000000000000 ) ) ;
#2542 = AXIS2_PLACEMENT_3D ( 'NONE', #1702, #3257, #2011 ) ;
#2543 = VECTOR ( 'NONE', #2956, 1000.000000000000000 ) ;
#2544 = CARTESIAN_POINT ( 'NONE',  ( 4.200000000000003700, -1.200000000000000200, 4.000000000000001800 ) ) ;
#2545 = EDGE_CURVE ( 'NONE', #3005, #2918, #3209, .T. ) ;
#2546 = EDGE_LOOP ( 'NONE', ( #722, #3228, #537, #405, #2140, #3631, #1303, #3497 ) ) ;
#2547 = CARTESIAN_POINT ( 'NONE',  ( -11.30000000000001300, 0.8000000000000000400, -11.70000000000001000 ) ) ;
#2548 = DIRECTION ( 'NONE',  ( -1.548860246407865100E-016, 0.0000000000000000000, -1.000000000000000000 ) ) ;
#2549 = CARTESIAN_POINT ( 'NONE',  ( -10.15000000000000200, 5.599999999999999600, -10.15000000000000000 ) ) ;
#2550 = CIRCLE ( 'NONE', #2124, 0.5517287640547721100 ) ;
#2551 = CARTESIAN_POINT ( 'NONE',  ( 10.50000000000000200, -0.8000000000000000400, 10.50000000000000000 ) ) ;
#2552 = EDGE_LOOP ( 'NONE', ( #2110, #2091 ) ) ;
#2553 = CARTESIAN_POINT ( 'NONE',  ( -10.20000000000001000, 0.8000000000000001600, -10.15000000000001100 ) ) ;
#2554 = CARTESIAN_POINT ( 'NONE',  ( -11.70000000000001200, 0.8000000000000000400, -11.30000000000001100 ) ) ;
#2555 = CIRCLE ( 'NONE', #451, 0.4000000000000010200 ) ;
#2556 = DIRECTION ( 'NONE',  ( -1.000000000000000000, -0.0000000000000000000, -6.938893903907230000E-015 ) ) ;
#2557 = ORIENTED_EDGE ( 'NONE', *, *, #558, .F. ) ;
#2558 = FACE_OUTER_BOUND ( 'NONE', #3124, .T. ) ;
#2559 = DIRECTION ( 'NONE',  ( 0.0000000000000000000, 0.0000000000000000000, -1.000000000000000000 ) ) ;
#2560 = ORIENTED_EDGE ( 'NONE', *, *, #762, .F. ) ;
#2561 = STYLED_ITEM ( 'NONE', ( #1572 ), #2957 ) ;
#2562 = DIRECTION ( 'NONE',  ( -7.395570986446985700E-032, -1.000000000000000000, -7.982189977661023200E-032 ) ) ;
#2563 = PRODUCT_DEFINITION_SHAPE ( 'NONE', 'NONE',  #3903 ) ;
#2564 = ORIENTED_EDGE ( 'NONE', *, *, #2540, .F. ) ;
#2565 = CARTESIAN_POINT ( 'NONE',  ( 11.20000000000000100, -8.300000000000002500, 11.19999999999999900 ) ) ;
#2566 = CARTESIAN_POINT ( 'NONE',  ( -10.19999999999999900, 5.599999999999999600, 10.65000000000000200 ) ) ;
#2567 = EDGE_CURVE ( 'NONE', #607, #556, #2170, .T. ) ;
#2568 = ORIENTED_EDGE ( 'NONE', *, *, #1961, .T. ) ;
#2569 = CARTESIAN_POINT ( 'NONE',  ( 12.70000000000000100, -8.300000000000002500, 11.19999999999998900 ) ) ;
#2570 = CARTESIAN_POINT ( 'NONE',  ( 12.30000000000002000, 0.5000000000000000000, 11.30000000000001000 ) ) ;
#2571 = ORIENTED_EDGE ( 'NONE', *, *, #2625, .T. ) ;
#2572 = EDGE_CURVE ( 'NONE', #2292, #1070, #2780, .T. ) ;
#2573 = ORIENTED_EDGE ( 'NONE', *, *, #1486, .F. ) ;
#2574 = PLANE ( 'NONE',  #3264 ) ;
#2575 = CARTESIAN_POINT ( 'NONE',  ( -11.30000000000000800, 0.5000000000000000000, 12.30000000000002000 ) ) ;
#2576 = ORIENTED_EDGE ( 'NONE', *, *, #3185, .T. ) ;
#2577 = ADVANCED_FACE ( 'NONE', ( #2686 ), #189, .T. ) ;
#2578 = DIRECTION ( 'NONE',  ( 0.0000000000000000000, 1.000000000000000000, 0.0000000000000000000 ) ) ;
#2579 = ORIENTED_EDGE ( 'NONE', *, *, #2930, .T. ) ;
#2580 = DIRECTION ( 'NONE',  ( 0.0000000000000000000, 1.000000000000000000, 0.0000000000000000000 ) ) ;
#2581 = DIRECTION ( 'NONE',  ( 1.000000000000000000, 8.628166150854806800E-032, -7.675767592817736600E-017 ) ) ;
#2582 = CARTESIAN_POINT ( 'NONE',  ( -10.19999999999999900, 5.599999999999999600, 10.15000000000000000 ) ) ;
#2583 = ORIENTED_EDGE ( 'NONE', *, *, #2688, .T. ) ;
#2584 = VERTEX_POINT ( 'NONE', #3043 ) ;
#2585 = CARTESIAN_POINT ( 'NONE',  ( 10.19999999999999900, -0.8000000000000000400, 10.15000000000000000 ) ) ;
#2586 = CIRCLE ( 'NONE', #1859, 4.000000000000005300 ) ;
#2587 = DIRECTION ( 'NONE',  ( 0.0000000000000000000, 0.0000000000000000000, 1.000000000000000000 ) ) ;
#2588 = FACE_OUTER_BOUND ( 'NONE', #1484, .T. ) ;
#2589 = DIRECTION ( 'NONE',  ( -6.829619984160653100E-017, -7.260463856580751100E-032, -1.000000000000000000 ) ) ;
#2590 = EDGE_CURVE ( 'NONE', #1781, #2192, #1842, .T. ) ;
#2591 = DIRECTION ( 'NONE',  ( -0.0000000000000000000, -1.000000000000000000, -0.0000000000000000000 ) ) ;
#2592 = AXIS2_PLACEMENT_3D ( 'NONE', #1088, #1939, #2917 ) ;
#2593 = DIRECTION ( 'NONE',  ( -7.395570986446985700E-032, -1.000000000000000000, -7.982189977661023200E-032 ) ) ;
#2594 = CIRCLE ( 'NONE', #1311, 0.5517287640547721100 ) ;
#2595 = ORIENTED_EDGE ( 'NONE', *, *, #1958, .F. ) ;
#2596 = AXIS2_PLACEMENT_3D ( 'NONE', #2118, #898, #3012 ) ;
#2597 = ADVANCED_FACE ( 'NONE', ( #3301 ), #2871, .F. ) ;
#2598 = FACE_OUTER_BOUND ( 'NONE', #1294, .T. ) ;
#2599 = EDGE_CURVE ( 'NONE', #2902, #1627, #1646, .T. ) ;
#2600 = CARTESIAN_POINT ( 'NONE',  ( -2.550000000000002000, 0.8000000000000000400, 10.15000000000001100 ) ) ;
#2601 = CIRCLE ( 'NONE', #799, 0.5000000000000004400 ) ;
#2602 = CARTESIAN_POINT ( 'NONE',  ( -11.50000000000000000, 0.0000000000000000000, -10.49999999999999100 ) ) ;
#2603 = CARTESIAN_POINT ( 'NONE',  ( -10.15000000000000200, 5.599999999999999600, -10.15000000000000000 ) ) ;
#2604 = DIRECTION ( 'NONE',  ( 0.0000000000000000000, 0.0000000000000000000, 1.000000000000000000 ) ) ;
#2605 = EDGE_LOOP ( 'NONE', ( #365, #3262 ) ) ;
#2606 = CIRCLE ( 'NONE', #3400, 1.100000000000000300 ) ;
#2607 = DIRECTION ( 'NONE',  ( -7.395570986446985700E-032, -1.000000000000000000, -7.982189977661023200E-032 ) ) ;
#2608 = ORIENTED_EDGE ( 'NONE', *, *, #1889, .T. ) ;
#2609 = AXIS2_PLACEMENT_3D ( 'NONE', #3733, #1321, #2860 ) ;
#2610 = LINE ( 'NONE', #3244, #2193 ) ;
#2611 = ORIENTED_EDGE ( 'NONE', *, *, #3546, .T. ) ;
#2612 = VERTEX_POINT ( 'NONE', #2507 ) ;
#2613 = DIRECTION ( 'NONE',  ( 0.0000000000000000000, 0.0000000000000000000, 1.000000000000000000 ) ) ;
#2614 = EDGE_LOOP ( 'NONE', ( #269, #3774, #3285, #2342 ) ) ;
#2615 = FACE_OUTER_BOUND ( 'NONE', #3755, .T. ) ;
#2616 = CARTESIAN_POINT ( 'NONE',  ( -12.70000000000002200, 0.5000000000000000000, -12.70000000000002100 ) ) ;
#2617 = ORIENTED_EDGE ( 'NONE', *, *, #1323, .F. ) ;
#2618 = AXIS2_PLACEMENT_3D ( 'NONE', #3609, #2682, #2088 ) ;
#2619 = ORIENTED_EDGE ( 'NONE', *, *, #3468, .F. ) ;
#2620 = ADVANCED_FACE ( 'NONE', ( #2485 ), #99, .T. ) ;
#2621 = DIRECTION ( 'NONE',  ( -0.0000000000000000000, -1.000000000000000000, -0.0000000000000000000 ) ) ;
#2622 = VERTEX_POINT ( 'NONE', #1032 ) ;
#2623 = CARTESIAN_POINT ( 'NONE',  ( 11.70000000000001200, 1.500000000000000000, 11.30000000000001000 ) ) ;
#2624 = ORIENTED_EDGE ( 'NONE', *, *, #2272, .F. ) ;
#2625 = EDGE_CURVE ( 'NONE', #548, #3708, #756, .T. ) ;
#2626 = EDGE_LOOP ( 'NONE', ( #2415, #421, #3615, #1345 ) ) ;
#2627 = DIRECTION ( 'NONE',  ( 0.0000000000000000000, 0.0000000000000000000, 1.000000000000000000 ) ) ;
#2628 = ORIENTED_EDGE ( 'NONE', *, *, #190, .F. ) ;
#2629 = ORIENTED_EDGE ( 'NONE', *, *, #1383, .F. ) ;
#2630 = DIRECTION ( 'NONE',  ( 0.0000000000000000000, 0.0000000000000000000, 1.000000000000000000 ) ) ;
#2631 = CARTESIAN_POINT ( 'NONE',  ( 11.50000000000000400, 7.530789258985392700E-017, 10.49999999999999100 ) ) ;
#2632 = LINE ( 'NONE', #2527, #2730 ) ;
#2633 = DIRECTION ( 'NONE',  ( -0.0000000000000000000, -1.000000000000000000, -0.0000000000000000000 ) ) ;
#2634 = FACE_OUTER_BOUND ( 'NONE', #326, .T. ) ;
#2635 = LINE ( 'NONE', #3869, #145 ) ;
#2636 = LINE ( 'NONE', #1751, #2543 ) ;
#2637 = ADVANCED_FACE ( 'NONE', ( #895 ), #1183, .T. ) ;
#2638 = AXIS2_PLACEMENT_3D ( 'NONE', #1541, #2759, #3375 ) ;
#2639 = CIRCLE ( 'NONE', #1981, 4.000000000000000000 ) ;
#2640 = ORIENTED_EDGE ( 'NONE', *, *, #2319, .F. ) ;
#2641 = VECTOR ( 'NONE', #2835, 999.9999999999998900 ) ;
#2642 = DIRECTION ( 'NONE',  ( 0.0000000000000000000, 0.0000000000000000000, 1.000000000000000000 ) ) ;
#2643 = EDGE_CURVE ( 'NONE', #1370, #1014, #1190, .T. ) ;
#2644 = MECHANICAL_DESIGN_GEOMETRIC_PRESENTATION_REPRESENTATION (  '', ( #2038 ), #1706 ) ;
#2645 = DIRECTION ( 'NONE',  ( -1.365923996832130600E-016, -1.393430872194746400E-031, -1.000000000000000000 ) ) ;
#2646 = LINE ( 'NONE', #972, #3630 ) ;
#2647 = EDGE_LOOP ( 'NONE', ( #1976, #3763 ) ) ;
#2648 = CARTESIAN_POINT ( 'NONE',  ( 4.199999999999999300, 0.0000000000000000000, 4.000000000000000000 ) ) ;
#2649 = AXIS2_PLACEMENT_3D ( 'NONE', #873, #3828, #1430 ) ;
#2650 = AXIS2_PLACEMENT_3D ( 'NONE', #639, #2743, #1273 ) ;
#2651 = CARTESIAN_POINT ( 'NONE',  ( 0.0000000000000000000, 0.0000000000000000000, 0.0000000000000000000 ) ) ;
#2652 = SHAPE_REPRESENTATION_RELATIONSHIP ( 'NONE' , 'NONE' ,  #148, #2263 ) ;
#2653 =( GEOMETRIC_REPRESENTATION_CONTEXT ( 3 ) GLOBAL_UNCERTAINTY_ASSIGNED_CONTEXT ( ( #3372 ) ) GLOBAL_UNIT_ASSIGNED_CONTEXT ( ( #291, #3033, #1467 ) ) REPRESENTATION_CONTEXT ( 'NONE', 'WORKASPACE' ) );
#2654 = ORIENTED_EDGE ( 'NONE', *, *, #883, .T. ) ;
#2655 = VECTOR ( 'NONE', #2053, 1000.000000000000000 ) ;
#2656 = ADVANCED_FACE ( 'NONE', ( #3472 ), #239, .T. ) ;
#2657 = DIRECTION ( 'NONE',  ( -0.0000000000000000000, -1.000000000000000000, -0.0000000000000000000 ) ) ;
#2658 = DIRECTION ( 'NONE',  ( 1.548860246407865100E-016, 0.0000000000000000000, 1.000000000000000000 ) ) ;
#2659 = PLANE ( 'NONE',  #3571 ) ;
#2660 = ORIENTED_EDGE ( 'NONE', *, *, #2572, .T. ) ;
#2661 = CIRCLE ( 'NONE', #3667, 0.7375340094222283500 ) ;
#2662 = MECHANICAL_DESIGN_GEOMETRIC_PRESENTATION_REPRESENTATION (  '', ( #2561 ), #751 ) ;
#2663 = VERTEX_POINT ( 'NONE', #753 ) ;
#2664 = CARTESIAN_POINT ( 'NONE',  ( 12.30000000000000200, -9.800000000000000700, 11.19999999999999200 ) ) ;
#2665 = DIRECTION ( 'NONE',  ( -0.0000000000000000000, -1.000000000000000000, -0.0000000000000000000 ) ) ;
#2666 = DIRECTION ( 'NONE',  ( 0.0000000000000000000, 0.9961946980917455500, 0.08715574274765820800 ) ) ;
#2667 = ORIENTED_EDGE ( 'NONE', *, *, #2519, .F. ) ;
#2668 = VERTEX_POINT ( 'NONE', #2858 ) ;
#2669 = DIRECTION ( 'NONE',  ( 0.0000000000000000000, 0.0000000000000000000, 1.000000000000000000 ) ) ;
#2670 = VERTEX_POINT ( 'NONE', #2525 ) ;
#2671 = EDGE_CURVE ( 'NONE', #3287, #2670, #3858, .T. ) ;
#2672 = AXIS2_PLACEMENT_3D ( 'NONE', #2554, #1357, #3457 ) ;
#2673 = EDGE_LOOP ( 'NONE', ( #3665, #3730, #2560, #2325 ) ) ;
#2674 = DIRECTION ( 'NONE',  ( -0.0000000000000000000, -1.000000000000000000, -0.0000000000000000000 ) ) ;
#2675 = ADVANCED_BREP_SHAPE_REPRESENTATION ( '', ( #3723, #216 ), #2653 ) ;
#2676 = DIRECTION ( 'NONE',  ( -1.000000000000000000, 0.0000000000000000000, 0.0000000000000000000 ) ) ;
#2677 = DIRECTION ( 'NONE',  ( -0.0000000000000000000, -1.000000000000000000, -0.0000000000000000000 ) ) ;
#2678 = ORIENTED_EDGE ( 'NONE', *, *, #184, .T. ) ;
#2679 = EDGE_CURVE ( 'NONE', #410, #548, #288, .T. ) ;
#2680 = DIRECTION ( 'NONE',  ( 0.0000000000000000000, 0.0000000000000000000, 1.000000000000000000 ) ) ;
#2681 = CARTESIAN_POINT ( 'NONE',  ( -11.19999999999999000, 0.0000000000000000000, -12.30000000000000100 ) ) ;
#2682 = DIRECTION ( 'NONE',  ( 0.0000000000000000000, 1.000000000000000000, 0.0000000000000000000 ) ) ;
#2683 = VECTOR ( 'NONE', #1031, 1000.000000000000000 ) ;
#2684 = FILL_AREA_STYLE_COLOUR ( '', #2358 ) ;
#2685 = LINE ( 'NONE', #832, #2438 ) ;
#2686 = FACE_OUTER_BOUND ( 'NONE', #1957, .T. ) ;
#2687 = CARTESIAN_POINT ( 'NONE',  ( -12.70000000000002200, 0.0000000000000000000, -11.20000000000001000 ) ) ;
#2688 = EDGE_CURVE ( 'NONE', #1679, #30, #374, .T. ) ;
#2689 = AXIS2_PLACEMENT_3D ( 'NONE', #3652, #3321, #2161 ) ;
#2690 = LINE ( 'NONE', #1780, #1320 ) ;
#2691 = ORIENTED_EDGE ( 'NONE', *, *, #481, .T. ) ;
#2692 = VECTOR ( 'NONE', #1666, 1000.000000000000000 ) ;
#2693 = CARTESIAN_POINT ( 'NONE',  ( 10.49999999999999500, 0.0000000000000000000, 11.50000000000000000 ) ) ;
#2694 = ORIENTED_EDGE ( 'NONE', *, *, #1656, .T. ) ;
#2695 = AXIS2_PLACEMENT_3D ( 'NONE', #2744, #3673, #2178 ) ;
#2696 = CIRCLE ( 'NONE', #2895, 1.499999999999999600 ) ;
#2697 = DIRECTION ( 'NONE',  ( 1.000000000000000000, 0.0000000000000000000, 0.0000000000000000000 ) ) ;
#2698 = PRODUCT_DEFINITION_CONTEXT ( 'detailed design', #671, 'design' ) ;
#2699 = DIRECTION ( 'NONE',  ( -0.0000000000000000000, 0.0000000000000000000, 1.000000000000000000 ) ) ;
#2700 = FACE_OUTER_BOUND ( 'NONE', #2446, .T. ) ;
#2701 = EDGE_CURVE ( 'NONE', #3363, #607, #2775, .T. ) ;
#2702 = SHAPE_REPRESENTATION_RELATIONSHIP ( 'NONE' , 'NONE' ,  #2903, #3844 ) ;
#2703 = CARTESIAN_POINT ( 'NONE',  ( -12.70000000000002200, 0.5000000000000000000, -12.70000000000002100 ) ) ;
#2704 = ORIENTED_EDGE ( 'NONE', *, *, #283, .T. ) ;
#2705 = FACE_BOUND ( 'NONE', #3748, .T. ) ;
#2706 = CARTESIAN_POINT ( 'NONE',  ( 10.49999999999999300, -0.8000000000000000400, -11.43000906917926200 ) ) ;
#2707 = DIRECTION ( 'NONE',  ( 0.0000000000000000000, 1.000000000000000000, 0.0000000000000000000 ) ) ;
#2708 = VERTEX_POINT ( 'NONE', #3165 ) ;
#2709 = LINE ( 'NONE', #2380, #2413 ) ;
#2710 =( NAMED_UNIT ( * ) PLANE_ANGLE_UNIT ( ) SI_UNIT ( $, .RADIAN. ) );
#2711 =( GEOMETRIC_REPRESENTATION_CONTEXT ( 3 ) GLOBAL_UNCERTAINTY_ASSIGNED_CONTEXT ( ( #3770 ) ) GLOBAL_UNIT_ASSIGNED_CONTEXT ( ( #3094, #2136, #1533 ) ) REPRESENTATION_CONTEXT ( 'NONE', 'WORKASPACE' ) );
#2712 = EDGE_LOOP ( 'NONE', ( #3711, #2364 ) ) ;
#2713 = DIRECTION ( 'NONE',  ( 7.395570986446985700E-032, 1.000000000000000000, 7.982189977661023200E-032 ) ) ;
#2714 = DIRECTION ( 'NONE',  ( 0.0000000000000000000, 0.0000000000000000000, 1.000000000000000000 ) ) ;
#2715 = ORIENTED_EDGE ( 'NONE', *, *, #2368, .T. ) ;
#2716 = CARTESIAN_POINT ( 'NONE',  ( 10.15000000000000900, 4.404003810825301700E-032, 9.598271235945237100 ) ) ;
#2717 = ORIENTED_EDGE ( 'NONE', *, *, #3538, .F. ) ;
#2718 = PLANE ( 'NONE',  #1849 ) ;
#2719 = ORIENTED_EDGE ( 'NONE', *, *, #3357, .T. ) ;
#2720 = DIRECTION ( 'NONE',  ( 1.000000000000000000, -0.0000000000000000000, 0.0000000000000000000 ) ) ;
#2721 = ADVANCED_FACE ( 'NONE', ( #2733 ), #664, .T. ) ;
#2722 = ORIENTED_EDGE ( 'NONE', *, *, #2411, .F. ) ;
#2723 =( LENGTH_UNIT ( ) NAMED_UNIT ( * ) SI_UNIT ( .MILLI., .METRE. ) );
#2724 = EDGE_CURVE ( 'NONE', #1487, #3152, #1455, .T. ) ;
#2725 = ORIENTED_EDGE ( 'NONE', *, *, #3444, .F. ) ;
#2726 = CARTESIAN_POINT ( 'NONE',  ( -12.70000000000002200, 0.0000000000000000000, -12.70000000000002100 ) ) ;
#2727 = AXIS2_PLACEMENT_3D ( 'NONE', #3284, #3600, #305 ) ;
#2728 = EDGE_CURVE ( 'NONE', #2940, #2836, #3478, .T. ) ;
#2729 = DIRECTION ( 'NONE',  ( 0.0000000000000000000, 8.726796887628111100E-032, 1.000000000000000000 ) ) ;
#2730 = VECTOR ( 'NONE', #3456, 1000.000000000000000 ) ;
#2731 = VERTEX_POINT ( 'NONE', #2687 ) ;
#2732 = DIRECTION ( 'NONE',  ( 0.0000000000000000000, 0.0000000000000000000, 1.000000000000000000 ) ) ;
#2733 = FACE_OUTER_BOUND ( 'NONE', #2626, .T. ) ;
#2734 = DIRECTION ( 'NONE',  ( 1.000000000000000000, 0.0000000000000000000, 0.0000000000000000000 ) ) ;
#2735 = SHAPE_REPRESENTATION ( 'DKMW30 PART1-1060103', ( #216 ), #2653 ) ;
#2736 = ADVANCED_FACE ( 'NONE', ( #3349 ), #2970, .F. ) ;
#2737 = CARTESIAN_POINT ( 'NONE',  ( 11.20000000000000600, 0.5000000000000000000, -11.20000000000001000 ) ) ;
#2738 = DIRECTION ( 'NONE',  ( 7.395570986446985700E-032, 1.000000000000000000, 7.982189977661023200E-032 ) ) ;
#2739 = EDGE_CURVE ( 'NONE', #2104, #3494, #2636, .T. ) ;
#2740 = AXIS2_PLACEMENT_3D ( 'NONE', #3009, #2741, #2437 ) ;
#2741 = DIRECTION ( 'NONE',  ( -7.395570986446985700E-032, -1.000000000000000000, -7.982189977661023200E-032 ) ) ;
#2742 = FACE_OUTER_BOUND ( 'NONE', #1532, .T. ) ;
#2743 = DIRECTION ( 'NONE',  ( 7.395570986446985700E-032, 1.000000000000000000, 7.982189977661023200E-032 ) ) ;
#2744 = CARTESIAN_POINT ( 'NONE',  ( -10.19999999999999900, -0.8000000000000000400, 10.15000000000000000 ) ) ;
#2745 = CIRCLE ( 'NONE', #830, 0.5000000000000004400 ) ;
#2746 = EDGE_CURVE ( 'NONE', #2332, #3241, #147, .T. ) ;
#2747 = AXIS2_PLACEMENT_3D ( 'NONE', #2551, #3467, #1933 ) ;
#2748 = CARTESIAN_POINT ( 'NONE',  ( 0.0000000000000000000, 0.0000000000000000000, 0.0000000000000000000 ) ) ;
#2749 = VERTEX_POINT ( 'NONE', #2681 ) ;
#2750 = CIRCLE ( 'NONE', #2247, 1.100000000000000300 ) ;
#2751 = DIRECTION ( 'NONE',  ( 7.395570986446985700E-032, 1.000000000000000000, 7.982189977661023200E-032 ) ) ;
#2752 = CARTESIAN_POINT ( 'NONE',  ( -11.30000000000001000, 1.500000000000000000, 11.30000000000001100 ) ) ;
#2753 = EDGE_CURVE ( 'NONE', #171, #2159, #3854, .T. ) ;
#2754 = ORIENTED_EDGE ( 'NONE', *, *, #672, .F. ) ;
#2755 = LINE ( 'NONE', #1188, #3047 ) ;
#2756 = ORIENTED_EDGE ( 'NONE', *, *, #2036, .T. ) ;
#2757 = LINE ( 'NONE', #3447, #961 ) ;
#2758 = ADVANCED_FACE ( 'NONE', ( #1742 ), #3580, .F. ) ;
#2759 = DIRECTION ( 'NONE',  ( 0.0000000000000000000, 1.000000000000000000, 0.0000000000000000000 ) ) ;
#2760 = ORIENTED_EDGE ( 'NONE', *, *, #2384, .T. ) ;
#2761 = CARTESIAN_POINT ( 'NONE',  ( 4.200000000000002800, 0.8000000000000000400, -4.000000000000008900 ) ) ;
#2762 = VERTEX_POINT ( 'NONE', #3829 ) ;
#2763 = PRODUCT_CONTEXT ( 'NONE', #3048, 'mechanical' ) ;
#2764 = ORIENTED_EDGE ( 'NONE', *, *, #3220, .T. ) ;
#2765 = ORIENTED_EDGE ( 'NONE', *, *, #2220, .T. ) ;
#2766 = CARTESIAN_POINT ( 'NONE',  ( 10.19999999999999900, 5.599999999999999600, 10.15000000000000000 ) ) ;
#2767 = PLANE ( 'NONE',  #1212 ) ;
#2768 = ORIENTED_EDGE ( 'NONE', *, *, #3352, .F. ) ;
#2769 = AXIS2_PLACEMENT_3D ( 'NONE', #815, #2868, #1671 ) ;
#2770 = ORIENTED_EDGE ( 'NONE', *, *, #1878, .F. ) ;
#2771 = DIRECTION ( 'NONE',  ( 0.0000000000000000000, 0.0000000000000000000, 1.000000000000000000 ) ) ;
#2772 = DIRECTION ( 'NONE',  ( 5.551115123125782700E-017, 1.656506376320927400E-016, 1.000000000000000200 ) ) ;
#2773 = EDGE_CURVE ( 'NONE', #186, #833, #1244, .T. ) ;
#2774 = PRODUCT ( 'DKMW30 PART1-1060103', 'DKMW30 PART1-1060103', '', ( #2461 ) ) ;
#2775 = LINE ( 'NONE', #412, #2262 ) ;
#2776 = LINE ( 'NONE', #3026, #845 ) ;
#2777 = ORIENTED_EDGE ( 'NONE', *, *, #672, .T. ) ;
#2778 = CARTESIAN_POINT ( 'NONE',  ( -11.19999999999998900, -9.800000000000000700, 12.30000000000000100 ) ) ;
#2779 = CIRCLE ( 'NONE', #2477, 0.5000000000000004400 ) ;
#2780 = CIRCLE ( 'NONE', #2060, 0.7319851171331016600 ) ;
#2781 = EDGE_CURVE ( 'NONE', #3606, #838, #1454, .T. ) ;
#2782 = CARTESIAN_POINT ( 'NONE',  ( -12.70000000000002200, 0.5000000000000000000, -12.70000000000002100 ) ) ;
#2783 = FACE_BOUND ( 'NONE', #2647, .T. ) ;
#2784 = CARTESIAN_POINT ( 'NONE',  ( 10.15000000000000900, 0.7999999999999999300, 10.15000000000000900 ) ) ;
#2785 = CIRCLE ( 'NONE', #3004, 1.499999999999999600 ) ;
#2786 = APPLICATION_PROTOCOL_DEFINITION ( 'draft international standard', 'automotive_design', 1998, #3380 ) ;
#2787 =( NAMED_UNIT ( * ) PLANE_ANGLE_UNIT ( ) SI_UNIT ( $, .RADIAN. ) );
#2788 = CARTESIAN_POINT ( 'NONE',  ( 5.837975143923808700E-031, 0.0000000000000000000, -10.15000000000001100 ) ) ;
#2789 = LINE ( 'NONE', #572, #1978 ) ;
#2790 = UNCERTAINTY_MEASURE_WITH_UNIT (LENGTH_MEASURE( 1.000000000000000100E-005 ), #3562, 'distance_accuracy_value', 'NONE');
#2791 = LINE ( 'NONE', #2238, #580 ) ;
#2792 = LINE ( 'NONE', #2961, #299 ) ;
#2793 = DIRECTION ( 'NONE',  ( 0.0000000000000000000, 1.000000000000000000, 0.0000000000000000000 ) ) ;
#2794 = CLOSED_SHELL ( 'NONE', ( #232, #3196, #1121, #274, #3561, #899, #2896, #13, #801, #3658, #622, #213, #2296, #3215, #2656, #3255, #2577, #3518, #1081, #1726, #447, #3541, #606, #1767, #250, #3480, #3859, #472, #2597, #2409, #2996, #953, #3882, #2070, #2916 ) ) ;
#2795 = CARTESIAN_POINT ( 'NONE',  ( -2.550000000000002500, 5.599999999999999600, -10.15000000000000000 ) ) ;
#2796 = CARTESIAN_POINT ( 'NONE',  ( 12.69999999999999800, 0.0000000000000000000, -11.19999999999998900 ) ) ;
#2797 = VERTEX_POINT ( 'NONE', #587 ) ;
#2798 = EDGE_CURVE ( 'NONE', #1728, #1568, #3017, .T. ) ;
#2799 = VECTOR ( 'NONE', #2149, 1000.000000000000000 ) ;
#2800 = MECHANICAL_DESIGN_GEOMETRIC_PRESENTATION_REPRESENTATION (  '', ( #3470 ), #3675 ) ;
#2801 = DIRECTION ( 'NONE',  ( -1.000000000000000000, 0.0000000000000000000, 0.0000000000000000000 ) ) ;
#2802 = VERTEX_POINT ( 'NONE', #3055 ) ;
#2803 = FACE_OUTER_BOUND ( 'NONE', #829, .T. ) ;
#2804 = AXIS2_PLACEMENT_3D ( 'NONE', #3579, #3873, #2680 ) ;
#2805 = DIRECTION ( 'NONE',  ( 1.652117596168389000E-016, 0.0000000000000000000, 1.000000000000000000 ) ) ;
#2806 = EDGE_LOOP ( 'NONE', ( #1107, #2382 ) ) ;
#2807 = ORIENTED_EDGE ( 'NONE', *, *, #3235, .T. ) ;
#2808 = DIRECTION ( 'NONE',  ( -7.395570986446985700E-032, -1.000000000000000000, -7.982189977661023200E-032 ) ) ;
#2809 = VERTEX_POINT ( 'NONE', #2417 ) ;
#2810 = DIRECTION ( 'NONE',  ( 0.0000000000000000000, 0.0000000000000000000, 1.000000000000000000 ) ) ;
#2811 = EDGE_LOOP ( 'NONE', ( #2320, #1575, #2568, #2765 ) ) ;
#2812 = EDGE_CURVE ( 'NONE', #3246, #1709, #1285, .T. ) ;
#2813 = ORIENTED_EDGE ( 'NONE', *, *, #959, .F. ) ;
#2814 = CARTESIAN_POINT ( 'NONE',  ( -11.19999999999999800, -8.300000000000002500, 11.19999999999999900 ) ) ;
#2815 = DIRECTION ( 'NONE',  ( 0.0000000000000000000, 0.0000000000000000000, 1.000000000000000000 ) ) ;
#2816 = VERTEX_POINT ( 'NONE', #601 ) ;
#2817 = DIRECTION ( 'NONE',  ( 0.0000000000000000000, 0.0000000000000000000, 1.000000000000000000 ) ) ;
#2818 = CARTESIAN_POINT ( 'NONE',  ( 6.800940116117426600E-031, 0.8000000000000001600, -10.15000000000001100 ) ) ;
#2819 = CARTESIAN_POINT ( 'NONE',  ( 10.50000000000000000, -3.000000000000000000, -10.49999999999999800 ) ) ;
#2820 = PRESENTATION_LAYER_ASSIGNMENT (  '', '', ( #3902 ) ) ;
#2821 = EDGE_LOOP ( 'NONE', ( #1763, #3888, #2654, #3558 ) ) ;
#2822 = SURFACE_STYLE_FILL_AREA ( #3660 ) ;
#2823 = VERTEX_POINT ( 'NONE', #621 ) ;
#2824 = EDGE_CURVE ( 'NONE', #280, #3832, #3311, .T. ) ;
#2825 = DIRECTION ( 'NONE',  ( 0.0000000000000000000, 1.000000000000000000, 0.0000000000000000000 ) ) ;
#2826 = FACE_OUTER_BOUND ( 'NONE', #745, .T. ) ;
#2827 = DIRECTION ( 'NONE',  ( 0.0000000000000000000, 1.000000000000000000, 0.0000000000000000000 ) ) ;
#2828 = SURFACE_SIDE_STYLE ('',( #3091 ) ) ;
#2829 = DIRECTION ( 'NONE',  ( 0.0000000000000000000, 0.0000000000000000000, 1.000000000000000000 ) ) ;
#2830 = VECTOR ( 'NONE', #737, 1000.000000000000000 ) ;
#2831 = DIRECTION ( 'NONE',  ( 0.0000000000000000000, 0.0000000000000000000, 1.000000000000000000 ) ) ;
#2832 = DIRECTION ( 'NONE',  ( 0.0000000000000000000, -0.0000000000000000000, 1.000000000000000000 ) ) ;
#2833 = LINE ( 'NONE', #1047, #3814 ) ;
#2834 = FACE_OUTER_BOUND ( 'NONE', #3018, .T. ) ;
#2835 = DIRECTION ( 'NONE',  ( -4.188538737677001000E-017, -0.9396926207859082100, -0.3420201433256694900 ) ) ;
#2836 = VERTEX_POINT ( 'NONE', #2706 ) ;
#2837 = CARTESIAN_POINT ( 'NONE',  ( -4.200000000000000200, 0.8000000000000000400, 0.0000000000000000000 ) ) ;
#2838 = CLOSED_SHELL ( 'NONE', ( #3330, #3367, #60, #1977, #2721, #1468, #1264, #861, #1851, #3619, #2003, #1422, #667, #1448, #1701, #1162, #1831, #39, #528, #3502, #1406, #3350, #2449, #292, #349, #194, #917, #1507, #1745, #3775, #3813, #1813, #2148 ) ) ;
#2839 = VECTOR ( 'NONE', #3111, 1000.000000000000000 ) ;
#2840 = AXIS2_PLACEMENT_3D ( 'NONE', #1308, #1313, #1777 ) ;
#2841 = CARTESIAN_POINT ( 'NONE',  ( -2.550000000000002500, -0.8000000000000000400, -10.15000000000000000 ) ) ;
#2842 = VERTEX_POINT ( 'NONE', #22 ) ;
#2843 = CONICAL_SURFACE ( 'NONE', #34, 0.7000000000000009500, 0.1832595714594050000 ) ;
#2844 = DIRECTION ( 'NONE',  ( 0.0000000000000000000, 0.0000000000000000000, 1.000000000000000000 ) ) ;
#2845 = ORIENTED_EDGE ( 'NONE', *, *, #638, .T. ) ;
#2846 = EDGE_LOOP ( 'NONE', ( #2112, #456, #2768, #768, #3640, #2510, #2945, #2862 ) ) ;
#2847 = EDGE_CURVE ( 'NONE', #409, #3162, #2661, .T. ) ;
#2848 = PRESENTATION_LAYER_ASSIGNMENT (  '', '', ( #2038 ) ) ;
#2849 = ORIENTED_EDGE ( 'NONE', *, *, #3850, .T. ) ;
#2850 = CARTESIAN_POINT ( 'NONE',  ( 11.20000000000000100, -8.300000000000002500, 11.19999999999999900 ) ) ;
#2851 = DIRECTION ( 'NONE',  ( 0.0000000000000000000, 1.000000000000000000, 0.0000000000000000000 ) ) ;
#2852 = ORIENTED_EDGE ( 'NONE', *, *, #1224, .F. ) ;
#2853 = EDGE_CURVE ( 'NONE', #2955, #186, #446, .T. ) ;
#2854 = ORIENTED_EDGE ( 'NONE', *, *, #2798, .F. ) ;
#2855 = ORIENTED_EDGE ( 'NONE', *, *, #1786, .T. ) ;
#2856 = PRODUCT_RELATED_PRODUCT_CATEGORY ( 'part', '', ( #3034 ) ) ;
#2857 = CARTESIAN_POINT ( 'NONE',  ( 12.69999999999999800, -9.800000000000000700, -11.19999999999998900 ) ) ;
#2858 = CARTESIAN_POINT ( 'NONE',  ( 4.200000000000003700, 0.8000000000000000400, 4.000000000000001800 ) ) ;
#2859 = ORIENTED_EDGE ( 'NONE', *, *, #404, .T. ) ;
#2860 = DIRECTION ( 'NONE',  ( 0.0000000000000000000, 0.0000000000000000000, 1.000000000000000000 ) ) ;
#2861 = DIRECTION ( 'NONE',  ( 6.938893903907230000E-015, 0.0000000000000000000, 1.000000000000000000 ) ) ;
#2862 = ORIENTED_EDGE ( 'NONE', *, *, #656, .F. ) ;
#2863 = DIRECTION ( 'NONE',  ( 0.0000000000000000000, 0.0000000000000000000, 1.000000000000000000 ) ) ;
#2864 = AXIS2_PLACEMENT_3D ( 'NONE', #3217, #789, #1083 ) ;
#2865 = CIRCLE ( 'NONE', #3614, 0.5000000000000004400 ) ;
#2866 = VECTOR ( 'NONE', #1599, 1000.000000000000000 ) ;
#2867 = EDGE_CURVE ( 'NONE', #2513, #3088, #3736, .T. ) ;
#2868 = DIRECTION ( 'NONE',  ( 0.0000000000000000000, 0.0000000000000000000, 1.000000000000000000 ) ) ;
#2869 = PRESENTATION_STYLE_ASSIGNMENT (( #2938 ) ) ;
#2870 = CARTESIAN_POINT ( 'NONE',  ( -11.30000000000001000, 0.8000000000000000400, 11.70000000000001200 ) ) ;
#2871 = SPHERICAL_SURFACE ( 'NONE', #2638, 1.100000000000000100 ) ;
#2872 = CARTESIAN_POINT ( 'NONE',  ( -7.849894851257989600E-017, 0.0000000000000000000, -0.5500000000000001600 ) ) ;
#2873 = CYLINDRICAL_SURFACE ( 'NONE', #3797, 0.5000000000000004400 ) ;
#2874 = EDGE_CURVE ( 'NONE', #1211, #559, #1822, .T. ) ;
#2875 = DIRECTION ( 'NONE',  ( 0.0000000000000000000, 1.000000000000000000, 0.0000000000000000000 ) ) ;
#2876 = CARTESIAN_POINT ( 'NONE',  ( 2.550000000000002900, 0.7999999999999997100, 9.450000000000009900 ) ) ;
#2877 = CIRCLE ( 'NONE', #3398, 1.000000000000002700 ) ;
#2878 = DIRECTION ( 'NONE',  ( 7.395570986446985700E-032, 1.000000000000000000, 7.982189977661023200E-032 ) ) ;
#2879 = DIRECTION ( 'NONE',  ( 0.0000000000000000000, -0.0000000000000000000, 1.000000000000000000 ) ) ;
#2880 = PRODUCT_DEFINITION_CONTEXT ( 'detailed design', #940, 'design' ) ;
#2881 = CARTESIAN_POINT ( 'NONE',  ( 0.0000000000000000000, 5.599999999999999600, 9.650000000000000400 ) ) ;
#2882 = DIRECTION ( 'NONE',  ( 1.000000000000000000, 7.395570986446975800E-032, -6.779273404243061400E-032 ) ) ;
#2883 = CARTESIAN_POINT ( 'NONE',  ( -11.30000000000001300, 1.500000000000000000, -11.70000000000001000 ) ) ;
#2884 = LINE ( 'NONE', #740, #1205 ) ;
#2885 = LINE ( 'NONE', #2533, #2839 ) ;
#2886 = EDGE_CURVE ( 'NONE', #2152, #3240, #2326, .T. ) ;
#2887 = ORIENTED_EDGE ( 'NONE', *, *, #3655, .T. ) ;
#2888 = DIRECTION ( 'NONE',  ( 0.0000000000000000000, 0.0000000000000000000, 1.000000000000000000 ) ) ;
#2889 = ORIENTED_EDGE ( 'NONE', *, *, #1404, .F. ) ;
#2890 = FILL_AREA_STYLE_COLOUR ( '', #169 ) ;
#2891 = VECTOR ( 'NONE', #358, 1000.000000000000000 ) ;
#2892 = CARTESIAN_POINT ( 'NONE',  ( -11.30000000000001100, 1.500000000000000000, -11.30000000000001100 ) ) ;
#2893 = ORIENTED_EDGE ( 'NONE', *, *, #792, .T. ) ;
#2894 = CIRCLE ( 'NONE', #2928, 0.5000000000000004400 ) ;
#2895 = AXIS2_PLACEMENT_3D ( 'NONE', #2999, #2707, #9 ) ;
#2896 = ADVANCED_FACE ( 'NONE', ( #1113 ), #3641, .T. ) ;
#2897 = DIRECTION ( 'NONE',  ( -0.0000000000000000000, -1.000000000000000000, -0.0000000000000000000 ) ) ;
#2898 = CARTESIAN_POINT ( 'NONE',  ( -11.20000000000000100, 0.0000000000000000000, 12.30000000000000100 ) ) ;
#2899 = CARTESIAN_POINT ( 'NONE',  ( -10.15000000000000900, 0.7999999999999999300, 9.450000000000009900 ) ) ;
#2900 = VERTEX_POINT ( 'NONE', #1651 ) ;
#2901 = EDGE_CURVE ( 'NONE', #1117, #3374, #3324, .T. ) ;
#2902 = VERTEX_POINT ( 'NONE', #1481 ) ;
#2903 = SHAPE_REPRESENTATION ( 'DKMW30 CASE-1060103', ( #216 ), #12 ) ;
#2904 = DIRECTION ( 'NONE',  ( 0.0000000000000000000, 1.000000000000000000, 0.0000000000000000000 ) ) ;
#2905 = EDGE_LOOP ( 'NONE', ( #2352, #3589 ) ) ;
#2906 = ORIENTED_EDGE ( 'NONE', *, *, #2097, .F. ) ;
#2907 = ORIENTED_EDGE ( 'NONE', *, *, #3530, .T. ) ;
#2908 = CARTESIAN_POINT ( 'NONE',  ( -10.15000000000000200, 5.599999999999999600, -10.15000000000000000 ) ) ;
#2909 = ORIENTED_EDGE ( 'NONE', *, *, #1086, .T. ) ;
#2910 = FILL_AREA_STYLE ('',( #3807 ) ) ;
#2911 = DIRECTION ( 'NONE',  ( 0.0000000000000000000, 0.0000000000000000000, -1.000000000000000000 ) ) ;
#2912 = PRODUCT_DEFINITION_FORMATION_WITH_SPECIFIED_SOURCE ( 'ANY', '', #2487, .NOT_KNOWN. ) ;
#2913 = CARTESIAN_POINT ( 'NONE',  ( -10.20000000000001000, 0.8000000000000001600, -9.450000000000009900 ) ) ;
#2914 = EDGE_LOOP ( 'NONE', ( #1434, #1830, #3365, #3787 ) ) ;
#2915 = MANIFOLD_SOLID_BREP ( '伸長5', #3777 ) ;
#2916 = ADVANCED_FACE ( 'NONE', ( #2615 ), #1159, .F. ) ;
#2917 = DIRECTION ( 'NONE',  ( 0.0000000000000000000, 0.0000000000000000000, 1.000000000000000000 ) ) ;
#2918 = VERTEX_POINT ( 'NONE', #1604 ) ;
#2919 = CARTESIAN_POINT ( 'NONE',  ( -11.30000000000001100, 1.500000000000000000, -12.30000000000002200 ) ) ;
#2920 = LINE ( 'NONE', #2099, #3479 ) ;
#2921 = CARTESIAN_POINT ( 'NONE',  ( 5.100000000000005000, -3.252606517456512800E-016, -9.598271235945237100 ) ) ;
#2922 = CARTESIAN_POINT ( 'NONE',  ( -10.15000000000000200, 5.599999999999999600, -10.65000000000000200 ) ) ;
#2923 = DIRECTION ( 'NONE',  ( 7.395570986446985700E-032, 1.000000000000000000, 7.982189977661023200E-032 ) ) ;
#2924 = EDGE_CURVE ( 'NONE', #924, #93, #1762, .T. ) ;
#2925 = DIRECTION ( 'NONE',  ( -7.395570986446985700E-032, -1.000000000000000000, -7.982189977661023200E-032 ) ) ;
#2926 = DIRECTION ( 'NONE',  ( -0.0000000000000000000, -1.000000000000000000, -0.0000000000000000000 ) ) ;
#2927 = CARTESIAN_POINT ( 'NONE',  ( -4.199999999999999300, 0.0000000000000000000, 4.000000000000000000 ) ) ;
#2928 = AXIS2_PLACEMENT_3D ( 'NONE', #2297, #2010, #3509 ) ;
#2929 = CYLINDRICAL_SURFACE ( 'NONE', #104, 1.100000000000000300 ) ;
#2930 = EDGE_CURVE ( 'NONE', #3162, #2332, #2757, .T. ) ;
#2931 = DIRECTION ( 'NONE',  ( 2.231741529848958500E-017, 0.9832549075639543900, -0.1822355254921480500 ) ) ;
#2932 = CIRCLE ( 'NONE', #1332, 0.5517287640547721100 ) ;
#2933 = DIRECTION ( 'NONE',  ( 7.395570986446985700E-032, 1.000000000000000000, 7.982189977661023200E-032 ) ) ;
#2934 = PRESENTATION_STYLE_ASSIGNMENT (( #879 ) ) ;
#2935 = ADVANCED_FACE ( 'NONE', ( #3278 ), #871, .F. ) ;
#2936 = CARTESIAN_POINT ( 'NONE',  ( 11.19999999999999800, -9.800000000000000700, -11.19999999999999900 ) ) ;
#2937 = ORIENTED_EDGE ( 'NONE', *, *, #178, .F. ) ;
#2938 = SURFACE_STYLE_USAGE ( .BOTH. , #3218 ) ;
#2939 = CARTESIAN_POINT ( 'NONE',  ( 5.837975143923808700E-031, 0.0000000000000000000, -10.15000000000001100 ) ) ;
#2940 = VERTEX_POINT ( 'NONE', #1138 ) ;
#2941 = AXIS2_PLACEMENT_3D ( 'NONE', #3405, #395, #2222 ) ;
#2942 = FACE_OUTER_BOUND ( 'NONE', #3742, .T. ) ;
#2943 = ORIENTED_EDGE ( 'NONE', *, *, #3064, .T. ) ;
#2944 = SURFACE_STYLE_USAGE ( .BOTH. , #1727 ) ;
#2945 = ORIENTED_EDGE ( 'NONE', *, *, #2728, .F. ) ;
#2946 = EDGE_CURVE ( 'NONE', #3158, #831, #81, .T. ) ;
#2947 = EDGE_LOOP ( 'NONE', ( #3780, #1246, #331, #2906 ) ) ;
#2948 =( NAMED_UNIT ( * ) PLANE_ANGLE_UNIT ( ) SI_UNIT ( $, .RADIAN. ) );
#2949 = DIRECTION ( 'NONE',  ( 7.395570986446985700E-032, 1.000000000000000000, 7.982189977661023200E-032 ) ) ;
#2950 = DIRECTION ( 'NONE',  ( 1.548860246407865100E-016, -0.0000000000000000000, 1.000000000000000000 ) ) ;
#2951 = VERTEX_POINT ( 'NONE', #2340 ) ;
#2952 = ORIENTED_EDGE ( 'NONE', *, *, #1108, .T. ) ;
#2953 = DIRECTION ( 'NONE',  ( 7.395570986446985700E-032, 1.000000000000000000, 7.982189977661023200E-032 ) ) ;
#2954 = EDGE_CURVE ( 'NONE', #3788, #693, #1863, .T. ) ;
#2955 = VERTEX_POINT ( 'NONE', #2921 ) ;
#2956 = DIRECTION ( 'NONE',  ( 1.548860246407865100E-016, 0.0000000000000000000, 1.000000000000000000 ) ) ;
#2957 = ADVANCED_FACE ( 'NONE', ( #2463 ), #823, .T. ) ;
#2958 = ITEM_DEFINED_TRANSFORMATION ( 'NONE', 'NONE', #1644,  #216 ) ;
#2959 = DIRECTION ( 'NONE',  ( 2.231741529848958500E-017, 0.9832549075639543900, -0.1822355254921480500 ) ) ;
#2960 = ORIENTED_EDGE ( 'NONE', *, *, #2129, .T. ) ;
#2961 = CARTESIAN_POINT ( 'NONE',  ( -4.200000000000000200, -1.200000000000000200, -4.000000000000008900 ) ) ;
#2962 = UNCERTAINTY_MEASURE_WITH_UNIT (LENGTH_MEASURE( 1.000000000000000100E-005 ), #979, 'distance_accuracy_value', 'NONE');
#2963 = CARTESIAN_POINT ( 'NONE',  ( 11.30000000000001100, 0.8000000000000000400, 11.70000000000001000 ) ) ;
#2964 = DIRECTION ( 'NONE',  ( 0.0000000000000000000, 0.0000000000000000000, -1.000000000000000000 ) ) ;
#2965 = CARTESIAN_POINT ( 'NONE',  ( 11.70000000000001200, 0.8000000000000000400, 11.30000000000001000 ) ) ;
#2966 = CIRCLE ( 'NONE', #1075, 0.5000000000000004400 ) ;
#2967 = LINE ( 'NONE', #2482, #2866 ) ;
#2968 = FACE_OUTER_BOUND ( 'NONE', #490, .T. ) ;
#2969 = DIRECTION ( 'NONE',  ( 0.0000000000000000000, 0.0000000000000000000, 1.000000000000000000 ) ) ;
#2970 = CONICAL_SURFACE ( 'NONE', #973, 0.7000000000000009500, 0.1832595714594050000 ) ;
#2971 = CARTESIAN_POINT ( 'NONE',  ( 4.200000000000003700, 0.0000000000000000000, -3.469446951953618100E-015 ) ) ;
#2972 = AXIS2_PLACEMENT_3D ( 'NONE', #1423, #3229, #1410 ) ;
#2973 = LINE ( 'NONE', #3853, #759 ) ;
#2974 = ADVANCED_FACE ( 'NONE', ( #3234 ), #1122, .F. ) ;
#2975 = FACE_OUTER_BOUND ( 'NONE', #2328, .T. ) ;
#2976 = DIRECTION ( 'NONE',  ( 7.395570986446985700E-032, 1.000000000000000000, 7.982189977661023200E-032 ) ) ;
#2977 = CARTESIAN_POINT ( 'NONE',  ( 12.70000000000001900, 0.5000000000000000000, -11.20000000000001000 ) ) ;
#2978 = EDGE_CURVE ( 'NONE', #1942, #738, #1621, .T. ) ;
#2979 = CARTESIAN_POINT ( 'NONE',  ( 10.15000000000000900, 0.7999999999999999300, 10.15000000000000900 ) ) ;
#2980 = CARTESIAN_POINT ( 'NONE',  ( 2.549999999999997200, 5.599999999999999600, -10.15000000000000000 ) ) ;
#2981 = CYLINDRICAL_SURFACE ( 'NONE', #129, 4.000000000000000000 ) ;
#2982 = COLOUR_RGB ( '',0.7529411764705882200, 0.7529411764705882200, 0.7529411764705882200 ) ;
#2983 = CARTESIAN_POINT ( 'NONE',  ( -12.29999999999999900, -8.300000000000002500, 11.19999999999998900 ) ) ;
#2984 = FACE_OUTER_BOUND ( 'NONE', #1349, .T. ) ;
#2985 = ORIENTED_EDGE ( 'NONE', *, *, #3138, .F. ) ;
#2986 =( NAMED_UNIT ( * ) PLANE_ANGLE_UNIT ( ) SI_UNIT ( $, .RADIAN. ) );
#2987 =( GEOMETRIC_REPRESENTATION_CONTEXT ( 3 ) GLOBAL_UNCERTAINTY_ASSIGNED_CONTEXT ( ( #3608 ) ) GLOBAL_UNIT_ASSIGNED_CONTEXT ( ( #301, #1492, #263 ) ) REPRESENTATION_CONTEXT ( 'NONE', 'WORKASPACE' ) );
#2988 = EDGE_LOOP ( 'NONE', ( #168, #2471 ) ) ;
#2989 = CARTESIAN_POINT ( 'NONE',  ( -10.49999999999999100, 0.0000000000000000000, -11.50000000000000000 ) ) ;
#2990 = EDGE_LOOP ( 'NONE', ( #3727, #626, #1394, #3428 ) ) ;
#2991 = DIRECTION ( 'NONE',  ( 7.395570986446985700E-032, 1.000000000000000000, 7.982189977661023200E-032 ) ) ;
#2992 = LINE ( 'NONE', #3567, #3827 ) ;
#2993 = ORIENTED_EDGE ( 'NONE', *, *, #1505, .T. ) ;
#2994 = ORIENTED_EDGE ( 'NONE', *, *, #1074, .F. ) ;
#2995 = CARTESIAN_POINT ( 'NONE',  ( -11.30000000000001000, 0.8000000000000000400, 11.70000000000001200 ) ) ;
#2996 = ADVANCED_FACE ( 'NONE', ( #1259 ), #3149, .F. ) ;
#2997 = CARTESIAN_POINT ( 'NONE',  ( 5.565951861268360200E-031, 4.404003810825304400E-032, -9.598271235945238900 ) ) ;
#2998 = VERTEX_POINT ( 'NONE', #3699 ) ;
#2999 = CARTESIAN_POINT ( 'NONE',  ( -11.19999999999999800, 0.0000000000000000000, 11.19999999999999900 ) ) ;
#3000 = ORIENTED_EDGE ( 'NONE', *, *, #2150, .T. ) ;
#3001 = ORIENTED_EDGE ( 'NONE', *, *, #959, .T. ) ;
#3002 = DIRECTION ( 'NONE',  ( 0.0000000000000000000, 0.0000000000000000000, 1.000000000000000000 ) ) ;
#3003 = EDGE_CURVE ( 'NONE', #3109, #3340, #2416, .T. ) ;
#3004 = AXIS2_PLACEMENT_3D ( 'NONE', #462, #1641, #748 ) ;
#3005 = VERTEX_POINT ( 'NONE', #3760 ) ;
#3006 = DIRECTION ( 'NONE',  ( 0.0000000000000000000, 0.0000000000000000000, 1.000000000000000000 ) ) ;
#3007 = DIRECTION ( 'NONE',  ( 1.000000000000000000, 0.0000000000000000000, 0.0000000000000000000 ) ) ;
#3008 = DIRECTION ( 'NONE',  ( 0.0000000000000000000, 7.982189977661017700E-032, 1.000000000000000000 ) ) ;
#3009 = CARTESIAN_POINT ( 'NONE',  ( 11.30000000000001100, 1.500000000000000000, 11.30000000000001000 ) ) ;
#3010 = VERTEX_POINT ( 'NONE', #3764 ) ;
#3011 = EDGE_CURVE ( 'NONE', #3698, #2668, #127, .T. ) ;
#3012 = DIRECTION ( 'NONE',  ( 1.000000000000000000, 0.0000000000000000000, 0.0000000000000000000 ) ) ;
#3013 = ORIENTED_EDGE ( 'NONE', *, *, #650, .F. ) ;
#3014 = CARTESIAN_POINT ( 'NONE',  ( -12.70000000000002200, 0.5000000000000000000, -11.20000000000001000 ) ) ;
#3015 = DIRECTION ( 'NONE',  ( 6.373240956641827900E-032, 0.9832549075639543900, 0.1822355254921480500 ) ) ;
#3016 = FILL_AREA_STYLE ('',( #2684 ) ) ;
#3017 = CIRCLE ( 'NONE', #1973, 1.499999999999999600 ) ;
#3018 = EDGE_LOOP ( 'NONE', ( #2579, #2522, #318, #3373 ) ) ;
#3019 = ADVANCED_FACE ( 'NONE', ( #357 ), #1341, .F. ) ;
#3020 = CARTESIAN_POINT ( 'NONE',  ( -2.550000000000002000, 0.8000000000000000400, 10.15000000000001100 ) ) ;
#3021 = EDGE_CURVE ( 'NONE', #3084, #3060, #817, .T. ) ;
#3022 =( GEOMETRIC_REPRESENTATION_CONTEXT ( 3 ) GLOBAL_UNCERTAINTY_ASSIGNED_CONTEXT ( ( #2962 ) ) GLOBAL_UNIT_ASSIGNED_CONTEXT ( ( #979, #993, #2168 ) ) REPRESENTATION_CONTEXT ( 'NONE', 'WORKASPACE' ) );
#3023 = DIRECTION ( 'NONE',  ( 1.000000000000000000, 7.395570986446975800E-032, -1.535153518563546300E-016 ) ) ;
#3024 = DIRECTION ( 'NONE',  ( 0.0000000000000000000, 0.0000000000000000000, 1.000000000000000000 ) ) ;
#3025 = FACE_BOUND ( 'NONE', #2605, .T. ) ;
#3026 = CARTESIAN_POINT ( 'NONE',  ( -11.19999999999998900, 0.0000000000000000000, 12.69999999999999900 ) ) ;
#3027 = CARTESIAN_POINT ( 'NONE',  ( 2.549999999999997200, -0.8000000000000000400, -10.15000000000000000 ) ) ;
#3028 = FACE_OUTER_BOUND ( 'NONE', #222, .T. ) ;
#3029 = CARTESIAN_POINT ( 'NONE',  ( -11.30000000000001300, 0.7999999999999999300, -11.30000000000001100 ) ) ;
#3030 = CARTESIAN_POINT ( 'NONE',  ( -10.49999999999999800, 0.0000000000000000000, 10.49999999999999800 ) ) ;
#3031 = AXIS2_PLACEMENT_3D ( 'NONE', #3030, #289, #2403 ) ;
#3032 = LINE ( 'NONE', #1632, #3628 ) ;
#3033 =( NAMED_UNIT ( * ) PLANE_ANGLE_UNIT ( ) SI_UNIT ( $, .RADIAN. ) );
#3034 = PRODUCT ( 'DKMW30 BASE-1060103', 'DKMW30 BASE-1060103', '', ( #2763 ) ) ;
#3035 = VECTOR ( 'NONE', #752, 1000.000000000000000 ) ;
#3036 = EDGE_CURVE ( 'NONE', #3010, #2842, #398, .T. ) ;
#3037 = CARTESIAN_POINT ( 'NONE',  ( -10.49999999999999100, -0.8000000000000000400, -11.43000906917926200 ) ) ;
#3038 = ORIENTED_EDGE ( 'NONE', *, *, #1938, .F. ) ;
#3039 = ORIENTED_EDGE ( 'NONE', *, *, #792, .F. ) ;
#3040 = FACE_OUTER_BOUND ( 'NONE', #300, .T. ) ;
#3041 = CARTESIAN_POINT ( 'NONE',  ( -11.19999999999998900, -9.800000000000000700, 11.19999999999999900 ) ) ;
#3042 = ADVANCED_FACE ( 'NONE', ( #1860 ), #442, .F. ) ;
#3043 = CARTESIAN_POINT ( 'NONE',  ( -10.19999999999999900, -0.8000000000000000400, 10.65000000000000200 ) ) ;
#3044 = CARTESIAN_POINT ( 'NONE',  ( -12.70000000000001900, 0.5000000000000000000, 11.20000000000000800 ) ) ;
#3045 = DIRECTION ( 'NONE',  ( 0.0000000000000000000, 1.000000000000000000, 0.0000000000000000000 ) ) ;
#3046 = ORIENTED_EDGE ( 'NONE', *, *, #2204, .F. ) ;
#3047 = VECTOR ( 'NONE', #3263, 1000.000000000000100 ) ;
#3048 = APPLICATION_CONTEXT ( 'automotive_design' ) ;
#3049 = ORIENTED_EDGE ( 'NONE', *, *, #72, .F. ) ;
#3050 = VECTOR ( 'NONE', #2548, 1000.000000000000000 ) ;
#3051 = CARTESIAN_POINT ( 'NONE',  ( -11.19999999999999000, -9.800000000000000700, -12.69999999999999900 ) ) ;
#3052 = ORIENTED_EDGE ( 'NONE', *, *, #2129, .F. ) ;
#3053 = VERTEX_POINT ( 'NONE', #3442 ) ;
#3054 = EDGE_LOOP ( 'NONE', ( #3062, #2421, #502, #2640 ) ) ;
#3055 = CARTESIAN_POINT ( 'NONE',  ( -11.19999999999999000, -8.300000000000002500, 12.30000000000000100 ) ) ;
#3056 = AXIS2_PLACEMENT_3D ( 'NONE', #860, #245, #849 ) ;
#3057 = ORIENTED_EDGE ( 'NONE', *, *, #3211, .T. ) ;
#3058 = DIRECTION ( 'NONE',  ( 0.0000000000000000000, 1.000000000000000000, 0.0000000000000000000 ) ) ;
#3059 = CARTESIAN_POINT ( 'NONE',  ( -12.70000000000001900, 0.5000000000000003300, 12.70000000000002100 ) ) ;
#3060 = VERTEX_POINT ( 'NONE', #546 ) ;
#3061 = CARTESIAN_POINT ( 'NONE',  ( -5.100000000000016500, 0.4999999999999935100, -10.15000000000003400 ) ) ;
#3062 = ORIENTED_EDGE ( 'NONE', *, *, #1557, .T. ) ;
#3063 = SURFACE_STYLE_FILL_AREA ( #1232 ) ;
#3064 = EDGE_CURVE ( 'NONE', #1945, #3287, #2232, .T. ) ;
#3065 = AXIS2_PLACEMENT_3D ( 'NONE', #851, #2904, #512 ) ;
#3066 = PRODUCT ( 'DKMW30 CASE-1060103', 'DKMW30 CASE-1060103', '', ( #3663 ) ) ;
#3067 = ADVANCED_FACE ( 'NONE', ( #1421 ), #1338, .F. ) ;
#3068 = ORIENTED_EDGE ( 'NONE', *, *, #3744, .F. ) ;
#3069 = PLANE ( 'NONE',  #557 ) ;
#3070 = CARTESIAN_POINT ( 'NONE',  ( -10.19999999999999900, 5.599999999999999600, 9.650000000000000400 ) ) ;
#3071 = AXIS2_PLACEMENT_3D ( 'NONE', #1513, #2720, #1489 ) ;
#3072 = EDGE_CURVE ( 'NONE', #3463, #3566, #1614, .T. ) ;
#3073 = DIRECTION ( 'NONE',  ( -1.000000000000000000, 0.0000000000000000000, 1.548860246407865100E-016 ) ) ;
#3074 = FACE_OUTER_BOUND ( 'NONE', #2187, .T. ) ;
#3075 = CIRCLE ( 'NONE', #2650, 0.5517287640547721100 ) ;
#3076 = FILL_AREA_STYLE_COLOUR ( '', #3206 ) ;
#3077 = PRODUCT_DEFINITION ( 'UNKNOWN', '', #2912, #2196 ) ;
#3078 = CIRCLE ( 'NONE', #3540, 0.4000000000000010200 ) ;
#3079 = VECTOR ( 'NONE', #907, 1000.000000000000000 ) ;
#3080 = APPLICATION_CONTEXT ( 'automotive_design' ) ;
#3081 = LINE ( 'NONE', #3694, #2265 ) ;
#3082 = CARTESIAN_POINT ( 'NONE',  ( 11.50000000000000000, 0.0000000000000000000, -10.49999999999999300 ) ) ;
#3083 = CARTESIAN_POINT ( 'NONE',  ( 4.199999999999999300, -0.8000000000000000400, 0.0000000000000000000 ) ) ;
#3084 = VERTEX_POINT ( 'NONE', #220 ) ;
#3085 = AXIS2_PLACEMENT_3D ( 'NONE', #450, #1629, #1319 ) ;
#3086 = CARTESIAN_POINT ( 'NONE',  ( 0.0000000000000000000, -0.5000000000000000000, 0.0000000000000000000 ) ) ;
#3087 = LINE ( 'NONE', #2544, #1937 ) ;
#3088 = VERTEX_POINT ( 'NONE', #2927 ) ;
#3089 = ADVANCED_FACE ( 'NONE', ( #2803 ), #2062, .F. ) ;
#3090 = CARTESIAN_POINT ( 'NONE',  ( 4.200000000000002000, 0.0000000000000000000, 4.000000000000001800 ) ) ;
#3091 = SURFACE_STYLE_FILL_AREA ( #418 ) ;
#3092 = EDGE_CURVE ( 'NONE', #724, #1385, #1254, .T. ) ;
#3093 = AXIS2_PLACEMENT_3D ( 'NONE', #2585, #1688, #3197 ) ;
#3094 =( LENGTH_UNIT ( ) NAMED_UNIT ( * ) SI_UNIT ( .MILLI., .METRE. ) );
#3095 = VECTOR ( 'NONE', #2465, 1000.000000000000000 ) ;
#3096 = VECTOR ( 'NONE', #1134, 1000.000000000000000 ) ;
#3097 = DIRECTION ( 'NONE',  ( 0.0000000000000000000, -0.9396926207859082100, 0.3420201433256694900 ) ) ;
#3098 = EDGE_CURVE ( 'NONE', #2816, #1781, #2042, .T. ) ;
#3099 = EDGE_LOOP ( 'NONE', ( #1527, #1171, #2887, #779 ) ) ;
#3100 = VECTOR ( 'NONE', #2751, 1000.000000000000000 ) ;
#3101 = DIRECTION ( 'NONE',  ( 7.395570986446985700E-032, 1.000000000000000000, 7.982189977661023200E-032 ) ) ;
#3102 = ORIENTED_EDGE ( 'NONE', *, *, #2567, .F. ) ;
#3103 = DIRECTION ( 'NONE',  ( -0.0000000000000000000, -1.000000000000000000, -0.0000000000000000000 ) ) ;
#3104 = VERTEX_POINT ( 'NONE', #2648 ) ;
#3105 = VECTOR ( 'NONE', #1037, 1000.000000000000100 ) ;
#3106 = DIRECTION ( 'NONE',  ( 0.0000000000000000000, 8.726796887628111100E-032, 1.000000000000000000 ) ) ;
#3107 = VERTEX_POINT ( 'NONE', #835 ) ;
#3108 =( REPRESENTATION_RELATIONSHIP ('NONE','NONE', #181, #2735 ) REPRESENTATION_RELATIONSHIP_WITH_TRANSFORMATION ( #3464 )SHAPE_REPRESENTATION_RELATIONSHIP( ) );
#3109 = VERTEX_POINT ( 'NONE', #1447 ) ;
#3110 = AXIS2_PLACEMENT_3D ( 'NONE', #1490, #3592, #2120 ) ;
#3111 = DIRECTION ( 'NONE',  ( 7.395570986446985700E-032, 1.000000000000000000, 7.982189977661023200E-032 ) ) ;
#3112 = CARTESIAN_POINT ( 'NONE',  ( 11.20000000000000100, -9.800000000000000700, 11.19999999999999900 ) ) ;
#3113 = ORIENTED_EDGE ( 'NONE', *, *, #355, .T. ) ;
#3114 = ORIENTED_EDGE ( 'NONE', *, *, #3721, .T. ) ;
#3115 = CARTESIAN_POINT ( 'NONE',  ( -11.30000000000001000, 0.8000000000000000400, 11.70000000000001200 ) ) ;
#3116 = AXIS2_PLACEMENT_3D ( 'NONE', #2784, #387, #681 ) ;
#3117 = ORIENTED_EDGE ( 'NONE', *, *, #1335, .F. ) ;
#3118 = DIRECTION ( 'NONE',  ( -1.000000000000000000, -0.0000000000000000000, -0.0000000000000000000 ) ) ;
#3119 = CARTESIAN_POINT ( 'NONE',  ( -11.19999999999998900, -9.800000000000000700, 12.69999999999999900 ) ) ;
#3120 = ORIENTED_EDGE ( 'NONE', *, *, #1035, .T. ) ;
#3121 = EDGE_CURVE ( 'NONE', #3411, #403, #2992, .T. ) ;
#3122 = DIRECTION ( 'NONE',  ( 1.000000000000000000, 7.395570986446975800E-032, -6.779273404243061400E-032 ) ) ;
#3123 = CYLINDRICAL_SURFACE ( 'NONE', #878, 1.500000000000001300 ) ;
#3124 = EDGE_LOOP ( 'NONE', ( #1771, #2019, #2252, #3746 ) ) ;
#3125 = DIRECTION ( 'NONE',  ( -0.0000000000000000000, 1.000000000000000000, -0.0000000000000000000 ) ) ;
#3126 = LINE ( 'NONE', #1574, #852 ) ;
#3127 =( GEOMETRIC_REPRESENTATION_CONTEXT ( 3 ) GLOBAL_UNCERTAINTY_ASSIGNED_CONTEXT ( ( #276 ) ) GLOBAL_UNIT_ASSIGNED_CONTEXT ( ( #1178, #616, #1504 ) ) REPRESENTATION_CONTEXT ( 'NONE', 'WORKASPACE' ) );
#3128 = CIRCLE ( 'NONE', #2311, 4.000000000000000000 ) ;
#3129 = DIRECTION ( 'NONE',  ( -1.000000000000000000, -7.395570986446975800E-032, 6.779273404243061400E-032 ) ) ;
#3130 = DIRECTION ( 'NONE',  ( 0.0000000000000000000, 0.0000000000000000000, 1.000000000000000000 ) ) ;
#3131 = VECTOR ( 'NONE', #1034, 1000.000000000000000 ) ;
#3132 = CARTESIAN_POINT ( 'NONE',  ( 11.20000000000001000, 0.5000000000000000000, 12.70000000000002100 ) ) ;
#3133 = CONICAL_SURFACE ( 'NONE', #1731, 0.7000000000000009500, 0.1832595714594050000 ) ;
#3134 = DIRECTION ( 'NONE',  ( 0.0000000000000000000, 1.000000000000000000, 0.0000000000000000000 ) ) ;
#3135 = DIRECTION ( 'NONE',  ( 7.395570986446985700E-032, 1.000000000000000000, 7.982189977661023200E-032 ) ) ;
#3136 = CARTESIAN_POINT ( 'NONE',  ( -12.70000000000002200, 0.5000000000000000000, -11.20000000000001000 ) ) ;
#3137 = ORIENTED_EDGE ( 'NONE', *, *, #706, .T. ) ;
#3138 = EDGE_CURVE ( 'NONE', #2152, #1385, #1710, .T. ) ;
#3139 = VECTOR ( 'NONE', #406, 1000.000000000000000 ) ;
#3140 = AXIS2_PLACEMENT_3D ( 'NONE', #506, #1708, #1982 ) ;
#3141 = VERTEX_POINT ( 'NONE', #1765 ) ;
#3142 = LINE ( 'NONE', #215, #1946 ) ;
#3143 = AXIS2_PLACEMENT_3D ( 'NONE', #2359, #2699, #293 ) ;
#3144 = DIRECTION ( 'NONE',  ( 0.0000000000000000000, 0.0000000000000000000, 1.000000000000000000 ) ) ;
#3145 = DIRECTION ( 'NONE',  ( 0.0000000000000000000, 1.000000000000000000, 0.0000000000000000000 ) ) ;
#3146 = EDGE_CURVE ( 'NONE', #2797, #2048, #634, .T. ) ;
#3147 = CARTESIAN_POINT ( 'NONE',  ( -12.70000000000001900, 0.0000000000000000000, 4.000000000000001800 ) ) ;
#3148 = EDGE_LOOP ( 'NONE', ( #1566, #1571, #2694, #645 ) ) ;
#3149 = CYLINDRICAL_SURFACE ( 'NONE', #3180, 1.100000000000000300 ) ;
#3150 = ORIENTED_EDGE ( 'NONE', *, *, #610, .T. ) ;
#3151 = CARTESIAN_POINT ( 'NONE',  ( -11.20000000000000100, -9.800000000000000700, -11.19999999999999900 ) ) ;
#3152 = VERTEX_POINT ( 'NONE', #1128 ) ;
#3153 = DIRECTION ( 'NONE',  ( 0.0000000000000000000, 0.0000000000000000000, 1.000000000000000000 ) ) ;
#3154 = ORIENTED_EDGE ( 'NONE', *, *, #2432, .T. ) ;
#3155 = EDGE_LOOP ( 'NONE', ( #2243, #750, #2314, #2619 ) ) ;
#3156 = DIRECTION ( 'NONE',  ( 7.395570986446985700E-032, 1.000000000000000000, 7.982189977661023200E-032 ) ) ;
#3157 = AXIS2_PLACEMENT_3D ( 'NONE', #3577, #2953, #885 ) ;
#3158 = VERTEX_POINT ( 'NONE', #2983 ) ;
#3159 = CARTESIAN_POINT ( 'NONE',  ( 2.550000000000002900, 0.7999999999999997100, 10.15000000000001100 ) ) ;
#3160 = ITEM_DEFINED_TRANSFORMATION ( 'NONE', 'NONE', #839,  #216 ) ;
#3161 = CARTESIAN_POINT ( 'NONE',  ( -10.15000000000000200, 5.599999999999999600, -10.15000000000000000 ) ) ;
#3162 = VERTEX_POINT ( 'NONE', #3237 ) ;
#3163 = CARTESIAN_POINT ( 'NONE',  ( -11.30000000000001100, 1.500000000000000000, -11.30000000000001100 ) ) ;
#3164 = EDGE_CURVE ( 'NONE', #2762, #2749, #3501, .T. ) ;
#3165 = CARTESIAN_POINT ( 'NONE',  ( -5.100000000000005000, 0.8000000000000001600, -10.85000000000001200 ) ) ;
#3166 = AXIS2_PLACEMENT_3D ( 'NONE', #1537, #675, #1293 ) ;
#3167 = DIRECTION ( 'NONE',  ( 0.0000000000000000000, 0.0000000000000000000, -1.000000000000000000 ) ) ;
#3168 = DIRECTION ( 'NONE',  ( -1.000000000000000000, -7.395570986446975800E-032, 1.535153518563546300E-016 ) ) ;
#3169 = FACE_OUTER_BOUND ( 'NONE', #3751, .T. ) ;
#3170 = CIRCLE ( 'NONE', #3605, 0.7000000000000009500 ) ;
#3171 = EDGE_CURVE ( 'NONE', #833, #3819, #3409, .T. ) ;
#3172 = CARTESIAN_POINT ( 'NONE',  ( 0.0000000000000000000, 5.599999999999999600, 10.15000000000000000 ) ) ;
#3173 = SPHERICAL_SURFACE ( 'NONE', #271, 1.100000000000000100 ) ;
#3174 = LINE ( 'NONE', #1458, #1085 ) ;
#3175 = FACE_OUTER_BOUND ( 'NONE', #144, .T. ) ;
#3176 = DIRECTION ( 'NONE',  ( 0.0000000000000000000, 1.000000000000000000, 0.0000000000000000000 ) ) ;
#3177 = DIRECTION ( 'NONE',  ( 0.0000000000000000000, 0.0000000000000000000, 1.000000000000000000 ) ) ;
#3178 = CONICAL_SURFACE ( 'NONE', #1506, 0.7000000000000009500, 0.1832595714594050000 ) ;
#3179 = CIRCLE ( 'NONE', #2542, 0.7000000000000009500 ) ;
#3180 = AXIS2_PLACEMENT_3D ( 'NONE', #578, #881, #529 ) ;
#3181 = DIRECTION ( 'NONE',  ( -7.395570986446985700E-032, -1.000000000000000000, 7.982189977661013400E-032 ) ) ;
#3182 = ORIENTED_EDGE ( 'NONE', *, *, #72, .T. ) ;
#3183 = CARTESIAN_POINT ( 'NONE',  ( -4.200000000000000200, 0.0000000000000000000, 4.000000000000001800 ) ) ;
#3184 = DIRECTION ( 'NONE',  ( -0.0000000000000000000, -1.000000000000000000, -0.0000000000000000000 ) ) ;
#3185 = EDGE_CURVE ( 'NONE', #690, #3358, #2755, .T. ) ;
#3186 = ORIENTED_EDGE ( 'NONE', *, *, #3185, .F. ) ;
#3187 = ORIENTED_EDGE ( 'NONE', *, *, #156, .F. ) ;
#3188 = ORIENTED_EDGE ( 'NONE', *, *, #2701, .T. ) ;
#3189 = ORIENTED_EDGE ( 'NONE', *, *, #1011, .F. ) ;
#3190 = CARTESIAN_POINT ( 'NONE',  ( -12.30000000000000200, -9.800000000000000700, -11.19999999999999200 ) ) ;
#3191 = ORIENTED_EDGE ( 'NONE', *, *, #758, .T. ) ;
#3192 = VERTEX_POINT ( 'NONE', #2016 ) ;
#3193 = VERTEX_POINT ( 'NONE', #2316 ) ;
#3194 = CARTESIAN_POINT ( 'NONE',  ( -11.70000000000001200, 0.8000000000000000400, -11.30000000000001100 ) ) ;
#3195 = ORIENTED_EDGE ( 'NONE', *, *, #1461, .T. ) ;
#3196 = ADVANCED_FACE ( 'NONE', ( #123 ), #1155, .T. ) ;
#3197 = DIRECTION ( 'NONE',  ( 0.0000000000000000000, 0.0000000000000000000, 1.000000000000000000 ) ) ;
#3198 = EDGE_LOOP ( 'NONE', ( #2322, #3782, #1516, #1016 ) ) ;
#3199 = EDGE_LOOP ( 'NONE', ( #913, #3366, #3659, #2660 ) ) ;
#3200 = CARTESIAN_POINT ( 'NONE',  ( -12.30000000000000200, 0.0000000000000000000, -11.19999999999999900 ) ) ;
#3201 = DIRECTION ( 'NONE',  ( 2.231741529848958500E-017, 0.9832549075639543900, -0.1822355254921480500 ) ) ;
#3202 = PRODUCT_DEFINITION_SHAPE ( 'NONE', 'NONE',  #3908 ) ;
#3203 = EDGE_CURVE ( 'NONE', #3053, #1149, #1818, .T. ) ;
#3204 = CARTESIAN_POINT ( 'NONE',  ( 6.800940116117426600E-031, 0.8000000000000001600, -10.15000000000001100 ) ) ;
#3205 = AXIS2_PLACEMENT_3D ( 'NONE', #479, #790, #3769 ) ;
#3206 = COLOUR_RGB ( '',0.7529411764705882200, 0.7529411764705882200, 0.7529411764705882200 ) ;
#3207 = CARTESIAN_POINT ( 'NONE',  ( -12.70000000000001900, -3.252606517456513300E-016, 12.70000000000002100 ) ) ;
#3208 = CARTESIAN_POINT ( 'NONE',  ( -11.20000000000000100, -8.300000000000002500, -11.19999999999999900 ) ) ;
#3209 = CIRCLE ( 'NONE', #769, 0.5000000000000004400 ) ;
#3210 = VECTOR ( 'NONE', #3887, 1000.000000000000000 ) ;
#3211 = EDGE_CURVE ( 'NONE', #3832, #1568, #2709, .T. ) ;
#3212 = CARTESIAN_POINT ( 'NONE',  ( -2.550000000000002000, 0.8000000000000000400, 9.450000000000009900 ) ) ;
#3213 = SURFACE_STYLE_FILL_AREA ( #1433 ) ;
#3214 = PLANE ( 'NONE',  #3446 ) ;
#3215 = ADVANCED_FACE ( 'NONE', ( #1382 ), #687, .T. ) ;
#3216 = LINE ( 'NONE', #3752, #2641 ) ;
#3217 = CARTESIAN_POINT ( 'NONE',  ( 0.0000000000000000000, 0.0000000000000000000, 0.0000000000000000000 ) ) ;
#3218 = SURFACE_SIDE_STYLE ('',( #3390 ) ) ;
#3219 = FACE_OUTER_BOUND ( 'NONE', #1912, .T. ) ;
#3220 = EDGE_CURVE ( 'NONE', #3643, #1445, #914, .T. ) ;
#3221 = ORIENTED_EDGE ( 'NONE', *, *, #2309, .F. ) ;
#3222 = ORIENTED_EDGE ( 'NONE', *, *, #2076, .T. ) ;
#3223 = FACE_BOUND ( 'NONE', #2546, .T. ) ;
#3224 = PLANE ( 'NONE',  #1200 ) ;
#3225 = ORIENTED_EDGE ( 'NONE', *, *, #204, .F. ) ;
#3226 = VECTOR ( 'NONE', #1478, 1000.000000000000000 ) ;
#3227 = AXIS2_PLACEMENT_3D ( 'NONE', #999, #3145, #735 ) ;
#3228 = ORIENTED_EDGE ( 'NONE', *, *, #3889, .F. ) ;
#3229 = DIRECTION ( 'NONE',  ( 6.779273404243061400E-032, 7.982189977661014400E-032, 1.000000000000000000 ) ) ;
#3230 = CARTESIAN_POINT ( 'NONE',  ( 0.0000000000000000000, 5.599999999999999600, 10.15000000000000000 ) ) ;
#3231 = CARTESIAN_POINT ( 'NONE',  ( 4.199999999999999300, 0.0000000000000000000, -4.000000000000000000 ) ) ;
#3232 = DIRECTION ( 'NONE',  ( 1.000000000000000000, 7.395570986446975800E-032, -7.675767592817735300E-017 ) ) ;
#3233 = ORIENTED_EDGE ( 'NONE', *, *, #3576, .T. ) ;
#3234 = FACE_OUTER_BOUND ( 'NONE', #152, .T. ) ;
#3235 = EDGE_CURVE ( 'NONE', #2998, #1948, #1106, .T. ) ;
#3236 = EDGE_LOOP ( 'NONE', ( #1387, #3702, #360, #2907 ) ) ;
#3237 = CARTESIAN_POINT ( 'NONE',  ( -10.49999999999999300, -3.000000000000000000, 11.23753400942222700 ) ) ;
#3238 = DIRECTION ( 'NONE',  ( 0.0000000000000000000, 0.0000000000000000000, 1.000000000000000000 ) ) ;
#3239 = ADVANCED_FACE ( 'NONE', ( #2942 ), #2574, .F. ) ;
#3240 = VERTEX_POINT ( 'NONE', #1203 ) ;
#3241 = VERTEX_POINT ( 'NONE', #296 ) ;
#3242 = CARTESIAN_POINT ( 'NONE',  ( -10.15000000000000900, 0.7999999999999999300, 10.85000000000001200 ) ) ;
#3243 = ORIENTED_EDGE ( 'NONE', *, *, #3613, .F. ) ;
#3244 = CARTESIAN_POINT ( 'NONE',  ( 12.70000000000002100, 0.5000000000000000000, 11.20000000000000800 ) ) ;
#3245 = COLOUR_RGB ( '',0.7529411764705882200, 0.7529411764705882200, 0.7529411764705882200 ) ;
#3246 = VERTEX_POINT ( 'NONE', #287 ) ;
#3247 = DIRECTION ( 'NONE',  ( 1.548860246407865100E-016, -0.0000000000000000000, 1.000000000000000000 ) ) ;
#3248 = DIRECTION ( 'NONE',  ( 2.231741529848958500E-017, 0.9832549075639543900, -0.1822355254921480500 ) ) ;
#3249 = ORIENTED_EDGE ( 'NONE', *, *, #3258, .T. ) ;
#3250 = LINE ( 'NONE', #3014, #420 ) ;
#3251 = LINE ( 'NONE', #3361, #2434 ) ;
#3252 = AXIS2_PLACEMENT_3D ( 'NONE', #3204, #503, #2310 ) ;
#3253 = VECTOR ( 'NONE', #3101, 1000.000000000000000 ) ;
#3254 = VECTOR ( 'NONE', #3550, 1000.000000000000000 ) ;
#3255 = ADVANCED_FACE ( 'NONE', ( #3731 ), #1903, .T. ) ;
#3256 = CARTESIAN_POINT ( 'NONE',  ( -2.550000000000002500, 5.599999999999999600, -10.15000000000000000 ) ) ;
#3257 = DIRECTION ( 'NONE',  ( 7.395570986446985700E-032, 1.000000000000000000, 7.982189977661023200E-032 ) ) ;
#3258 = EDGE_CURVE ( 'NONE', #3832, #3566, #3547, .T. ) ;
#3259 = AXIS2_PLACEMENT_3D ( 'NONE', #2892, #2878, #2559 ) ;
#3260 = CARTESIAN_POINT ( 'NONE',  ( 11.30000000000001100, 1.500000000000000000, -12.30000000000002600 ) ) ;
#3261 = VECTOR ( 'NONE', #3638, 1000.000000000000000 ) ;
#3262 = ORIENTED_EDGE ( 'NONE', *, *, #1175, .T. ) ;
#3263 = DIRECTION ( 'NONE',  ( 2.231741529848958500E-017, 0.9832549075639543900, -0.1822355254921480500 ) ) ;
#3264 = AXIS2_PLACEMENT_3D ( 'NONE', #2995, #2102, #21 ) ;
#3265 = FACE_OUTER_BOUND ( 'NONE', #2846, .T. ) ;
#3266 = EDGE_CURVE ( 'NONE', #3653, #2066, #3689, .T. ) ;
#3267 = SURFACE_SIDE_STYLE ('',( #3552 ) ) ;
#3268 = FACE_OUTER_BOUND ( 'NONE', #1030, .T. ) ;
#3269 = DIRECTION ( 'NONE',  ( 0.0000000000000000000, 0.0000000000000000000, -1.000000000000000000 ) ) ;
#3270 = PRODUCT_DEFINITION ( 'UNKNOWN', '', #3454, #1307 ) ;
#3271 = FACE_OUTER_BOUND ( 'NONE', #452, .T. ) ;
#3272 = DIRECTION ( 'NONE',  ( 7.395570986446985700E-032, 1.000000000000000000, -7.982189977661013400E-032 ) ) ;
#3273 = VERTEX_POINT ( 'NONE', #3892 ) ;
#3274 = AXIS2_PLACEMENT_3D ( 'NONE', #2819, #742, #1061 ) ;
#3275 = VECTOR ( 'NONE', #321, 1000.000000000000000 ) ;
#3276 = ADVANCED_FACE ( 'NONE', ( #494 ), #3637, .T. ) ;
#3277 = EDGE_LOOP ( 'NONE', ( #1208, #1784 ) ) ;
#3278 = FACE_OUTER_BOUND ( 'NONE', #1594, .T. ) ;
#3279 = CARTESIAN_POINT ( 'NONE',  ( -11.20000000000000100, -8.300000000000002500, -11.19999999999998900 ) ) ;
#3280 =( LENGTH_UNIT ( ) NAMED_UNIT ( * ) SI_UNIT ( .MILLI., .METRE. ) );
#3281 = EDGE_CURVE ( 'NONE', #2918, #3053, #3142, .T. ) ;
#3282 = AXIS2_PLACEMENT_3D ( 'NONE', #549, #1752, #1157 ) ;
#3283 = ORIENTED_EDGE ( 'NONE', *, *, #257, .F. ) ;
#3284 = CARTESIAN_POINT ( 'NONE',  ( 11.19999999999999800, -8.300000000000002500, -11.19999999999999900 ) ) ;
#3285 = ORIENTED_EDGE ( 'NONE', *, *, #2411, .T. ) ;
#3286 = CARTESIAN_POINT ( 'NONE',  ( 11.20000000000001000, 0.5000000000000000000, 11.20000000000000800 ) ) ;
#3287 = VERTEX_POINT ( 'NONE', #802 ) ;
#3288 = EDGE_CURVE ( 'NONE', #43, #1262, #725, .T. ) ;
#3289 = ORIENTED_EDGE ( 'NONE', *, *, #178, .T. ) ;
#3290 = CARTESIAN_POINT ( 'NONE',  ( -11.19999999999999000, -9.800000000000000700, -12.69999999999999900 ) ) ;
#3291 = ORIENTED_EDGE ( 'NONE', *, *, #781, .T. ) ;
#3292 = DIRECTION ( 'NONE',  ( 0.0000000000000000000, 0.0000000000000000000, 1.000000000000000000 ) ) ;
#3293 = EDGE_LOOP ( 'NONE', ( #2199, #2041, #36, #1920 ) ) ;
#3294 = ADVANCED_FACE ( 'NONE', ( #2145 ), #2843, .F. ) ;
#3295 = ORIENTED_EDGE ( 'NONE', *, *, #2867, .F. ) ;
#3296 = CARTESIAN_POINT ( 'NONE',  ( -11.20000000000001200, 0.0000000000000000000, -11.20000000000001000 ) ) ;
#3297 = EDGE_CURVE ( 'NONE', #3788, #44, #3449, .T. ) ;
#3298 = AXIS2_PLACEMENT_3D ( 'NONE', #138, #623, #2732 ) ;
#3299 = DIRECTION ( 'NONE',  ( -4.930380657631317200E-032, 7.982189977661013400E-032, 1.000000000000000000 ) ) ;
#3300 = DIRECTION ( 'NONE',  ( -1.000000000000000000, 0.0000000000000000000, -6.938893903907230700E-015 ) ) ;
#3301 = FACE_OUTER_BOUND ( 'NONE', #187, .T. ) ;
#3302 = AXIS2_PLACEMENT_3D ( 'NONE', #1164, #500, #3835 ) ;
#3303 = CIRCLE ( 'NONE', #998, 0.7319851171331016600 ) ;
#3304 = CARTESIAN_POINT ( 'NONE',  ( -2.550000000000002000, 0.0000000000000000000, 10.15000000000001100 ) ) ;
#3305 = CARTESIAN_POINT ( 'NONE',  ( 11.30000000000001100, 0.5000000000000000000, -12.30000000000002600 ) ) ;
#3306 = EDGE_CURVE ( 'NONE', #3843, #831, #1060, .T. ) ;
#3307 = ORIENTED_EDGE ( 'NONE', *, *, #3674, .T. ) ;
#3308 = DIRECTION ( 'NONE',  ( 7.395570986446985700E-032, 1.000000000000000000, 7.982189977661023200E-032 ) ) ;
#3309 = VECTOR ( 'NONE', #1372, 1000.000000000000000 ) ;
#3310 = ADVANCED_FACE ( 'NONE', ( #590 ), #3834, .F. ) ;
#3311 = LINE ( 'NONE', #3041, #2497 ) ;
#3312 = ORIENTED_EDGE ( 'NONE', *, *, #685, .F. ) ;
#3313 = SURFACE_SIDE_STYLE ('',( #1607 ) ) ;
#3314 = PRODUCT_RELATED_PRODUCT_CATEGORY ( 'part', '', ( #1291 ) ) ;
#3315 = ORIENTED_EDGE ( 'NONE', *, *, #1806, .T. ) ;
#3316 = VECTOR ( 'NONE', #3317, 1000.000000000000000 ) ;
#3317 = DIRECTION ( 'NONE',  ( 7.395570986446985700E-032, 1.000000000000000000, 7.982189977661023200E-032 ) ) ;
#3318 = DIRECTION ( 'NONE',  ( 0.0000000000000000000, 0.0000000000000000000, 1.000000000000000000 ) ) ;
#3319 = ORIENTED_EDGE ( 'NONE', *, *, #2458, .T. ) ;
#3320 = VECTOR ( 'NONE', #3856, 1000.000000000000000 ) ;
#3321 = DIRECTION ( 'NONE',  ( -2.302730277845320100E-016, -8.013949756639681000E-032, -1.000000000000000000 ) ) ;
#3322 = CARTESIAN_POINT ( 'NONE',  ( -10.15000000000000200, 5.599999999999999600, -9.650000000000000400 ) ) ;
#3323 = ORIENTED_EDGE ( 'NONE', *, *, #303, .T. ) ;
#3324 = CIRCLE ( 'NONE', #2428, 0.5517287640547738900 ) ;
#3325 = DIRECTION ( 'NONE',  ( 1.000000000000000000, 0.0000000000000000000, 0.0000000000000000000 ) ) ;
#3326 = ORIENTED_EDGE ( 'NONE', *, *, #3121, .F. ) ;
#3327 = SURFACE_SIDE_STYLE ('',( #3063 ) ) ;
#3328 = EDGE_CURVE ( 'NONE', #556, #607, #2894, .T. ) ;
#3329 = ORIENTED_EDGE ( 'NONE', *, *, #1365, .T. ) ;
#3330 = ADVANCED_FACE ( 'NONE', ( #1013 ), #212, .T. ) ;
#3331 = VERTEX_POINT ( 'NONE', #1693 ) ;
#3332 = PLANE ( 'NONE',  #1511 ) ;
#3333 = DIRECTION ( 'NONE',  ( -1.000000000000000000, -7.395570986446975800E-032, 1.535153518563546300E-016 ) ) ;
#3334 = CARTESIAN_POINT ( 'NONE',  ( -10.15000000000000900, 3.252606517456513800E-016, 10.70172876405478300 ) ) ;
#3335 = ORIENTED_EDGE ( 'NONE', *, *, #3801, .F. ) ;
#3336 = AXIS2_PLACEMENT_3D ( 'NONE', #3296, #2127, #1791 ) ;
#3337 = EDGE_CURVE ( 'NONE', #33, #3331, #2610, .T. ) ;
#3338 = EDGE_LOOP ( 'NONE', ( #2852, #1312, #80, #3289 ) ) ;
#3339 = DIRECTION ( 'NONE',  ( 1.548860246407865100E-016, 0.0000000000000000000, 1.000000000000000000 ) ) ;
#3340 = VERTEX_POINT ( 'NONE', #787 ) ;
#3341 = CARTESIAN_POINT ( 'NONE',  ( 2.549999999999997200, 5.599999999999999600, -10.15000000000000000 ) ) ;
#3342 = CYLINDRICAL_SURFACE ( 'NONE', #2211, 0.5000000000000004400 ) ;
#3343 = CIRCLE ( 'NONE', #1432, 1.499999999999999600 ) ;
#3344 = CARTESIAN_POINT ( 'NONE',  ( 11.20000000000000100, -9.800000000000000700, 11.19999999999999900 ) ) ;
#3345 = CARTESIAN_POINT ( 'NONE',  ( 11.43000906917926200, -0.8000000000000000400, -10.49999999999999300 ) ) ;
#3346 = DIRECTION ( 'NONE',  ( 7.395570986446985700E-032, 1.000000000000000000, 7.982189977661023200E-032 ) ) ;
#3347 = EDGE_CURVE ( 'NONE', #1868, #2476, #308, .T. ) ;
#3348 = AXIS2_PLACEMENT_3D ( 'NONE', #2058, #1474, #597 ) ;
#3349 = FACE_OUTER_BOUND ( 'NONE', #1090, .T. ) ;
#3350 = ADVANCED_FACE ( 'NONE', ( #1299 ), #1757, .T. ) ;
#3351 = VECTOR ( 'NONE', #1713, 1000.000000000000000 ) ;
#3352 = EDGE_CURVE ( 'NONE', #3894, #2332, #353, .T. ) ;
#3353 = AXIS2_PLACEMENT_3D ( 'NONE', #2752, #2186, #1624 ) ;
#3354 = LINE ( 'NONE', #2566, #1326 ) ;
#3355 = DIRECTION ( 'NONE',  ( 0.0000000000000000000, 0.0000000000000000000, 1.000000000000000000 ) ) ;
#3356 = CIRCLE ( 'NONE', #3227, 1.100000000000000300 ) ;
#3357 = EDGE_CURVE ( 'NONE', #217, #3793, #2408, .T. ) ;
#3358 = VERTEX_POINT ( 'NONE', #1092 ) ;
#3359 = CARTESIAN_POINT ( 'NONE',  ( -10.15000000000000900, 3.252606517456513800E-016, 9.598271235945238900 ) ) ;
#3360 = CYLINDRICAL_SURFACE ( 'NONE', #2405, 1.100000000000000300 ) ;
#3361 = CARTESIAN_POINT ( 'NONE',  ( 11.19999999999999000, -9.800000000000000700, -12.30000000000000100 ) ) ;
#3362 = DIRECTION ( 'NONE',  ( 7.395570986446985700E-032, 1.000000000000000000, 7.982189977661023200E-032 ) ) ;
#3363 = VERTEX_POINT ( 'NONE', #2922 ) ;
#3364 = LINE ( 'NONE', #3583, #584 ) ;
#3365 = ORIENTED_EDGE ( 'NONE', *, *, #3328, .T. ) ;
#3366 = ORIENTED_EDGE ( 'NONE', *, *, #2643, .F. ) ;
#3367 = ADVANCED_FACE ( 'NONE', ( #2277 ), #2188, .T. ) ;
#3368 = CARTESIAN_POINT ( 'NONE',  ( -11.19999999999999800, -8.300000000000002500, 11.19999999999999900 ) ) ;
#3369 = DIRECTION ( 'NONE',  ( 7.395570986446985700E-032, 1.000000000000000000, 7.982189977661023200E-032 ) ) ;
#3370 = PLANE ( 'NONE',  #2941 ) ;
#3371 = ORIENTED_EDGE ( 'NONE', *, *, #781, .F. ) ;
#3372 = UNCERTAINTY_MEASURE_WITH_UNIT (LENGTH_MEASURE( 1.000000000000000100E-005 ), #291, 'distance_accuracy_value', 'NONE');
#3373 = ORIENTED_EDGE ( 'NONE', *, *, #2847, .T. ) ;
#3374 = VERTEX_POINT ( 'NONE', #1469 ) ;
#3375 = DIRECTION ( 'NONE',  ( 1.000000000000000000, 0.0000000000000000000, 0.0000000000000000000 ) ) ;
#3376 = AXIS2_PLACEMENT_3D ( 'NONE', #2818, #1020, #1747 ) ;
#3377 = ORIENTED_EDGE ( 'NONE', *, *, #828, .T. ) ;
#3378 = PLANE ( 'NONE',  #2268 ) ;
#3379 = ORIENTED_EDGE ( 'NONE', *, *, #3810, .T. ) ;
#3380 = APPLICATION_CONTEXT ( 'automotive_design' ) ;
#3381 = ORIENTED_EDGE ( 'NONE', *, *, #449, .F. ) ;
#3382 = EDGE_CURVE ( 'NONE', #2951, #697, #1419, .T. ) ;
#3383 = VERTEX_POINT ( 'NONE', #1210 ) ;
#3384 = PLANE ( 'NONE',  #3811 ) ;
#3385 = ORIENTED_EDGE ( 'NONE', *, *, #951, .T. ) ;
#3386 = DIRECTION ( 'NONE',  ( 0.0000000000000000000, 7.982189977661017700E-032, 1.000000000000000000 ) ) ;
#3387 = DIRECTION ( 'NONE',  ( -0.0000000000000000000, -1.000000000000000000, -0.0000000000000000000 ) ) ;
#3388 = VERTEX_POINT ( 'NONE', #3808 ) ;
#3389 = PRODUCT_DEFINITION_SHAPE ( 'NONE', 'NONE',  #3904 ) ;
#3390 = SURFACE_STYLE_FILL_AREA ( #1112 ) ;
#3391 = LINE ( 'NONE', #2039, #381 ) ;
#3392 = CARTESIAN_POINT ( 'NONE',  ( -4.200000000000000200, 0.8000000000000000400, 4.000000000000001800 ) ) ;
#3393 = CARTESIAN_POINT ( 'NONE',  ( 10.49999999999999500, -3.000000000000000000, -11.23753400942222700 ) ) ;
#3394 = DIRECTION ( 'NONE',  ( 7.395570986446985700E-032, 1.000000000000000000, 7.982189977661023200E-032 ) ) ;
#3395 = CARTESIAN_POINT ( 'NONE',  ( -10.49999999999999800, -3.000000000000000000, 10.49999999999999800 ) ) ;
#3396 = LINE ( 'NONE', #901, #676 ) ;
#3397 = EDGE_CURVE ( 'NONE', #320, #3141, #770, .T. ) ;
#3398 = AXIS2_PLACEMENT_3D ( 'NONE', #432, #3766, #2536 ) ;
#3399 = VECTOR ( 'NONE', #3125, 1000.000000000000000 ) ;
#3400 = AXIS2_PLACEMENT_3D ( 'NONE', #87, #1519, #1536 ) ;
#3401 = AXIS2_PLACEMENT_3D ( 'NONE', #3639, #3629, #665 ) ;
#3402 = DIRECTION ( 'NONE',  ( 0.0000000000000000000, 0.0000000000000000000, 1.000000000000000000 ) ) ;
#3403 = EDGE_LOOP ( 'NONE', ( #2573, #1517, #696, #3602 ) ) ;
#3404 = CIRCLE ( 'NONE', #3528, 1.499999999999999600 ) ;
#3405 = CARTESIAN_POINT ( 'NONE',  ( -2.550000000000002500, 5.599999999999999600, -10.15000000000000000 ) ) ;
#3406 = ORIENTED_EDGE ( 'NONE', *, *, #3538, .T. ) ;
#3407 = DIRECTION ( 'NONE',  ( 7.395570986446985700E-032, 1.000000000000000000, 7.982189977661023200E-032 ) ) ;
#3408 = EDGE_LOOP ( 'NONE', ( #1588, #3838 ) ) ;
#3409 = CIRCLE ( 'NONE', #1040, 0.7000000000000009500 ) ;
#3410 = DIRECTION ( 'NONE',  ( 0.0000000000000000000, 0.0000000000000000000, 1.000000000000000000 ) ) ;
#3411 = VERTEX_POINT ( 'NONE', #1495 ) ;
#3412 = ORIENTED_EDGE ( 'NONE', *, *, #1878, .T. ) ;
#3413 = ORIENTED_EDGE ( 'NONE', *, *, #1980, .T. ) ;
#3414 = EDGE_CURVE ( 'NONE', #2902, #1482, #1994, .T. ) ;
#3415 = AXIS2_PLACEMENT_3D ( 'NONE', #2490, #384, #1316 ) ;
#3416 = ORIENTED_EDGE ( 'NONE', *, *, #257, .T. ) ;
#3417 = CARTESIAN_POINT ( 'NONE',  ( -10.15000000000000200, -0.8000000000000000400, -10.65000000000000200 ) ) ;
#3418 = DIRECTION ( 'NONE',  ( 1.000000000000000000, 7.395570986446976900E-032, -2.302730277845318600E-016 ) ) ;
#3419 = ORIENTED_EDGE ( 'NONE', *, *, #377, .F. ) ;
#3420 = DIRECTION ( 'NONE',  ( -0.0000000000000000000, -1.000000000000000000, -0.0000000000000000000 ) ) ;
#3421 = AXIS2_PLACEMENT_3D ( 'NONE', #1479, #297, #24 ) ;
#3422 = VERTEX_POINT ( 'NONE', #867 ) ;
#3423 = DIRECTION ( 'NONE',  ( 7.395570986446985700E-032, 1.000000000000000000, 7.982189977661023200E-032 ) ) ;
#3424 = VERTEX_POINT ( 'NONE', #1802 ) ;
#3425 = EDGE_CURVE ( 'NONE', #3088, #3104, #1379, .T. ) ;
#3426 = DIRECTION ( 'NONE',  ( 0.0000000000000000000, 7.982189977661017700E-032, 1.000000000000000000 ) ) ;
#3427 = LINE ( 'NONE', #3471, #2073 ) ;
#3428 = ORIENTED_EDGE ( 'NONE', *, *, #2824, .F. ) ;
#3429 = DIRECTION ( 'NONE',  ( 0.0000000000000000000, 1.000000000000000000, 0.0000000000000000000 ) ) ;
#3430 = CARTESIAN_POINT ( 'NONE',  ( -12.70000000000001900, 0.5000000000000003300, 12.70000000000002100 ) ) ;
#3431 = VECTOR ( 'NONE', #2633, 1000.000000000000000 ) ;
#3432 = DIRECTION ( 'NONE',  ( 0.0000000000000000000, 1.000000000000000000, 0.0000000000000000000 ) ) ;
#3433 = LINE ( 'NONE', #1695, #380 ) ;
#3434 = CARTESIAN_POINT ( 'NONE',  ( 10.19999999999999900, -0.8000000000000000400, 10.15000000000000000 ) ) ;
#3435 = CIRCLE ( 'NONE', #1787, 0.7000000000000009500 ) ;
#3436 = UNCERTAINTY_MEASURE_WITH_UNIT (LENGTH_MEASURE( 1.000000000000000100E-005 ), #2029, 'distance_accuracy_value', 'NONE');
#3437 = DIRECTION ( 'NONE',  ( 0.0000000000000000000, -0.0000000000000000000, 1.000000000000000000 ) ) ;
#3438 = FACE_BOUND ( 'NONE', #264, .T. ) ;
#3439 = AXIS2_PLACEMENT_3D ( 'NONE', #857, #1167, #3885 ) ;
#3440 = CIRCLE ( 'NONE', #198, 0.7000000000000009500 ) ;
#3441 = ORIENTED_EDGE ( 'NONE', *, *, #1712, .T. ) ;
#3442 = CARTESIAN_POINT ( 'NONE',  ( 2.549999999999997200, -0.8000000000000000400, -9.650000000000000400 ) ) ;
#3443 = CARTESIAN_POINT ( 'NONE',  ( -2.550000000000002000, 0.8000000000000000400, 10.15000000000001100 ) ) ;
#3444 = EDGE_CURVE ( 'NONE', #1105, #3636, #1518, .T. ) ;
#3445 = CIRCLE ( 'NONE', #160, 0.5000000000000004400 ) ;
#3446 = AXIS2_PLACEMENT_3D ( 'NONE', #3493, #1992, #197 ) ;
#3447 = CARTESIAN_POINT ( 'NONE',  ( -10.49999999999999100, 7.530789258985392700E-017, 11.50000000000000000 ) ) ;
#3448 = ORIENTED_EDGE ( 'NONE', *, *, #355, .F. ) ;
#3449 = LINE ( 'NONE', #240, #2655 ) ;
#3450 = AXIS2_PLACEMENT_3D ( 'NONE', #3020, #2713, #3563 ) ;
#3451 = EDGE_CURVE ( 'NONE', #2379, #3698, #3364, .T. ) ;
#3452 = ORIENTED_EDGE ( 'NONE', *, *, #582, .T. ) ;
#3453 = ORIENTED_EDGE ( 'NONE', *, *, #2097, .T. ) ;
#3454 = PRODUCT_DEFINITION_FORMATION_WITH_SPECIFIED_SOURCE ( 'ANY', '', #2774, .NOT_KNOWN. ) ;
#3455 = EDGE_LOOP ( 'NONE', ( #3516, #967, #3826, #1991 ) ) ;
#3456 = DIRECTION ( 'NONE',  ( -1.000000000000000000, -7.395570986446975800E-032, 6.779273404243061400E-032 ) ) ;
#3457 = DIRECTION ( 'NONE',  ( 1.535153518563545300E-016, 1.375547393088332700E-031, 1.000000000000000000 ) ) ;
#3458 = EDGE_LOOP ( 'NONE', ( #2754, #3684, #773, #3335 ) ) ;
#3459 = ORIENTED_EDGE ( 'NONE', *, *, #3306, .T. ) ;
#3460 = CARTESIAN_POINT ( 'NONE',  ( -11.20000000000000100, -9.800000000000000700, -11.19999999999999900 ) ) ;
#3461 = AXIS2_PLACEMENT_3D ( 'NONE', #2553, #3135, #1956 ) ;
#3462 = EDGE_LOOP ( 'NONE', ( #3113, #599, #535, #3195 ) ) ;
#3463 = VERTEX_POINT ( 'NONE', #1456 ) ;
#3464 = ITEM_DEFINED_TRANSFORMATION ( 'NONE', 'NONE', #2050,  #216 ) ;
#3465 = DIRECTION ( 'NONE',  ( -4.930380657631317200E-032, 7.982189977661013400E-032, 1.000000000000000000 ) ) ;
#3466 = ORIENTED_EDGE ( 'NONE', *, *, #3626, .F. ) ;
#3467 = DIRECTION ( 'NONE',  ( -0.0000000000000000000, -1.000000000000000000, -0.0000000000000000000 ) ) ;
#3468 = EDGE_CURVE ( 'NONE', #1117, #3193, #956, .T. ) ;
#3469 = DIRECTION ( 'NONE',  ( 4.930380657631317200E-032, -7.982189977661013400E-032, -1.000000000000000000 ) ) ;
#3470 = STYLED_ITEM ( 'NONE', ( #570 ), #1229 ) ;
#3471 = CARTESIAN_POINT ( 'NONE',  ( 12.69999999999999800, 0.0000000000000000000, -11.19999999999998900 ) ) ;
#3472 = FACE_OUTER_BOUND ( 'NONE', #2990, .T. ) ;
#3473 = LINE ( 'NONE', #373, #375 ) ;
#3474 = DIRECTION ( 'NONE',  ( 0.0000000000000000000, 0.0000000000000000000, 1.000000000000000000 ) ) ;
#3475 = EDGE_CURVE ( 'NONE', #1337, #3424, #683, .T. ) ;
#3476 = CARTESIAN_POINT ( 'NONE',  ( -5.100000000000005000, 0.0000000000000000000, -10.15000000000001100 ) ) ;
#3477 = FACE_OUTER_BOUND ( 'NONE', #1914, .T. ) ;
#3478 = LINE ( 'NONE', #3037, #3759 ) ;
#3479 = VECTOR ( 'NONE', #1475, 1000.000000000000000 ) ;
#3480 = ADVANCED_FACE ( 'NONE', ( #3040 ), #579, .F. ) ;
#3481 = PLANE ( 'NONE',  #657 ) ;
#3482 = DIRECTION ( 'NONE',  ( -7.395570986446985700E-032, -1.000000000000000000, -7.982189977661023200E-032 ) ) ;
#3483 = DIRECTION ( 'NONE',  ( 7.395570986446985700E-032, 1.000000000000000000, 7.982189977661023200E-032 ) ) ;
#3484 = CIRCLE ( 'NONE', #2198, 1.500000000000001300 ) ;
#3485 = UNCERTAINTY_MEASURE_WITH_UNIT (LENGTH_MEASURE( 1.000000000000000100E-005 ), #207, 'distance_accuracy_value', 'NONE');
#3486 = ORIENTED_EDGE ( 'NONE', *, *, #1958, .T. ) ;
#3487 = EDGE_CURVE ( 'NONE', #2731, #3606, #1611, .T. ) ;
#3488 = DIRECTION ( 'NONE',  ( 0.0000000000000000000, 0.0000000000000000000, 1.000000000000000000 ) ) ;
#3489 = PRESENTATION_LAYER_ASSIGNMENT (  '', '', ( #1676 ) ) ;
#3490 = DIRECTION ( 'NONE',  ( 7.395570986446985700E-032, 1.000000000000000000, 7.982189977661023200E-032 ) ) ;
#3491 = FACE_OUTER_BOUND ( 'NONE', #744, .T. ) ;
#3492 = FACE_OUTER_BOUND ( 'NONE', #2157, .T. ) ;
#3493 = CARTESIAN_POINT ( 'NONE',  ( -10.49999999999999100, 0.0000000000000000000, 11.50000000000000000 ) ) ;
#3494 = VERTEX_POINT ( 'NONE', #1181 ) ;
#3495 = AXIS2_PLACEMENT_3D ( 'NONE', #2025, #2324, #2604 ) ;
#3496 = DIRECTION ( 'NONE',  ( -7.395570986446985700E-032, -1.000000000000000000, -7.982189977661023200E-032 ) ) ;
#3497 = ORIENTED_EDGE ( 'NONE', *, *, #3306, .F. ) ;
#3498 = FACE_OUTER_BOUND ( 'NONE', #1902, .T. ) ;
#3499 = EDGE_CURVE ( 'NONE', #1955, #3158, #209, .T. ) ;
#3500 = ORIENTED_EDGE ( 'NONE', *, *, #3146, .F. ) ;
#3501 = LINE ( 'NONE', #273, #540 ) ;
#3502 = ADVANCED_FACE ( 'NONE', ( #2459 ), #266, .T. ) ;
#3503 = CARTESIAN_POINT ( 'NONE',  ( -4.200000000000000200, -1.200000000000000200, 1.925929944387235900E-031 ) ) ;
#3504 = EDGE_LOOP ( 'NONE', ( #3682, #743, #2142 ) ) ;
#3505 = ORIENTED_EDGE ( 'NONE', *, *, #48, .F. ) ;
#3506 = CARTESIAN_POINT ( 'NONE',  ( 2.550000000000002900, 3.252606517456513300E-016, 10.15000000000001100 ) ) ;
#3507 = DIRECTION ( 'NONE',  ( 1.000000000000000000, 0.0000000000000000000, -6.938893903907230700E-015 ) ) ;
#3508 = ORIENTED_EDGE ( 'NONE', *, *, #859, .F. ) ;
#3509 = DIRECTION ( 'NONE',  ( 0.0000000000000000000, 0.0000000000000000000, 1.000000000000000000 ) ) ;
#3510 = PRODUCT_DEFINITION ( 'UNKNOWN', '', #2180, #1816 ) ;
#3511 = DIRECTION ( 'NONE',  ( 0.0000000000000000000, 0.0000000000000000000, -1.000000000000000000 ) ) ;
#3512 = ORIENTED_EDGE ( 'NONE', *, *, #156, .T. ) ;
#3513 =( LENGTH_UNIT ( ) NAMED_UNIT ( * ) SI_UNIT ( .MILLI., .METRE. ) );
#3514 = DIRECTION ( 'NONE',  ( 0.08715574274765820800, -0.9961946980917455500, 0.0000000000000000000 ) ) ;
#3515 = EDGE_LOOP ( 'NONE', ( #1613, #268, #2993, #219 ) ) ;
#3516 = ORIENTED_EDGE ( 'NONE', *, *, #859, .T. ) ;
#3517 = DIRECTION ( 'NONE',  ( 6.373240956641827900E-032, 0.9832549075639543900, 0.1822355254921480500 ) ) ;
#3518 = ADVANCED_FACE ( 'NONE', ( #1901 ), #1010, .T. ) ;
#3519 = DIRECTION ( 'NONE',  ( -0.0000000000000000000, -1.000000000000000000, -0.0000000000000000000 ) ) ;
#3520 = EDGE_CURVE ( 'NONE', #2951, #1105, #2365, .T. ) ;
#3521 = DIRECTION ( 'NONE',  ( 0.0000000000000000000, 1.000000000000000000, 0.0000000000000000000 ) ) ;
#3522 = AXIS2_PLACEMENT_3D ( 'NONE', #705, #142, #2810 ) ;
#3523 = LINE ( 'NONE', #1033, #1450 ) ;
#3524 = DIRECTION ( 'NONE',  ( 7.395570986446985700E-032, 1.000000000000000000, 7.982189977661023200E-032 ) ) ;
#3525 = ORIENTED_EDGE ( 'NONE', *, *, #1579, .F. ) ;
#3526 = LINE ( 'NONE', #2074, #3622 ) ;
#3527 = DIRECTION ( 'NONE',  ( -0.0000000000000000000, 1.000000000000000000, -0.0000000000000000000 ) ) ;
#3528 = AXIS2_PLACEMENT_3D ( 'NONE', #3368, #2435, #618 ) ;
#3529 = CARTESIAN_POINT ( 'NONE',  ( -11.20000000000001200, 0.5000000000000000000, -12.70000000000002100 ) ) ;
#3530 = EDGE_CURVE ( 'NONE', #3162, #3422, #2321, .T. ) ;
#3531 = FILL_AREA_STYLE_COLOUR ( '', #3532 ) ;
#3532 = COLOUR_RGB ( '',0.7529411764705882200, 0.7529411764705882200, 0.7529411764705882200 ) ;
#3533 = VECTOR ( 'NONE', #746, 1000.000000000000000 ) ;
#3534 = CARTESIAN_POINT ( 'NONE',  ( 11.23753400942222700, -3.000000000000000000, -10.49999999999999300 ) ) ;
#3535 = CARTESIAN_POINT ( 'NONE',  ( -4.199999999999999300, -0.8000000000000000400, 4.000000000000000000 ) ) ;
#3536 = CARTESIAN_POINT ( 'NONE',  ( -4.199999999999999300, -0.8000000000000000400, -4.000000000000000000 ) ) ;
#3537 = FACE_OUTER_BOUND ( 'NONE', #1625, .T. ) ;
#3538 = EDGE_CURVE ( 'NONE', #410, #591, #1295, .T. ) ;
#3539 = EDGE_LOOP ( 'NONE', ( #2109, #3295, #3191, #173 ) ) ;
#3540 = AXIS2_PLACEMENT_3D ( 'NONE', #1696, #3524, #804 ) ;
#3541 = ADVANCED_FACE ( 'NONE', ( #491 ), #2137, .F. ) ;
#3542 = ORIENTED_EDGE ( 'NONE', *, *, #1909, .F. ) ;
#3543 = VECTOR ( 'NONE', #94, 1000.000000000000000 ) ;
#3544 = DIRECTION ( 'NONE',  ( 0.0000000000000000000, 0.0000000000000000000, 1.000000000000000000 ) ) ;
#3545 = ORIENTED_EDGE ( 'NONE', *, *, #1980, .F. ) ;
#3546 = EDGE_CURVE ( 'NONE', #1942, #2998, #19, .T. ) ;
#3547 = CIRCLE ( 'NONE', #1766, 1.499999999999999600 ) ;
#3548 = AXIS2_PLACEMENT_3D ( 'NONE', #2436, #75, #333 ) ;
#3549 = DIRECTION ( 'NONE',  ( 1.548860246407865100E-016, -0.0000000000000000000, 1.000000000000000000 ) ) ;
#3550 = DIRECTION ( 'NONE',  ( 7.395570986446985700E-032, 1.000000000000000000, 7.982189977661023200E-032 ) ) ;
#3551 = ORIENTED_EDGE ( 'NONE', *, *, #1378, .T. ) ;
#3552 = SURFACE_STYLE_FILL_AREA ( #1989 ) ;
#3553 = EDGE_CURVE ( 'NONE', #2823, #231, #1990, .T. ) ;
#3554 = EDGE_LOOP ( 'NONE', ( #2472, #2246, #637, #2106, #2608, #702, #1302, #2334 ) ) ;
#3555 = CARTESIAN_POINT ( 'NONE',  ( 12.30000000000002000, 1.500000000000000000, 11.30000000000001000 ) ) ;
#3556 = ORIENTED_EDGE ( 'NONE', *, *, #1266, .F. ) ;
#3557 = VERTEX_POINT ( 'NONE', #1271 ) ;
#3558 = ORIENTED_EDGE ( 'NONE', *, *, #3520, .F. ) ;
#3559 = CARTESIAN_POINT ( 'NONE',  ( -11.20000000000000100, -9.400000000000002100, -11.19999999999999900 ) ) ;
#3560 = ORIENTED_EDGE ( 'NONE', *, *, #3011, .T. ) ;
#3561 = ADVANCED_FACE ( 'NONE', ( #2558 ), #1209, .T. ) ;
#3562 =( LENGTH_UNIT ( ) NAMED_UNIT ( * ) SI_UNIT ( .MILLI., .METRE. ) );
#3563 = DIRECTION ( 'NONE',  ( 0.0000000000000000000, 0.0000000000000000000, 1.000000000000000000 ) ) ;
#3564 = MECHANICAL_DESIGN_GEOMETRIC_PRESENTATION_REPRESENTATION (  '', ( #1723 ), #1393 ) ;
#3565 = CARTESIAN_POINT ( 'NONE',  ( -11.19999999999999000, -9.800000000000000700, -11.19999999999999900 ) ) ;
#3566 = VERTEX_POINT ( 'NONE', #3635 ) ;
#3567 = CARTESIAN_POINT ( 'NONE',  ( 4.199999999999999300, -0.8000000000000000400, -4.000000000000000000 ) ) ;
#3568 = CARTESIAN_POINT ( 'NONE',  ( 5.100000000000005000, 0.8000000000000001600, -9.450000000000009900 ) ) ;
#3569 = FACE_OUTER_BOUND ( 'NONE', #1855, .T. ) ;
#3570 = VERTEX_POINT ( 'NONE', #2410 ) ;
#3571 = AXIS2_PLACEMENT_3D ( 'NONE', #2980, #3837, #1442 ) ;
#3572 =( LENGTH_UNIT ( ) NAMED_UNIT ( * ) SI_UNIT ( .MILLI., .METRE. ) );
#3573 = LINE ( 'NONE', #3132, #3253 ) ;
#3574 = FACE_OUTER_BOUND ( 'NONE', #3455, .T. ) ;
#3575 = DIRECTION ( 'NONE',  ( 7.395570986446985700E-032, 1.000000000000000000, 7.982189977661023200E-032 ) ) ;
#3576 = EDGE_CURVE ( 'NONE', #3832, #3788, #3404, .T. ) ;
#3577 = CARTESIAN_POINT ( 'NONE',  ( 10.20000000000001000, 0.8000000000000001600, -10.15000000000001100 ) ) ;
#3578 = FACE_OUTER_BOUND ( 'NONE', #507, .T. ) ;
#3579 = CARTESIAN_POINT ( 'NONE',  ( 11.20000000000000100, 0.0000000000000000000, 11.19999999999999900 ) ) ;
#3580 = CONICAL_SURFACE ( 'NONE', #82, 0.7000000000000009500, 0.1832595714594050000 ) ;
#3581 = CYLINDRICAL_SURFACE ( 'NONE', #3548, 1.500000000000001300 ) ;
#3582 =( NAMED_UNIT ( * ) SI_UNIT ( $, .STERADIAN. ) SOLID_ANGLE_UNIT ( ) );
#3583 = CARTESIAN_POINT ( 'NONE',  ( -4.200000000000000200, -1.200000000000000200, 4.000000000000001800 ) ) ;
#3584 = SPHERICAL_SURFACE ( 'NONE', #927, 1.500000000000000000 ) ;
#3585 = FACE_OUTER_BOUND ( 'NONE', #3462, .T. ) ;
#3586 = ORIENTED_EDGE ( 'NONE', *, *, #440, .F. ) ;
#3587 = CARTESIAN_POINT ( 'NONE',  ( 2.549999999999997200, 5.599999999999999600, -10.65000000000000200 ) ) ;
#3588 = DIRECTION ( 'NONE',  ( -7.395570986446985700E-032, -1.000000000000000000, -7.982189977661023200E-032 ) ) ;
#3589 = ORIENTED_EDGE ( 'NONE', *, *, #1486, .T. ) ;
#3590 = VECTOR ( 'NONE', #674, 1000.000000000000100 ) ;
#3591 = DIRECTION ( 'NONE',  ( 0.0000000000000000000, 0.0000000000000000000, 1.000000000000000000 ) ) ;
#3592 = DIRECTION ( 'NONE',  ( 0.0000000000000000000, 1.000000000000000000, 0.0000000000000000000 ) ) ;
#3593 = ORIENTED_EDGE ( 'NONE', *, *, #431, .F. ) ;
#3594 = VECTOR ( 'NONE', #3496, 1000.000000000000000 ) ;
#3595 = CARTESIAN_POINT ( 'NONE',  ( 0.0000000000000000000, 0.0000000000000000000, 0.0000000000000000000 ) ) ;
#3596 = EDGE_CURVE ( 'NONE', #3388, #3606, #723, .T. ) ;
#3597 = AXIS2_PLACEMENT_3D ( 'NONE', #2939, #1095, #1141 ) ;
#3598 = ORIENTED_EDGE ( 'NONE', *, *, #846, .F. ) ;
#3599 = ADVANCED_FACE ( 'NONE', ( #2095, #1665, #165, #3823, #1477, #866, #1705, #394, #2705, #3778, #910 ), #3069, .T. ) ;
#3600 = DIRECTION ( 'NONE',  ( 0.0000000000000000000, 1.000000000000000000, 0.0000000000000000000 ) ) ;
#3601 = ORIENTED_EDGE ( 'NONE', *, *, #2177, .F. ) ;
#3602 = ORIENTED_EDGE ( 'NONE', *, *, #481, .F. ) ;
#3603 = CARTESIAN_POINT ( 'NONE',  ( -4.200000000000000200, 0.8000000000000000400, -4.000000000000008900 ) ) ;
#3604 = AXIS2_PLACEMENT_3D ( 'NONE', #107, #146, #1339 ) ;
#3605 = AXIS2_PLACEMENT_3D ( 'NONE', #1850, #2162, #51 ) ;
#3606 = VERTEX_POINT ( 'NONE', #3651 ) ;
#3607 = DIRECTION ( 'NONE',  ( 0.0000000000000000000, 0.0000000000000000000, -1.000000000000000000 ) ) ;
#3608 = UNCERTAINTY_MEASURE_WITH_UNIT (LENGTH_MEASURE( 1.000000000000000100E-005 ), #301, 'distance_accuracy_value', 'NONE');
#3609 = CARTESIAN_POINT ( 'NONE',  ( -10.19999999999999900, 5.599999999999999600, 10.15000000000000000 ) ) ;
#3610 = ORIENTED_EDGE ( 'NONE', *, *, #2978, .T. ) ;
#3611 = FILL_AREA_STYLE_COLOUR ( '', #3245 ) ;
#3612 = ORIENTED_EDGE ( 'NONE', *, *, #2753, .F. ) ;
#3613 = EDGE_CURVE ( 'NONE', #499, #352, #814, .T. ) ;
#3614 = AXIS2_PLACEMENT_3D ( 'NONE', #2269, #3432, #1071 ) ;
#3615 = ORIENTED_EDGE ( 'NONE', *, *, #3203, .T. ) ;
#3616 = DIRECTION ( 'NONE',  ( 0.0000000000000000000, -0.0000000000000000000, 1.000000000000000000 ) ) ;
#3617 = LINE ( 'NONE', #401, #3713 ) ;
#3618 = ORIENTED_EDGE ( 'NONE', *, *, #85, .T. ) ;
#3619 = ADVANCED_FACE ( 'NONE', ( #3498 ), #3332, .T. ) ;
#3620 = DIRECTION ( 'NONE',  ( -7.395570986446985700E-032, -1.000000000000000000, -7.982189977661023200E-032 ) ) ;
#3621 = AXIS2_PLACEMENT_3D ( 'NONE', #1441, #515, #827 ) ;
#3622 = VECTOR ( 'NONE', #2084, 1000.000000000000000 ) ;
#3623 =( NAMED_UNIT ( * ) PLANE_ANGLE_UNIT ( ) SI_UNIT ( $, .RADIAN. ) );
#3624 = LINE ( 'NONE', #771, #2830 ) ;
#3625 = CARTESIAN_POINT ( 'NONE',  ( -2.550000000000002000, 0.8000000000000000400, 9.450000000000009900 ) ) ;
#3626 = EDGE_CURVE ( 'NONE', #2762, #1955, #2606, .T. ) ;
#3627 = DIRECTION ( 'NONE',  ( 0.0000000000000000000, 1.000000000000000000, 0.0000000000000000000 ) ) ;
#3628 = VECTOR ( 'NONE', #716, 1000.000000000000000 ) ;
#3629 = DIRECTION ( 'NONE',  ( 0.0000000000000000000, 0.0000000000000000000, -1.000000000000000000 ) ) ;
#3630 = VECTOR ( 'NONE', #3097, 999.9999999999998900 ) ;
#3631 = ORIENTED_EDGE ( 'NONE', *, *, #391, .F. ) ;
#3632 = DIRECTION ( 'NONE',  ( 0.0000000000000000000, 0.0000000000000000000, 1.000000000000000000 ) ) ;
#3633 = VERTEX_POINT ( 'NONE', #1833 ) ;
#3634 = ADVANCED_FACE ( 'NONE', ( #1812 ), #2230, .F. ) ;
#3635 = CARTESIAN_POINT ( 'NONE',  ( -12.69999999999999800, -8.300000000000002500, 11.19999999999998900 ) ) ;
#3636 = VERTEX_POINT ( 'NONE', #3625 ) ;
#3637 = CYLINDRICAL_SURFACE ( 'NONE', #1248, 1.500000000000001300 ) ;
#3638 = DIRECTION ( 'NONE',  ( 1.000000000000000000, -0.0000000000000000000, 0.0000000000000000000 ) ) ;
#3639 = CARTESIAN_POINT ( 'NONE',  ( -4.199999999999999300, -0.8000000000000000400, -4.000000000000000000 ) ) ;
#3640 = ORIENTED_EDGE ( 'NONE', *, *, #3750, .F. ) ;
#3641 = CYLINDRICAL_SURFACE ( 'NONE', #350, 1.499999999999999600 ) ;
#3642 = AXIS2_PLACEMENT_3D ( 'NONE', #1245, #3346, #3402 ) ;
#3643 = VERTEX_POINT ( 'NONE', #632 ) ;
#3644 = CARTESIAN_POINT ( 'NONE',  ( 12.30000000000002000, 1.500000000000000000, 11.30000000000001000 ) ) ;
#3645 = DIRECTION ( 'NONE',  ( -6.779273404243061400E-032, -7.982189977661014400E-032, -1.000000000000000000 ) ) ;
#3646 = ORIENTED_EDGE ( 'NONE', *, *, #1194, .F. ) ;
#3647 = CARTESIAN_POINT ( 'NONE',  ( 5.100000000000014700, 0.4999999999999952300, -10.15000000000003400 ) ) ;
#3648 = EDGE_CURVE ( 'NONE', #1868, #1945, #77, .T. ) ;
#3649 = ORIENTED_EDGE ( 'NONE', *, *, #431, .T. ) ;
#3650 = ORIENTED_EDGE ( 'NONE', *, *, #1656, .F. ) ;
#3651 = CARTESIAN_POINT ( 'NONE',  ( -11.20000000000001200, 0.0000000000000000000, -12.70000000000002100 ) ) ;
#3652 = CARTESIAN_POINT ( 'NONE',  ( 11.30000000000001100, 0.8000000000000000400, -11.70000000000001500 ) ) ;
#3653 = VERTEX_POINT ( 'NONE', #932 ) ;
#3654 = AXIS2_PLACEMENT_3D ( 'NONE', #2173, #369, #649 ) ;
#3655 = EDGE_CURVE ( 'NONE', #1728, #86, #1567, .T. ) ;
#3656 = CONTEXT_DEPENDENT_SHAPE_REPRESENTATION ( #3676, #3389 ) ;
#3657 = DIRECTION ( 'NONE',  ( -0.0000000000000000000, -1.000000000000000000, -0.0000000000000000000 ) ) ;
#3658 = ADVANCED_FACE ( 'NONE', ( #3223, #304 ), #699, .T. ) ;
#3659 = ORIENTED_EDGE ( 'NONE', *, *, #554, .T. ) ;
#3660 = FILL_AREA_STYLE ('',( #3076 ) ) ;
#3661 = STYLED_ITEM ( 'NONE', ( #2934 ), #2263 ) ;
#3662 = ORIENTED_EDGE ( 'NONE', *, *, #440, .T. ) ;
#3663 = PRODUCT_CONTEXT ( 'NONE', #1555, 'mechanical' ) ;
#3664 = VECTOR ( 'NONE', #962, 1000.000000000000000 ) ;
#3665 = ORIENTED_EDGE ( 'NONE', *, *, #3288, .T. ) ;
#3666 = DIRECTION ( 'NONE',  ( 0.0000000000000000000, 1.000000000000000000, 0.0000000000000000000 ) ) ;
#3667 = AXIS2_PLACEMENT_3D ( 'NONE', #3395, #116, #2492 ) ;
#3668 = CARTESIAN_POINT ( 'NONE',  ( -12.30000000000001700, 1.500000000000000000, 11.30000000000001100 ) ) ;
#3669 = LINE ( 'NONE', #2341, #188 ) ;
#3670 = SPHERICAL_SURFACE ( 'NONE', #1755, 1.100000000000000100 ) ;
#3671 = VECTOR ( 'NONE', #3588, 1000.000000000000000 ) ;
#3672 = CARTESIAN_POINT ( 'NONE',  ( 11.70000000000001200, 0.7999999999999997100, -11.30000000000001500 ) ) ;
#3673 = DIRECTION ( 'NONE',  ( 0.0000000000000000000, 1.000000000000000000, 0.0000000000000000000 ) ) ;
#3674 = EDGE_CURVE ( 'NONE', #409, #3241, #2503, .T. ) ;
#3675 =( GEOMETRIC_REPRESENTATION_CONTEXT ( 3 ) GLOBAL_UNCERTAINTY_ASSIGNED_CONTEXT ( ( #2040 ) ) GLOBAL_UNIT_ASSIGNED_CONTEXT ( ( #3815, #234, #2331 ) ) REPRESENTATION_CONTEXT ( 'NONE', 'WORKASPACE' ) );
#3676 =( REPRESENTATION_RELATIONSHIP ('NONE','NONE', #181, #1514 ) REPRESENTATION_RELATIONSHIP_WITH_TRANSFORMATION ( #930 )SHAPE_REPRESENTATION_RELATIONSHIP( ) );
#3677 = PRESENTATION_STYLE_ASSIGNMENT (( #172 ) ) ;
#3678 = EDGE_CURVE ( 'NONE', #2622, #3698, #3773, .T. ) ;
#3679 = DIRECTION ( 'NONE',  ( 1.000000000000000000, 0.0000000000000000000, -0.0000000000000000000 ) ) ;
#3680 = CYLINDRICAL_SURFACE ( 'NONE', #1678, 0.5000000000000004400 ) ;
#3681 = PRESENTATION_STYLE_ASSIGNMENT (( #1904 ) ) ;
#3682 = ORIENTED_EDGE ( 'NONE', *, *, #3397, .F. ) ;
#3683 = DIRECTION ( 'NONE',  ( 7.395570986446985700E-032, 1.000000000000000000, 7.982189977661023200E-032 ) ) ;
#3684 = ORIENTED_EDGE ( 'NONE', *, *, #3397, .T. ) ;
#3685 = VECTOR ( 'NONE', #1775, 1000.000000000000000 ) ;
#3686 = CARTESIAN_POINT ( 'NONE',  ( 6.851616465984600500E-016, 0.5000000000000282000, -6.552964293473467500E-016 ) ) ;
#3687 = VERTEX_POINT ( 'NONE', #1638 ) ;
#3688 = MECHANICAL_DESIGN_GEOMETRIC_PRESENTATION_REPRESENTATION (  '', ( #1676 ), #3022 ) ;
#3689 = CIRCLE ( 'NONE', #958, 0.5000000000000004400 ) ;
#3690 = ORIENTED_EDGE ( 'NONE', *, *, #1042, .T. ) ;
#3691 =( LENGTH_UNIT ( ) NAMED_UNIT ( * ) SI_UNIT ( .MILLI., .METRE. ) );
#3692 = ORIENTED_EDGE ( 'NONE', *, *, #35, .T. ) ;
#3693 = FILL_AREA_STYLE_COLOUR ( '', #858 ) ;
#3694 = CARTESIAN_POINT ( 'NONE',  ( 11.70000000000001200, 0.7999999999999997100, -11.30000000000001500 ) ) ;
#3695 = ORIENTED_EDGE ( 'NONE', *, *, #2046, .T. ) ;
#3696 = ORIENTED_EDGE ( 'NONE', *, *, #2486, .T. ) ;
#3697 = CARTESIAN_POINT ( 'NONE',  ( 11.20000000000000600, 0.0000000000000000000, -11.20000000000001000 ) ) ;
#3698 = VERTEX_POINT ( 'NONE', #3392 ) ;
#3699 = CARTESIAN_POINT ( 'NONE',  ( 10.19999999999999900, 5.599999999999999600, 9.650000000000000400 ) ) ;
#3700 = CARTESIAN_POINT ( 'NONE',  ( 11.30000000000001100, 1.500000000000000000, 11.30000000000001000 ) ) ;
#3701 = CARTESIAN_POINT ( 'NONE',  ( -12.70000000000002200, 0.0000000000000000000, -12.70000000000002100 ) ) ;
#3702 = ORIENTED_EDGE ( 'NONE', *, *, #3352, .T. ) ;
#3703 = ORIENTED_EDGE ( 'NONE', *, *, #3596, .F. ) ;
#3704 = EDGE_CURVE ( 'NONE', #3241, #1709, #2037, .T. ) ;
#3705 = ORIENTED_EDGE ( 'NONE', *, *, #3171, .F. ) ;
#3706 = CARTESIAN_POINT ( 'NONE',  ( -2.550000000000002500, -0.8000000000000000400, -10.65000000000000200 ) ) ;
#3707 = DIRECTION ( 'NONE',  ( -0.0000000000000000000, 1.000000000000000000, -0.0000000000000000000 ) ) ;
#3708 = VERTEX_POINT ( 'NONE', #124 ) ;
#3709 = CARTESIAN_POINT ( 'NONE',  ( 11.20000000000000100, -9.400000000000002100, 11.19999999999999900 ) ) ;
#3710 = PLANE ( 'NONE',  #1911 ) ;
#3711 = ORIENTED_EDGE ( 'NONE', *, *, #1712, .F. ) ;
#3712 = AXIS2_PLACEMENT_3D ( 'NONE', #1409, #1160, #2346 ) ;
#3713 = VECTOR ( 'NONE', #1897, 1000.000000000000000 ) ;
#3714 = ORIENTED_EDGE ( 'NONE', *, *, #2724, .T. ) ;
#3715 = FACE_BOUND ( 'NONE', #889, .T. ) ;
#3716 = CARTESIAN_POINT ( 'NONE',  ( -11.70000000000000800, 0.8000000000000003800, 11.30000000000001100 ) ) ;
#3717 = CARTESIAN_POINT ( 'NONE',  ( 11.19999999999999800, -9.400000000000002100, -11.19999999999999900 ) ) ;
#3718 = LINE ( 'NONE', #1417, #105 ) ;
#3719 = DIRECTION ( 'NONE',  ( 7.395570986446985700E-032, 1.000000000000000000, 7.982189977661023200E-032 ) ) ;
#3720 = VECTOR ( 'NONE', #2959, 1000.000000000000100 ) ;
#3721 = EDGE_CURVE ( 'NONE', #1995, #2802, #863, .T. ) ;
#3722 = AXIS2_PLACEMENT_3D ( 'NONE', #2850, #2556, #473 ) ;
#3723 = MANIFOLD_SOLID_BREP ( '伸長1', #2190 ) ;
#3724 = CIRCLE ( 'NONE', #727, 1.500000000000001300 ) ;
#3725 = SURFACE_STYLE_FILL_AREA ( #317 ) ;
#3726 = EDGE_CURVE ( 'NONE', #2369, #3383, #679, .T. ) ;
#3727 = ORIENTED_EDGE ( 'NONE', *, *, #1126, .T. ) ;
#3728 = CYLINDRICAL_SURFACE ( 'NONE', #361, 0.5000000000000004400 ) ;
#3729 = DIRECTION ( 'NONE',  ( 0.0000000000000000000, 1.000000000000000000, 0.0000000000000000000 ) ) ;
#3730 = ORIENTED_EDGE ( 'NONE', *, *, #322, .T. ) ;
#3731 = FACE_OUTER_BOUND ( 'NONE', #1546, .T. ) ;
#3732 = DIRECTION ( 'NONE',  ( 0.0000000000000000000, 0.0000000000000000000, 1.000000000000000000 ) ) ;
#3733 = CARTESIAN_POINT ( 'NONE',  ( -2.550000000000002500, -0.8000000000000000400, -10.15000000000000000 ) ) ;
#3734 = CARTESIAN_POINT ( 'NONE',  ( -11.19999999999998900, -8.300000000000002500, 11.19999999999999900 ) ) ;
#3735 = ORIENTED_EDGE ( 'NONE', *, *, #2671, .T. ) ;
#3736 = LINE ( 'NONE', #399, #1064 ) ;
#3737 = EDGE_CURVE ( 'NONE', #1535, #3152, #2885, .T. ) ;
#3738 = AXIS2_PLACEMENT_3D ( 'NONE', #3260, #1169, #3023 ) ;
#3739 = ORIENTED_EDGE ( 'NONE', *, *, #2319, .T. ) ;
#3740 = CARTESIAN_POINT ( 'NONE',  ( -12.70000000000001900, 0.0000000000000000000, -4.000000000000008900 ) ) ;
#3741 = ORIENTED_EDGE ( 'NONE', *, *, #2139, .F. ) ;
#3742 = EDGE_LOOP ( 'NONE', ( #1540, #1869, #16, #1610 ) ) ;
#3743 = CARTESIAN_POINT ( 'NONE',  ( 11.30000000000001100, 1.500000000000000000, 12.30000000000001800 ) ) ;
#3744 = EDGE_CURVE ( 'NONE', #2240, #499, #2090, .T. ) ;
#3745 = AXIS2_PLACEMENT_3D ( 'NONE', #1941, #1931, #1639 ) ;
#3746 = ORIENTED_EDGE ( 'NONE', *, *, #2688, .F. ) ;
#3747 = DIRECTION ( 'NONE',  ( 0.0000000000000000000, 0.0000000000000000000, 1.000000000000000000 ) ) ;
#3748 = EDGE_LOOP ( 'NONE', ( #1218, #1622 ) ) ;
#3749 = ORIENTED_EDGE ( 'NONE', *, *, #383, .F. ) ;
#3750 = EDGE_CURVE ( 'NONE', #591, #1262, #1471, .T. ) ;
#3751 = EDGE_LOOP ( 'NONE', ( #2667, #1444, #3618, #1910 ) ) ;
#3752 = CARTESIAN_POINT ( 'NONE',  ( -6.735557395310443700E-017, 0.0000000000000000000, -0.5500000000000001600 ) ) ;
#3753 = DIRECTION ( 'NONE',  ( 1.548860246407865100E-016, -0.0000000000000000000, 1.000000000000000000 ) ) ;
#3754 = FACE_OUTER_BOUND ( 'NONE', #3148, .T. ) ;
#3755 = EDGE_LOOP ( 'NONE', ( #1125, #691, #1067, #1253 ) ) ;
#3756 = CARTESIAN_POINT ( 'NONE',  ( -11.30000000000001000, 1.500000000000000000, 11.70000000000001200 ) ) ;
#3757 = FACE_OUTER_BOUND ( 'NONE', #2098, .T. ) ;
#3758 = CARTESIAN_POINT ( 'NONE',  ( -11.30000000000001300, 0.7999999999999999300, -11.30000000000001100 ) ) ;
#3759 = VECTOR ( 'NONE', #709, 1000.000000000000000 ) ;
#3760 = CARTESIAN_POINT ( 'NONE',  ( 2.549999999999997200, 5.599999999999999600, -10.65000000000000200 ) ) ;
#3761 = AXIS2_PLACEMENT_3D ( 'NONE', #3899, #2677, #2375 ) ;
#3762 = LINE ( 'NONE', #1826, #290 ) ;
#3763 = ORIENTED_EDGE ( 'NONE', *, *, #1059, .T. ) ;
#3764 = CARTESIAN_POINT ( 'NONE',  ( 0.0000000000000000000, 5.599999999999999600, 9.650000000000000400 ) ) ;
#3765 = LINE ( 'NONE', #2218, #902 ) ;
#3766 = DIRECTION ( 'NONE',  ( 7.395570986446985700E-032, 1.000000000000000000, 7.982189977661023200E-032 ) ) ;
#3767 = AXIS2_PLACEMENT_3D ( 'NONE', #3286, #3868, #1425 ) ;
#3768 = CARTESIAN_POINT ( 'NONE',  ( -11.20000000000000100, 0.0000000000000000000, -11.19999999999999900 ) ) ;
#3769 = DIRECTION ( 'NONE',  ( 0.0000000000000000000, 0.0000000000000000000, 1.000000000000000000 ) ) ;
#3770 = UNCERTAINTY_MEASURE_WITH_UNIT (LENGTH_MEASURE( 1.000000000000000100E-005 ), #3094, 'distance_accuracy_value', 'NONE');
#3771 = FACE_OUTER_BOUND ( 'NONE', #2947, .T. ) ;
#3772 = EDGE_CURVE ( 'NONE', #831, #3890, #2750, .T. ) ;
#3773 = CIRCLE ( 'NONE', #508, 4.000000000000005300 ) ;
#3774 = ORIENTED_EDGE ( 'NONE', *, *, #2590, .T. ) ;
#3775 = ADVANCED_FACE ( 'NONE', ( #767 ), #3728, .T. ) ;
#3776 = CARTESIAN_POINT ( 'NONE',  ( -11.19999999999999000, 0.0000000000000000000, -12.69999999999999900 ) ) ;
#3777 = CLOSED_SHELL ( 'NONE', ( #3634, #2758, #1790, #3794, #938, #2282, #1176, #840, #2339, #1388, #1547, #780, #3019, #3833, #1528, #2637, #1870, #2620, #547, #1669, #3089, #2427, #2045, #314, #2318, #3276, #2353, #564, #820, #3310, #2935, #3239, #509, #1026, #2087, #1687, #3599, #3067, #3294, #2022, #1191, #1099, #2131, #2736, #486, #3042, #1243, #588, #1143, #2974 ) ) ;
#3778 = FACE_BOUND ( 'NONE', #2552, .T. ) ;
#3779 = CARTESIAN_POINT ( 'NONE',  ( 2.550000000000002900, 0.7999999999999997100, 10.15000000000001100 ) ) ;
#3780 = ORIENTED_EDGE ( 'NONE', *, *, #2946, .T. ) ;
#3781 = VECTOR ( 'NONE', #3549, 1000.000000000000000 ) ;
#3782 = ORIENTED_EDGE ( 'NONE', *, *, #1165, .F. ) ;
#3783 = CARTESIAN_POINT ( 'NONE',  ( -10.50000000000000000, -3.000000000000000000, -10.50000000000000000 ) ) ;
#3784 = DIRECTION ( 'NONE',  ( 0.0000000000000000000, 0.0000000000000000000, -1.000000000000000000 ) ) ;
#3785 = EDGE_LOOP ( 'NONE', ( #1018, #3486 ) ) ;
#3786 = CARTESIAN_POINT ( 'NONE',  ( 10.19999999999999900, -0.8000000000000000400, 9.650000000000000400 ) ) ;
#3787 = ORIENTED_EDGE ( 'NONE', *, *, #2701, .F. ) ;
#3788 = VERTEX_POINT ( 'NONE', #1028 ) ;
#3789 = DIRECTION ( 'NONE',  ( 7.395570986446985700E-032, 1.000000000000000000, 7.982189977661023200E-032 ) ) ;
#3790 = VERTEX_POINT ( 'NONE', #721 ) ;
#3791 = ORIENTED_EDGE ( 'NONE', *, *, #2679, .T. ) ;
#3792 = CARTESIAN_POINT ( 'NONE',  ( 11.19999999999999800, -8.300000000000002500, -11.19999999999999200 ) ) ;
#3793 = VERTEX_POINT ( 'NONE', #1325 ) ;
#3794 = ADVANCED_FACE ( 'NONE', ( #2183 ), #1375, .F. ) ;
#3795 = DIRECTION ( 'NONE',  ( -0.0000000000000000000, -1.000000000000000000, -0.0000000000000000000 ) ) ;
#3796 = EDGE_CURVE ( 'NONE', #3141, #2809, #1150, .T. ) ;
#3797 = AXIS2_PLACEMENT_3D ( 'NONE', #2908, #1691, #230 ) ;
#3798 = DIRECTION ( 'NONE',  ( 2.231741529848958500E-017, 0.9832549075639543900, -0.1822355254921480500 ) ) ;
#3799 = ORIENTED_EDGE ( 'NONE', *, *, #1241, .F. ) ;
#3800 = AXIS2_PLACEMENT_3D ( 'NONE', #688, #382, #1623 ) ;
#3801 = EDGE_CURVE ( 'NONE', #1009, #2809, #1290, .T. ) ;
#3802 = DIRECTION ( 'NONE',  ( 7.395570986446985700E-032, 1.000000000000000000, 7.982189977661023200E-032 ) ) ;
#3803 = ORIENTED_EDGE ( 'NONE', *, *, #3451, .T. ) ;
#3804 = DIRECTION ( 'NONE',  ( 0.0000000000000000000, 8.726796887628082700E-032, 1.000000000000000000 ) ) ;
#3805 = DIRECTION ( 'NONE',  ( 0.0000000000000000000, -0.0000000000000000000, 1.000000000000000000 ) ) ;
#3806 = CIRCLE ( 'NONE', #1635, 4.000000000000000000 ) ;
#3807 = FILL_AREA_STYLE_COLOUR ( '', #731 ) ;
#3808 = CARTESIAN_POINT ( 'NONE',  ( 11.20000000000000600, 0.0000000000000000000, -12.70000000000002100 ) ) ;
#3809 = SURFACE_STYLE_FILL_AREA ( #2047 ) ;
#3810 = EDGE_CURVE ( 'NONE', #3363, #132, #3445, .T. ) ;
#3811 = AXIS2_PLACEMENT_3D ( 'NONE', #2778, #2815, #3679 ) ;
#3812 = DIRECTION ( 'NONE',  ( -1.000000000000000000, -7.395570986446976900E-032, -4.930380657631317200E-032 ) ) ;
#3813 = ADVANCED_FACE ( 'NONE', ( #3585 ), #3224, .T. ) ;
#3814 = VECTOR ( 'NONE', #3168, 1000.000000000000000 ) ;
#3815 =( LENGTH_UNIT ( ) NAMED_UNIT ( * ) SI_UNIT ( .MILLI., .METRE. ) );
#3816 = CYLINDRICAL_SURFACE ( 'NONE', #56, 1.100000000000000300 ) ;
#3817 = CARTESIAN_POINT ( 'NONE',  ( 11.19999999999998900, -9.800000000000000700, -12.69999999999999900 ) ) ;
#3818 = PRODUCT_DEFINITION_SHAPE ( 'NONE', 'NONE',  #1180 ) ;
#3819 = VERTEX_POINT ( 'NONE', #2020 ) ;
#3820 = AXIS2_PLACEMENT_3D ( 'NONE', #1759, #282, #3884 ) ;
#3821 = DIRECTION ( 'NONE',  ( 0.0000000000000000000, 0.0000000000000000000, -1.000000000000000000 ) ) ;
#3822 = ORIENTED_EDGE ( 'NONE', *, *, #2036, .F. ) ;
#3823 = FACE_BOUND ( 'NONE', #1420, .T. ) ;
#3824 = DIRECTION ( 'NONE',  ( 1.000000000000000000, 0.0000000000000000000, 0.0000000000000000000 ) ) ;
#3825 = EDGE_CURVE ( 'NONE', #3570, #924, #1250, .T. ) ;
#3826 = ORIENTED_EDGE ( 'NONE', *, *, #1606, .F. ) ;
#3827 = VECTOR ( 'NONE', #3527, 1000.000000000000000 ) ;
#3828 = DIRECTION ( 'NONE',  ( 7.395570986446985700E-032, 1.000000000000000000, 7.982189977661023200E-032 ) ) ;
#3829 = CARTESIAN_POINT ( 'NONE',  ( -11.19999999999999000, -8.300000000000002500, -12.30000000000000100 ) ) ;
#3830 = ORIENTED_EDGE ( 'NONE', *, *, #1768, .T. ) ;
#3831 = DIRECTION ( 'NONE',  ( 0.0000000000000000000, 1.000000000000000000, 0.0000000000000000000 ) ) ;
#3832 = VERTEX_POINT ( 'NONE', #444 ) ;
#3833 = ADVANCED_FACE ( 'NONE', ( #485 ), #1729, .F. ) ;
#3834 = PLANE ( 'NONE',  #1431 ) ;
#3835 = DIRECTION ( 'NONE',  ( 0.0000000000000000000, 7.982189977661017700E-032, 1.000000000000000000 ) ) ;
#3836 = ORIENTED_EDGE ( 'NONE', *, *, #3328, .F. ) ;
#3837 = DIRECTION ( 'NONE',  ( 0.0000000000000000000, 1.000000000000000000, 0.0000000000000000000 ) ) ;
#3838 = ORIENTED_EDGE ( 'NONE', *, *, #2139, .T. ) ;
#3839 = DIRECTION ( 'NONE',  ( 0.0000000000000000000, 8.726796887628082700E-032, 1.000000000000000000 ) ) ;
#3840 = ORIENTED_EDGE ( 'NONE', *, *, #362, .T. ) ;
#3841 = ORIENTED_EDGE ( 'NONE', *, *, #2773, .F. ) ;
#3842 = CONTEXT_DEPENDENT_SHAPE_REPRESENTATION ( #1877, #994 ) ;
#3843 = VERTEX_POINT ( 'NONE', #210 ) ;
#3844 = ADVANCED_BREP_SHAPE_REPRESENTATION ( '', ( #1235, #216 ), #12 ) ;
#3845 = DIRECTION ( 'NONE',  ( 0.0000000000000000000, 1.000000000000000000, 0.0000000000000000000 ) ) ;
#3846 = ORIENTED_EDGE ( 'NONE', *, *, #1392, .T. ) ;
#3847 = DIRECTION ( 'NONE',  ( 0.0000000000000000000, 1.000000000000000000, -0.0000000000000000000 ) ) ;
#3848 = DIRECTION ( 'NONE',  ( 1.000000000000000000, 7.395570986446976900E-032, 4.930380657631317200E-032 ) ) ;
#3849 = DIRECTION ( 'NONE',  ( 1.000000000000000000, 0.0000000000000000000, 0.0000000000000000000 ) ) ;
#3850 = EDGE_CURVE ( 'NONE', #3192, #1051, #1984, .T. ) ;
#3851 = CARTESIAN_POINT ( 'NONE',  ( -5.100000000000005000, 0.8000000000000001600, -10.15000000000001100 ) ) ;
#3852 = CIRCLE ( 'NONE', #2398, 0.4000000000000010200 ) ;
#3853 = CARTESIAN_POINT ( 'NONE',  ( 12.69999999999999800, -8.300000000000002500, -11.19999999999998900 ) ) ;
#3854 = LINE ( 'NONE', #874, #2075 ) ;
#3855 = CIRCLE ( 'NONE', #1281, 0.5517287640547738900 ) ;
#3856 = DIRECTION ( 'NONE',  ( 0.0000000000000000000, 1.000000000000000000, 0.0000000000000000000 ) ) ;
#3857 = AXIS2_PLACEMENT_3D ( 'NONE', #3159, #392, #1146 ) ;
#3858 = CIRCLE ( 'NONE', #3085, 1.000000000000000900 ) ;
#3859 = ADVANCED_FACE ( 'NONE', ( #71 ), #1103, .T. ) ;
#3860 = EDGE_CURVE ( 'NONE', #3383, #2622, #2792, .T. ) ;
#3861 = DIRECTION ( 'NONE',  ( -0.0000000000000000000, -1.000000000000000000, -0.0000000000000000000 ) ) ;
#3862 = FACE_BOUND ( 'NONE', #1993, .T. ) ;
#3863 =( LENGTH_UNIT ( ) NAMED_UNIT ( * ) SI_UNIT ( .MILLI., .METRE. ) );
#3864 = DIRECTION ( 'NONE',  ( 7.395570986446985700E-032, 1.000000000000000000, 7.982189977661023200E-032 ) ) ;
#3865 = PRESENTATION_LAYER_ASSIGNMENT (  '', '', ( #1301 ) ) ;
#3866 = CYLINDRICAL_SURFACE ( 'NONE', #1195, 4.000000000000005300 ) ;
#3867 = CARTESIAN_POINT ( 'NONE',  ( 11.70000000000001200, 1.500000000000000000, 11.30000000000001000 ) ) ;
#3868 = DIRECTION ( 'NONE',  ( 7.395570986446985700E-032, 1.000000000000000000, 7.982189977661023200E-032 ) ) ;
#3869 = CARTESIAN_POINT ( 'NONE',  ( -11.70000000000000800, 0.8000000000000003800, 11.30000000000001100 ) ) ;
#3870 = CIRCLE ( 'NONE', #3116, 0.7000000000000009500 ) ;
#3871 = SURFACE_STYLE_FILL_AREA ( #864 ) ;
#3872 = AXIS2_PLACEMENT_3D ( 'NONE', #1189, #2665, #2969 ) ;
#3873 = DIRECTION ( 'NONE',  ( 0.0000000000000000000, 1.000000000000000000, 0.0000000000000000000 ) ) ;
#3874 = DIRECTION ( 'NONE',  ( 7.395570986446985700E-032, 1.000000000000000000, 7.982189977661023200E-032 ) ) ;
#3875 = LINE ( 'NONE', #2174, #3095 ) ;
#3876 = VECTOR ( 'NONE', #3831, 1000.000000000000000 ) ;
#3877 =( NAMED_UNIT ( * ) PLANE_ANGLE_UNIT ( ) SI_UNIT ( $, .RADIAN. ) );
#3878 = EDGE_LOOP ( 'NONE', ( #1172, #2557, #2691, #3377 ) ) ;
#3879 = EDGE_CURVE ( 'NONE', #924, #3570, #2454, .T. ) ;
#3880 = VECTOR ( 'NONE', #1758, 1000.000000000000100 ) ;
#3881 = AXIS2_PLACEMENT_3D ( 'NONE', #2651, #3861, #1449 ) ;
#3882 = ADVANCED_FACE ( 'NONE', ( #3492 ), #1894, .F. ) ;
#3883 = DIRECTION ( 'NONE',  ( 0.0000000000000000000, 7.982189977661002400E-032, 1.000000000000000000 ) ) ;
#3884 = DIRECTION ( 'NONE',  ( 0.0000000000000000000, 0.0000000000000000000, 1.000000000000000000 ) ) ;
#3885 = DIRECTION ( 'NONE',  ( 0.0000000000000000000, 7.982189977661017700E-032, 1.000000000000000000 ) ) ;
#3886 = ORIENTED_EDGE ( 'NONE', *, *, #2177, .T. ) ;
#3887 = DIRECTION ( 'NONE',  ( 8.260587980841944900E-017, 0.0000000000000000000, 1.000000000000000000 ) ) ;
#3888 = ORIENTED_EDGE ( 'NONE', *, *, #1194, .T. ) ;
#3889 = EDGE_CURVE ( 'NONE', #3557, #2749, #1097, .T. ) ;
#3890 = VERTEX_POINT ( 'NONE', #1715 ) ;
#3891 = EDGE_LOOP ( 'NONE', ( #2208, #183, #1111, #3598 ) ) ;
#3892 = CARTESIAN_POINT ( 'NONE',  ( 2.550000000000002900, 0.7999999999999997100, 10.85000000000001200 ) ) ;
#3893 = DIRECTION ( 'NONE',  ( 0.0000000000000000000, 7.982189977661013400E-032, 1.000000000000000000 ) ) ;
#3894 = VERTEX_POINT ( 'NONE', #224 ) ;
#3895 = EDGE_LOOP ( 'NONE', ( #3841, #1832, #2251, #3649 ) ) ;
#3896 = DIRECTION ( 'NONE',  ( 0.0000000000000000000, 1.000000000000000000, 0.0000000000000000000 ) ) ;
#3897 = EDGE_CURVE ( 'NONE', #1720, #38, #1804, .T. ) ;
#3898 = AXIS2_PLACEMENT_3D ( 'NONE', #3900, #3272, #3299 ) ;
#3899 = CARTESIAN_POINT ( 'NONE',  ( 10.19999999999999900, 5.599999999999999600, 10.15000000000000000 ) ) ;
#3900 = CARTESIAN_POINT ( 'NONE',  ( -12.70000000000001900, -3.252606517456513300E-016, 12.70000000000002100 ) ) ;
#3901 = EDGE_LOOP ( 'NONE', ( #3799, #493, #2419, #682 ) ) ;
#3902 = STYLED_ITEM ( 'NONE', ( #3677 ), #647 ) ;
#3903 = NEXT_ASSEMBLY_USAGE_OCCURRENCE ( 'NAUO1', ' ', ' ', #3077, #1180, $ ) ;
#3904 = NEXT_ASSEMBLY_USAGE_OCCURRENCE ( 'NAUO2', ' ', ' ', #3077, #415, $ ) ;
#3905 = NEXT_ASSEMBLY_USAGE_OCCURRENCE ( 'NAUO3', ' ', ' ', #3077, #3510, $ ) ;
#3906 = NEXT_ASSEMBLY_USAGE_OCCURRENCE ( 'NAUO4', ' ', ' ', #3077, #3270, $ ) ;
#3907 = NEXT_ASSEMBLY_USAGE_OCCURRENCE ( 'NAUO5', ' ', ' ', #3077, #3270, $ ) ;
#3908 = NEXT_ASSEMBLY_USAGE_OCCURRENCE ( 'NAUO6', ' ', ' ', #3077, #3270, $ ) ;
ENDSEC;
END-ISO-10303-21;
