ISO-10303-21;
HEADER;
FILE_DESCRIPTION (( 'STEP AP214' ),
    '1' );
FILE_NAME ('SPBW03F-05.STEP',
    '2022-03-09T08:56:39',
    ( '' ),
    ( '' ),
    'SwSTEP 2.0',
    'SolidWorks 2017',
    '' );
FILE_SCHEMA (( 'AUTOMOTIVE_DESIGN' ));
ENDSEC;

DATA;
#1 = AXIS2_PLACEMENT_3D ( 'NONE', #983, #1594, #990 ) ;
#2 = CLOSED_SHELL ( 'NONE', ( #1461, #1167, #444, #1048, #247, #1923, #271, #997, #123, #1020, #433, #1802, #864, #582, #1590, #389, #1304, #1628, #1494, #1710, #733 ) ) ;
#3 = CARTESIAN_POINT ( 'NONE',  ( 0.0000000000000000000, 0.5000000000000000000, 4.699999999999999300 ) ) ;
#4 = ORIENTED_EDGE ( 'NONE', *, *, #10, .F. ) ;
#5 = PRODUCT_DEFINITION_SHAPE ( 'NONE', 'NONE',  #1973 ) ;
#6 = SURFACE_STYLE_USAGE ( .BOTH. , #323 ) ;
#7 = CARTESIAN_POINT ( 'NONE',  ( -4.150000000000002100, -8.783095189484534200, -0.1499999999999999700 ) ) ;
#8 = LINE ( 'NONE', #1216, #1253 ) ;
#9 = EDGE_CURVE ( 'NONE', #313, #367, #791, .T. ) ;
#10 = EDGE_CURVE ( 'NONE', #317, #962, #453, .T. ) ;
#11 = DIRECTION ( 'NONE',  ( -0.0000000000000000000, 1.000000000000000000, -0.0000000000000000000 ) ) ;
#12 = CARTESIAN_POINT ( 'NONE',  ( 6.149999999999994100, 0.5000000000000000000, -0.1499999999999999700 ) ) ;
#13 = FACE_OUTER_BOUND ( 'NONE', #1303, .T. ) ;
#14 = COLOUR_RGB ( '',0.7921568627450980000, 0.8196078431372548800, 0.9333333333333333500 ) ;
#15 = DIRECTION ( 'NONE',  ( 0.0000000000000000000, -1.000000000000000000, 0.0000000000000000000 ) ) ;
#16 = CARTESIAN_POINT ( 'NONE',  ( -8.650000000000002100, -4.099999999999999600, -0.1499999999999999700 ) ) ;
#17 = VECTOR ( 'NONE', #1010, 1000.000000000000000 ) ;
#18 = SHAPE_REPRESENTATION ( 'SPBW03F-05', ( #1355 ), #148 ) ;
#19 = LINE ( 'NONE', #1386, #1941 ) ;
#20 = CARTESIAN_POINT ( 'NONE',  ( 6.649999999999993200, -4.099999999999999600, 0.1500000000000000800 ) ) ;
#21 = AXIS2_PLACEMENT_3D ( 'NONE', #565, #1619, #555 ) ;
#22 = ORIENTED_EDGE ( 'NONE', *, *, #1746, .T. ) ;
#23 = DIRECTION ( 'NONE',  ( 0.0000000000000000000, 0.0000000000000000000, -1.000000000000000000 ) ) ;
#24 =( LENGTH_UNIT ( ) NAMED_UNIT ( * ) SI_UNIT ( .MILLI., .METRE. ) );
#25 = VERTEX_POINT ( 'NONE', #1956 ) ;
#26 = DIRECTION ( 'NONE',  ( -1.000000000000000000, 0.0000000000000000000, 0.0000000000000000000 ) ) ;
#27 = ORIENTED_EDGE ( 'NONE', *, *, #634, .T. ) ;
#28 = CLOSED_SHELL ( 'NONE', ( #132, #1951, #1118, #1771, #1748, #1639 ) ) ;
#29 = PRESENTATION_LAYER_ASSIGNMENT (  '', '', ( #1792 ) ) ;
#30 = UNCERTAINTY_MEASURE_WITH_UNIT (LENGTH_MEASURE( 1.000000000000000100E-005 ), #691, 'distance_accuracy_value', 'NONE');
#31 = CARTESIAN_POINT ( 'NONE',  ( -6.650000000000001200, 0.5000000000000000000, -0.1499999999999999700 ) ) ;
#32 = EDGE_LOOP ( 'NONE', ( #1719, #744, #657, #911 ) ) ;
#33 = CARTESIAN_POINT ( 'NONE',  ( 3.649999999999995500, 0.5000000000000000000, 0.1499999999999999700 ) ) ;
#34 = EDGE_CURVE ( 'NONE', #1165, #145, #428, .T. ) ;
#35 = VERTEX_POINT ( 'NONE', #1805 ) ;
#36 = LINE ( 'NONE', #282, #947 ) ;
#37 = CARTESIAN_POINT ( 'NONE',  ( 0.0000000000000000000, 0.0000000000000000000, 1.099999999999998800 ) ) ;
#38 = CARTESIAN_POINT ( 'NONE',  ( -8.900000000000000400, 2.250000000000000000, 3.902943725152285400 ) ) ;
#39 = FACE_OUTER_BOUND ( 'NONE', #1222, .T. ) ;
#40 = EDGE_CURVE ( 'NONE', #1327, #1374, #534, .T. ) ;
#41 = VECTOR ( 'NONE', #462, 1000.000000000000000 ) ;
#42 = CARTESIAN_POINT ( 'NONE',  ( -8.900000000000000400, 2.250000000000000000, 3.902943725152285400 ) ) ;
#43 = CARTESIAN_POINT ( 'NONE',  ( 6.149999999999995000, -4.099999999999999600, 0.1499999999999999700 ) ) ;
#44 = PRESENTATION_STYLE_ASSIGNMENT (( #1720 ) ) ;
#45 = CARTESIAN_POINT ( 'NONE',  ( 4.149999999999994100, -4.099999999999999600, 0.1500000000000000800 ) ) ;
#46 = CARTESIAN_POINT ( 'NONE',  ( -8.900000000000000400, 2.250000000000000000, 5.699999999999999300 ) ) ;
#47 = VECTOR ( 'NONE', #1683, 1000.000000000000000 ) ;
#48 = ADVANCED_FACE ( 'NONE', ( #909 ), #1968, .F. ) ;
#49 = EDGE_LOOP ( 'NONE', ( #245, #658, #1438, #1685 ) ) ;
#50 = ORIENTED_EDGE ( 'NONE', *, *, #107, .T. ) ;
#51 = DIRECTION ( 'NONE',  ( -1.000000000000000000, 0.0000000000000000000, 0.0000000000000000000 ) ) ;
#52 = DIRECTION ( 'NONE',  ( -0.0000000000000000000, 0.0000000000000000000, 1.000000000000000000 ) ) ;
#53 = ORIENTED_EDGE ( 'NONE', *, *, #1766, .T. ) ;
#54 = CARTESIAN_POINT ( 'NONE',  ( 1.149999999999995500, -4.099999999999999600, 0.1499999999999999700 ) ) ;
#55 = EDGE_CURVE ( 'NONE', #1345, #1656, #955, .T. ) ;
#56 = ORIENTED_EDGE ( 'NONE', *, *, #1610, .F. ) ;
#57 = EDGE_LOOP ( 'NONE', ( #679, #917, #1855, #1326, #432, #840, #1591, #1483 ) ) ;
#58 = PRESENTATION_LAYER_ASSIGNMENT (  '', '', ( #439 ) ) ;
#59 = PLANE ( 'NONE',  #1279 ) ;
#60 = CARTESIAN_POINT ( 'NONE',  ( -6.650000000000001200, 0.5000000000000000000, 0.1499999999999999700 ) ) ;
#61 = ORIENTED_EDGE ( 'NONE', *, *, #1695, .T. ) ;
#62 = APPLICATION_CONTEXT ( 'automotive_design' ) ;
#63 = PLANE ( 'NONE',  #813 ) ;
#64 = VECTOR ( 'NONE', #1367, 1000.000000000000000 ) ;
#65 = VECTOR ( 'NONE', #602, 1000.000000000000000 ) ;
#66 = PLANE ( 'NONE',  #242 ) ;
#67 = VECTOR ( 'NONE', #1409, 1000.000000000000000 ) ;
#68 = DIRECTION ( 'NONE',  ( -0.0000000000000000000, 1.000000000000000000, -0.0000000000000000000 ) ) ;
#69 = APPLICATION_PROTOCOL_DEFINITION ( 'draft international standard', 'automotive_design', 1998, #1885 ) ;
#70 = CARTESIAN_POINT ( 'NONE',  ( 6.649999999999993200, -4.099999999999999600, 0.1500000000000000800 ) ) ;
#71 = VECTOR ( 'NONE', #1267, 1000.000000000000000 ) ;
#72 = EDGE_CURVE ( 'NONE', #96, #100, #1630, .T. ) ;
#73 = VECTOR ( 'NONE', #978, 1000.000000000000000 ) ;
#74 = PLANE ( 'NONE',  #273 ) ;
#75 = EDGE_CURVE ( 'NONE', #1260, #1266, #1681, .T. ) ;
#76 = LINE ( 'NONE', #1372, #1092 ) ;
#77 = STYLED_ITEM ( 'NONE', ( #1255 ), #1151 ) ;
#78 = EDGE_LOOP ( 'NONE', ( #622, #1743, #1567, #461 ) ) ;
#79 = VERTEX_POINT ( 'NONE', #1338 ) ;
#80 = CARTESIAN_POINT ( 'NONE',  ( 4.149999999999995000, -8.783095189484534200, -0.1499999999999999700 ) ) ;
#81 = EDGE_LOOP ( 'NONE', ( #1329, #172, #627, #465 ) ) ;
#82 = EDGE_LOOP ( 'NONE', ( #1966, #394, #956, #1398 ) ) ;
#83 = CARTESIAN_POINT ( 'NONE',  ( -4.150000000000002100, 0.5000000000000000000, 0.1499999999999999700 ) ) ;
#84 = EDGE_CURVE ( 'NONE', #964, #1542, #1042, .T. ) ;
#85 = VERTEX_POINT ( 'NONE', #1085 ) ;
#86 = AXIS2_PLACEMENT_3D ( 'NONE', #507, #1135, #980 ) ;
#87 = FACE_OUTER_BOUND ( 'NONE', #337, .T. ) ;
#88 = CARTESIAN_POINT ( 'NONE',  ( 6.649999999999994100, -4.099999999999999600, -0.1499999999999999700 ) ) ;
#89 = SURFACE_STYLE_FILL_AREA ( #1658 ) ;
#90 = PLANE ( 'NONE',  #993 ) ;
#91 = LINE ( 'NONE', #1172, #1552 ) ;
#92 = CARTESIAN_POINT ( 'NONE',  ( -8.900000000000000400, 2.250000000000000000, 5.599999999999998800 ) ) ;
#93 = VECTOR ( 'NONE', #249, 1000.000000000000000 ) ;
#94 = AXIS2_PLACEMENT_3D ( 'NONE', #46, #1558, #1896 ) ;
#95 = EDGE_LOOP ( 'NONE', ( #1507, #575, #196, #1517 ) ) ;
#96 = VERTEX_POINT ( 'NONE', #12 ) ;
#97 = DIRECTION ( 'NONE',  ( -2.891205793294678200E-015, -0.0000000000000000000, 1.000000000000000000 ) ) ;
#98 = VERTEX_POINT ( 'NONE', #1832 ) ;
#99 =( NAMED_UNIT ( * ) PLANE_ANGLE_UNIT ( ) SI_UNIT ( $, .RADIAN. ) );
#100 = VERTEX_POINT ( 'NONE', #896 ) ;
#101 = ORIENTED_EDGE ( 'NONE', *, *, #689, .F. ) ;
#102 = DIRECTION ( 'NONE',  ( -0.0000000000000000000, 0.0000000000000000000, 1.000000000000000000 ) ) ;
#103 = VERTEX_POINT ( 'NONE', #20 ) ;
#104 = ADVANCED_FACE ( 'NONE', ( #1186 ), #635, .F. ) ;
#105 = SURFACE_SIDE_STYLE ('',( #405 ) ) ;
#106 = ORIENTED_EDGE ( 'NONE', *, *, #661, .F. ) ;
#107 = EDGE_CURVE ( 'NONE', #124, #1095, #120, .T. ) ;
#108 = LINE ( 'NONE', #333, #469 ) ;
#109 = AXIS2_PLACEMENT_3D ( 'NONE', #1651, #735, #1939 ) ;
#110 = LINE ( 'NONE', #305, #1447 ) ;
#111 = VECTOR ( 'NONE', #676, 1000.000000000000000 ) ;
#112 = CARTESIAN_POINT ( 'NONE',  ( -4.150000000000002100, -8.783095189484534200, -0.1499999999999999700 ) ) ;
#113 = LINE ( 'NONE', #703, #1670 ) ;
#114 = COLOUR_RGB ( '',0.7921568627450980000, 0.8196078431372548800, 0.9333333333333333500 ) ;
#115 = DIRECTION ( 'NONE',  ( 0.0000000000000000000, 0.0000000000000000000, -1.000000000000000000 ) ) ;
#116 = UNCERTAINTY_MEASURE_WITH_UNIT (LENGTH_MEASURE( 1.000000000000000100E-005 ), #853, 'distance_accuracy_value', 'NONE');
#117 = EDGE_CURVE ( 'NONE', #1711, #1801, #1734, .T. ) ;
#118 = LINE ( 'NONE', #483, #218 ) ;
#119 = DIRECTION ( 'NONE',  ( 0.0000000000000000000, 0.0000000000000000000, -1.000000000000000000 ) ) ;
#120 = CIRCLE ( 'NONE', #1623, 0.5999999999999998700 ) ;
#121 = EDGE_LOOP ( 'NONE', ( #151, #1786, #1076, #484 ) ) ;
#122 = EDGE_LOOP ( 'NONE', ( #702, #1264, #1537, #269 ) ) ;
#123 = ADVANCED_FACE ( 'NONE', ( #1280 ), #167, .F. ) ;
#124 = VERTEX_POINT ( 'NONE', #940 ) ;
#125 = CARTESIAN_POINT ( 'NONE',  ( -10.40000000000000200, 0.5000000000000000000, -3.500000000000000400 ) ) ;
#126 = EDGE_LOOP ( 'NONE', ( #847, #1307, #883, #1439 ) ) ;
#127 = ORIENTED_EDGE ( 'NONE', *, *, #142, .F. ) ;
#128 = CARTESIAN_POINT ( 'NONE',  ( 10.40000000000000200, 0.5000000000000000000, 5.699999999999999300 ) ) ;
#129 = DIRECTION ( 'NONE',  ( 0.0000000000000000000, 0.0000000000000000000, -1.000000000000000000 ) ) ;
#130 = AXIS2_PLACEMENT_3D ( 'NONE', #348, #508, #954 ) ;
#131 = VECTOR ( 'NONE', #789, 1000.000000000000000 ) ;
#132 = ADVANCED_FACE ( 'NONE', ( #1322 ), #1223, .F. ) ;
#133 = SURFACE_STYLE_FILL_AREA ( #540 ) ;
#134 = EDGE_CURVE ( 'NONE', #309, #463, #76, .T. ) ;
#135 = AXIS2_PLACEMENT_3D ( 'NONE', #141, #741, #1632 ) ;
#136 = FACE_OUTER_BOUND ( 'NONE', #514, .T. ) ;
#137 = CARTESIAN_POINT ( 'NONE',  ( 1.649999999999995200, -4.099999999999999600, -0.1499999999999999700 ) ) ;
#138 = CIRCLE ( 'NONE', #1341, 0.5999999999999998700 ) ;
#139 = PRESENTATION_STYLE_ASSIGNMENT (( #1290 ) ) ;
#140 = CARTESIAN_POINT ( 'NONE',  ( 0.0000000000000000000, 0.5000000000000000000, 5.699999999999999300 ) ) ;
#141 = CARTESIAN_POINT ( 'NONE',  ( 8.649999999999998600, -8.783095189484534200, -0.1499999999999999700 ) ) ;
#142 = EDGE_CURVE ( 'NONE', #1706, #747, #1535, .T. ) ;
#143 = ORIENTED_EDGE ( 'NONE', *, *, #938, .T. ) ;
#144 = PLANE ( 'NONE',  #1234 ) ;
#145 = VERTEX_POINT ( 'NONE', #944 ) ;
#146 = DIRECTION ( 'NONE',  ( -1.000000000000000000, 0.0000000000000000000, -2.168404344971014500E-016 ) ) ;
#147 = DIRECTION ( 'NONE',  ( -1.000000000000000000, 0.0000000000000000000, -2.168404344971014500E-016 ) ) ;
#148 =( GEOMETRIC_REPRESENTATION_CONTEXT ( 3 ) GLOBAL_UNCERTAINTY_ASSIGNED_CONTEXT ( ( #1487 ) ) GLOBAL_UNIT_ASSIGNED_CONTEXT ( ( #1271, #1111, #206 ) ) REPRESENTATION_CONTEXT ( 'NONE', 'WORKASPACE' ) );
#149 = VERTEX_POINT ( 'NONE', #474 ) ;
#150 = CARTESIAN_POINT ( 'NONE',  ( -10.40000000000000200, 0.5000000000000000000, -3.500000000000000400 ) ) ;
#151 = ORIENTED_EDGE ( 'NONE', *, *, #306, .F. ) ;
#152 = CARTESIAN_POINT ( 'NONE',  ( -10.90000000000000200, 11.10000000000000000, 5.699999999999999300 ) ) ;
#153 = VERTEX_POINT ( 'NONE', #1543 ) ;
#154 = CARTESIAN_POINT ( 'NONE',  ( -6.150000000000001200, -8.783095189484534200, 0.1499999999999999700 ) ) ;
#155 = SURFACE_STYLE_FILL_AREA ( #1126 ) ;
#156 = CARTESIAN_POINT ( 'NONE',  ( -8.300000000000000700, 2.250000000000000000, 5.699999999999999300 ) ) ;
#157 = DIRECTION ( 'NONE',  ( 2.168404344971014500E-016, 0.0000000000000000000, -1.000000000000000000 ) ) ;
#158 = FACE_OUTER_BOUND ( 'NONE', #1833, .T. ) ;
#159 = LINE ( 'NONE', #600, #1889 ) ;
#160 =( NAMED_UNIT ( * ) PLANE_ANGLE_UNIT ( ) SI_UNIT ( $, .RADIAN. ) );
#161 = CARTESIAN_POINT ( 'NONE',  ( 6.149999999999994100, -4.099999999999999600, -0.1499999999999999700 ) ) ;
#162 = CARTESIAN_POINT ( 'NONE',  ( 1.149999999999995500, 0.5000000000000000000, 0.1499999999999999700 ) ) ;
#163 = LINE ( 'NONE', #573, #1059 ) ;
#164 = DIRECTION ( 'NONE',  ( 0.0000000000000000000, 0.0000000000000000000, -1.000000000000000000 ) ) ;
#165 = FACE_OUTER_BOUND ( 'NONE', #95, .T. ) ;
#166 = CARTESIAN_POINT ( 'NONE',  ( -9.500000000000000000, 2.250000000000000000, 5.599999999999998800 ) ) ;
#167 = PLANE ( 'NONE',  #350 ) ;
#168 = LINE ( 'NONE', #374, #1121 ) ;
#169 = CARTESIAN_POINT ( 'NONE',  ( -9.150000000000002100, -8.783095189484534200, 0.1499999999999999700 ) ) ;
#170 = ORIENTED_EDGE ( 'NONE', *, *, #1599, .F. ) ;
#171 =( GEOMETRIC_REPRESENTATION_CONTEXT ( 3 ) GLOBAL_UNCERTAINTY_ASSIGNED_CONTEXT ( ( #709 ) ) GLOBAL_UNIT_ASSIGNED_CONTEXT ( ( #24, #1521, #182 ) ) REPRESENTATION_CONTEXT ( 'NONE', 'WORKASPACE' ) );
#172 = ORIENTED_EDGE ( 'NONE', *, *, #1099, .T. ) ;
#173 = DIRECTION ( 'NONE',  ( 0.0000000000000000000, -0.0000000000000000000, -1.000000000000000000 ) ) ;
#174 = DIRECTION ( 'NONE',  ( 0.0000000000000000000, -1.000000000000000000, 0.0000000000000000000 ) ) ;
#175 = CARTESIAN_POINT ( 'NONE',  ( -3.650000000000001200, -8.783095189484534200, -0.1499999999999999700 ) ) ;
#176 = ORIENTED_EDGE ( 'NONE', *, *, #1201, .T. ) ;
#177 = EDGE_CURVE ( 'NONE', #985, #1327, #1239, .T. ) ;
#178 = CARTESIAN_POINT ( 'NONE',  ( -10.90000000000000200, 11.10000000000000000, -3.500000000000000400 ) ) ;
#179 = EDGE_LOOP ( 'NONE', ( #488, #248, #957, #1281 ) ) ;
#180 = MANIFOLD_SOLID_BREP ( 'Pin 8', #1659 ) ;
#181 = SURFACE_SIDE_STYLE ('',( #1335 ) ) ;
#182 =( NAMED_UNIT ( * ) SI_UNIT ( $, .STERADIAN. ) SOLID_ANGLE_UNIT ( ) );
#183 = CARTESIAN_POINT ( 'NONE',  ( -6.650000000000001200, -4.099999999999999600, 0.1499999999999999700 ) ) ;
#184 = LINE ( 'NONE', #1821, #662 ) ;
#185 = EDGE_CURVE ( 'NONE', #1778, #723, #1919, .T. ) ;
#186 = EDGE_CURVE ( 'NONE', #1780, #1711, #1433, .T. ) ;
#187 = EDGE_CURVE ( 'NONE', #1349, #742, #1162, .T. ) ;
#188 = VECTOR ( 'NONE', #97, 1000.000000000000000 ) ;
#189 = CARTESIAN_POINT ( 'NONE',  ( -8.300000000000000700, 2.250000000000000000, 5.599999999999998800 ) ) ;
#190 = PRODUCT_RELATED_PRODUCT_CATEGORY ( 'part', '', ( #639 ) ) ;
#191 = LINE ( 'NONE', #1045, #1895 ) ;
#192 = DIRECTION ( 'NONE',  ( 1.000000000000000000, 0.0000000000000000000, 0.0000000000000000000 ) ) ;
#193 = LINE ( 'NONE', #204, #838 ) ;
#194 = DIRECTION ( 'NONE',  ( -1.000000000000000000, 0.0000000000000000000, -0.0000000000000000000 ) ) ;
#195 = DIRECTION ( 'NONE',  ( 0.0000000000000000000, 0.0000000000000000000, -1.000000000000000000 ) ) ;
#196 = ORIENTED_EDGE ( 'NONE', *, *, #1721, .F. ) ;
#197 = PLANE ( 'NONE',  #1376 ) ;
#198 = ORIENTED_EDGE ( 'NONE', *, *, #213, .T. ) ;
#199 = CARTESIAN_POINT ( 'NONE',  ( 9.150000000000000400, -8.783095189484534200, -0.1499999999999999700 ) ) ;
#200 = ORIENTED_EDGE ( 'NONE', *, *, #279, .F. ) ;
#201 = MECHANICAL_DESIGN_GEOMETRIC_PRESENTATION_REPRESENTATION (  '', ( #1285 ), #1757 ) ;
#202 = DIRECTION ( 'NONE',  ( 0.0000000000000000000, 0.0000000000000000000, 1.000000000000000000 ) ) ;
#203 = ORIENTED_EDGE ( 'NONE', *, *, #440, .F. ) ;
#204 = CARTESIAN_POINT ( 'NONE',  ( 3.649999999999995000, 0.5000000000000000000, -0.1499999999999999700 ) ) ;
#205 = ADVANCED_FACE ( 'NONE', ( #1534 ), #618, .F. ) ;
#206 =( NAMED_UNIT ( * ) SI_UNIT ( $, .STERADIAN. ) SOLID_ANGLE_UNIT ( ) );
#207 = ORIENTED_EDGE ( 'NONE', *, *, #1419, .F. ) ;
#208 = PLANE ( 'NONE',  #1921 ) ;
#209 = LINE ( 'NONE', #454, #523 ) ;
#210 = PLANE ( 'NONE',  #1684 ) ;
#211 = FACE_OUTER_BOUND ( 'NONE', #1611, .T. ) ;
#212 = DIRECTION ( 'NONE',  ( -2.891205793294678200E-015, 0.0000000000000000000, 1.000000000000000000 ) ) ;
#213 = EDGE_CURVE ( 'NONE', #1542, #149, #118, .T. ) ;
#214 = FACE_OUTER_BOUND ( 'NONE', #1880, .T. ) ;
#215 = CARTESIAN_POINT ( 'NONE',  ( -6.150000000000001200, -4.099999999999999600, -0.1499999999999999700 ) ) ;
#216 = VECTOR ( 'NONE', #637, 1000.000000000000000 ) ;
#217 = CARTESIAN_POINT ( 'NONE',  ( -10.90000000000000200, 0.0000000000000000000, -3.500000000000000400 ) ) ;
#218 = VECTOR ( 'NONE', #1536, 1000.000000000000000 ) ;
#219 = ORIENTED_EDGE ( 'NONE', *, *, #870, .T. ) ;
#220 = ORIENTED_EDGE ( 'NONE', *, *, #185, .T. ) ;
#221 = DIRECTION ( 'NONE',  ( -7.228014483236698500E-016, 0.0000000000000000000, -1.000000000000000000 ) ) ;
#222 = DIRECTION ( 'NONE',  ( 0.0000000000000000000, 0.0000000000000000000, -1.000000000000000000 ) ) ;
#223 = ORIENTED_EDGE ( 'NONE', *, *, #496, .F. ) ;
#224 = EDGE_CURVE ( 'NONE', #463, #580, #977, .T. ) ;
#225 = EDGE_CURVE ( 'NONE', #1305, #1374, #238, .T. ) ;
#226 = EDGE_LOOP ( 'NONE', ( #1876, #1807, #1198, #815, #220, #207, #1906, #653 ) ) ;
#227 = ORIENTED_EDGE ( 'NONE', *, *, #1402, .F. ) ;
#228 = PLANE ( 'NONE',  #694 ) ;
#229 = STYLED_ITEM ( 'NONE', ( #1520 ), #739 ) ;
#230 = ORIENTED_EDGE ( 'NONE', *, *, #1296, .F. ) ;
#231 = CARTESIAN_POINT ( 'NONE',  ( 0.0000000000000000000, 0.5000000000000000000, -2.500000000000003100 ) ) ;
#232 = AXIS2_PLACEMENT_3D ( 'NONE', #449, #1328, #1211 ) ;
#233 = LINE ( 'NONE', #175, #895 ) ;
#234 = LINE ( 'NONE', #1626, #925 ) ;
#235 = LINE ( 'NONE', #641, #504 ) ;
#236 = CARTESIAN_POINT ( 'NONE',  ( -9.150000000000002100, -4.099999999999999600, 0.1499999999999999700 ) ) ;
#237 = AXIS2_PLACEMENT_3D ( 'NONE', #92, #255, #414 ) ;
#238 = LINE ( 'NONE', #500, #1041 ) ;
#239 = CARTESIAN_POINT ( 'NONE',  ( -8.650000000000002100, -8.783095189484534200, 0.1499999999999999700 ) ) ;
#240 = EDGE_CURVE ( 'NONE', #1095, #1585, #1001, .T. ) ;
#241 = PRESENTATION_STYLE_ASSIGNMENT (( #787 ) ) ;
#242 = AXIS2_PLACEMENT_3D ( 'NONE', #373, #1901, #846 ) ;
#243 = DIRECTION ( 'NONE',  ( -2.891205793294678200E-015, -0.0000000000000000000, 1.000000000000000000 ) ) ;
#244 = EDGE_LOOP ( 'NONE', ( #294, #1284, #1149, #1188, #1459, #772, #1804, #287, #681, #395, #1067, #1860 ) ) ;
#245 = ORIENTED_EDGE ( 'NONE', *, *, #1747, .F. ) ;
#246 = ORIENTED_EDGE ( 'NONE', *, *, #768, .T. ) ;
#247 = ADVANCED_FACE ( 'NONE', ( #1773 ), #1687, .T. ) ;
#248 = ORIENTED_EDGE ( 'NONE', *, *, #897, .T. ) ;
#249 = DIRECTION ( 'NONE',  ( 0.0000000000000000000, 0.0000000000000000000, -1.000000000000000000 ) ) ;
#250 = ORIENTED_EDGE ( 'NONE', *, *, #1533, .T. ) ;
#251 = EDGE_LOOP ( 'NONE', ( #344, #459, #672, #578 ) ) ;
#252 = SHAPE_REPRESENTATION_RELATIONSHIP ( 'NONE' , 'NONE' ,  #18, #739 ) ;
#253 = AXIS2_PLACEMENT_3D ( 'NONE', #1672, #157, #352 ) ;
#254 = VECTOR ( 'NONE', #1742, 1000.000000000000000 ) ;
#255 = DIRECTION ( 'NONE',  ( 0.0000000000000000000, 0.0000000000000000000, 1.000000000000000000 ) ) ;
#256 = VECTOR ( 'NONE', #755, 1000.000000000000000 ) ;
#257 = ADVANCED_FACE ( 'NONE', ( #592 ), #648, .T. ) ;
#258 = CARTESIAN_POINT ( 'NONE',  ( 10.40000000000000200, 0.0000000000000000000, -3.500000000000000400 ) ) ;
#259 = LINE ( 'NONE', #1940, #1407 ) ;
#260 = VECTOR ( 'NONE', #1582, 1000.000000000000000 ) ;
#261 = AXIS2_PLACEMENT_3D ( 'NONE', #398, #1437, #552 ) ;
#262 = CYLINDRICAL_SURFACE ( 'NONE', #1214, 0.5999999999999998700 ) ;
#263 = EDGE_LOOP ( 'NONE', ( #1595, #1415, #289, #1101 ) ) ;
#264 = DIRECTION ( 'NONE',  ( 1.000000000000000000, 0.0000000000000000000, 0.0000000000000000000 ) ) ;
#265 = ORIENTED_EDGE ( 'NONE', *, *, #379, .F. ) ;
#266 = VERTEX_POINT ( 'NONE', #643 ) ;
#267 = ORIENTED_EDGE ( 'NONE', *, *, #699, .F. ) ;
#268 = CARTESIAN_POINT ( 'NONE',  ( -6.650000000000001200, -8.783095189484534200, -0.1499999999999999700 ) ) ;
#269 = ORIENTED_EDGE ( 'NONE', *, *, #728, .F. ) ;
#270 = CLOSED_SHELL ( 'NONE', ( #293, #48, #1753, #407, #1029, #1481 ) ) ;
#271 = ADVANCED_FACE ( 'NONE', ( #1797 ), #814, .F. ) ;
#272 = EDGE_CURVE ( 'NONE', #1025, #1836, #1065, .T. ) ;
#273 = AXIS2_PLACEMENT_3D ( 'NONE', #1293, #998, #1888 ) ;
#274 = LINE ( 'NONE', #1038, #1750 ) ;
#275 = CARTESIAN_POINT ( 'NONE',  ( 9.149999999999993200, 0.5000000000000000000, 0.1500000000000000800 ) ) ;
#276 = EDGE_CURVE ( 'NONE', #1248, #1424, #645, .T. ) ;
#277 = EDGE_CURVE ( 'NONE', #538, #25, #383, .T. ) ;
#278 = FACE_OUTER_BOUND ( 'NONE', #1168, .T. ) ;
#279 = EDGE_CURVE ( 'NONE', #153, #1248, #1677, .T. ) ;
#280 = ADVANCED_FACE ( 'NONE', ( #1580 ), #262, .T. ) ;
#281 = CARTESIAN_POINT ( 'NONE',  ( -4.150000000000002100, -4.099999999999999600, -0.1499999999999999700 ) ) ;
#282 = CARTESIAN_POINT ( 'NONE',  ( 1.149999999999995200, -4.099999999999999600, -0.1499999999999999700 ) ) ;
#283 = DIRECTION ( 'NONE',  ( 2.168404344971014500E-016, 0.0000000000000000000, -1.000000000000000000 ) ) ;
#284 = ORIENTED_EDGE ( 'NONE', *, *, #497, .T. ) ;
#285 = AXIS2_PLACEMENT_3D ( 'NONE', #606, #447, #1514 ) ;
#286 = DIRECTION ( 'NONE',  ( -0.0000000000000000000, 0.0000000000000000000, 1.000000000000000000 ) ) ;
#287 = ORIENTED_EDGE ( 'NONE', *, *, #1705, .F. ) ;
#288 = CARTESIAN_POINT ( 'NONE',  ( 10.40000000000000200, 0.0000000000000000000, 1.099999999999998800 ) ) ;
#289 = ORIENTED_EDGE ( 'NONE', *, *, #1033, .T. ) ;
#290 = DIRECTION ( 'NONE',  ( -0.0000000000000000000, 1.000000000000000000, -0.0000000000000000000 ) ) ;
#291 = ORIENTED_EDGE ( 'NONE', *, *, #1068, .F. ) ;
#292 = CARTESIAN_POINT ( 'NONE',  ( -8.900000000000000400, 2.250000000000000000, 5.599999999999998800 ) ) ;
#293 = ADVANCED_FACE ( 'NONE', ( #1873 ), #1259, .F. ) ;
#294 = ORIENTED_EDGE ( 'NONE', *, *, #587, .T. ) ;
#295 = ORIENTED_EDGE ( 'NONE', *, *, #498, .T. ) ;
#296 = CARTESIAN_POINT ( 'NONE',  ( -8.650000000000002100, 0.5000000000000000000, 0.1499999999999999700 ) ) ;
#297 = DIRECTION ( 'NONE',  ( -0.0000000000000000000, -0.0000000000000000000, 1.000000000000000000 ) ) ;
#298 = CARTESIAN_POINT ( 'NONE',  ( 10.89999999999999900, 0.5000000000000000000, 1.099999999999998800 ) ) ;
#299 = CARTESIAN_POINT ( 'NONE',  ( 6.149999999999994100, -8.783095189484534200, -0.1499999999999999700 ) ) ;
#300 = PRESENTATION_STYLE_ASSIGNMENT (( #458 ) ) ;
#301 = DIRECTION ( 'NONE',  ( -0.0000000000000000000, -0.0000000000000000000, 1.000000000000000000 ) ) ;
#302 = COLOUR_RGB ( '',0.7921568627450980000, 0.8196078431372548800, 0.9333333333333333500 ) ;
#303 = CARTESIAN_POINT ( 'NONE',  ( -4.150000000000002100, -8.783095189484534200, 0.1499999999999999700 ) ) ;
#304 = LINE ( 'NONE', #1418, #1456 ) ;
#305 = CARTESIAN_POINT ( 'NONE',  ( 10.40000000000000200, 0.5000000000000000000, 4.699999999999999300 ) ) ;
#306 = EDGE_CURVE ( 'NONE', #434, #1510, #478, .T. ) ;
#307 = ORIENTED_EDGE ( 'NONE', *, *, #768, .F. ) ;
#308 = CARTESIAN_POINT ( 'NONE',  ( -10.90000000000000200, 0.0000000000000000000, 5.699999999999999300 ) ) ;
#309 = VERTEX_POINT ( 'NONE', #834 ) ;
#310 = CARTESIAN_POINT ( 'NONE',  ( -6.650000000000001200, 0.5000000000000000000, 0.1499999999999999700 ) ) ;
#311 = DIRECTION ( 'NONE',  ( 1.000000000000000000, 0.0000000000000000000, 0.0000000000000000000 ) ) ;
#312 = AXIS2_PLACEMENT_3D ( 'NONE', #3, #1508, #314 ) ;
#313 = VERTEX_POINT ( 'NONE', #1875 ) ;
#314 = DIRECTION ( 'NONE',  ( -1.000000000000000000, 0.0000000000000000000, -0.0000000000000000000 ) ) ;
#315 = ORIENTED_EDGE ( 'NONE', *, *, #577, .T. ) ;
#316 = PLANE ( 'NONE',  #1254 ) ;
#317 = VERTEX_POINT ( 'NONE', #656 ) ;
#318 = VERTEX_POINT ( 'NONE', #1410 ) ;
#319 = SURFACE_SIDE_STYLE ('',( #646 ) ) ;
#320 = EDGE_CURVE ( 'NONE', #149, #98, #193, .T. ) ;
#321 = SHAPE_DEFINITION_REPRESENTATION ( #1526, #673 ) ;
#322 = LINE ( 'NONE', #607, #1667 ) ;
#323 = SURFACE_SIDE_STYLE ('',( #89 ) ) ;
#324 = CARTESIAN_POINT ( 'NONE',  ( -9.150000000000002100, -8.783095189484534200, -0.1499999999999999700 ) ) ;
#325 = FACE_OUTER_BOUND ( 'NONE', #845, .T. ) ;
#326 = DIRECTION ( 'NONE',  ( 1.000000000000000000, 0.0000000000000000000, 0.0000000000000000000 ) ) ;
#327 = VECTOR ( 'NONE', #1958, 1000.000000000000000 ) ;
#328 = PRESENTATION_LAYER_ASSIGNMENT (  '', '', ( #1589 ) ) ;
#329 = PRESENTATION_STYLE_ASSIGNMENT (( #1927 ) ) ;
#330 = DIRECTION ( 'NONE',  ( 0.0000000000000000000, 0.0000000000000000000, 1.000000000000000000 ) ) ;
#331 = CARTESIAN_POINT ( 'NONE',  ( 10.40000000000000200, 0.5000000000000000000, -2.500000000000003100 ) ) ;
#332 = VECTOR ( 'NONE', #1568, 1000.000000000000000 ) ;
#333 = CARTESIAN_POINT ( 'NONE',  ( -9.150000000000002100, -4.099999999999999600, 0.1499999999999999700 ) ) ;
#334 = VECTOR ( 'NONE', #1051, 1000.000000000000000 ) ;
#335 = VERTEX_POINT ( 'NONE', #1563 ) ;
#336 = MECHANICAL_DESIGN_GEOMETRIC_PRESENTATION_REPRESENTATION (  '', ( #439 ), #674 ) ;
#337 = EDGE_LOOP ( 'NONE', ( #867, #406, #1371, #1369 ) ) ;
#338 = PLANE ( 'NONE',  #1420 ) ;
#339 = DIRECTION ( 'NONE',  ( -1.000000000000000000, -0.0000000000000000000, -0.0000000000000000000 ) ) ;
#340 = DIRECTION ( 'NONE',  ( 0.0000000000000000000, -1.000000000000000000, 0.0000000000000000000 ) ) ;
#341 = EDGE_LOOP ( 'NONE', ( #1241, #250, #1049, #1397 ) ) ;
#342 = EDGE_CURVE ( 'NONE', #386, #797, #168, .T. ) ;
#343 = AXIS2_PLACEMENT_3D ( 'NONE', #647, #1857, #1399 ) ;
#344 = ORIENTED_EDGE ( 'NONE', *, *, #486, .T. ) ;
#345 = ORIENTED_EDGE ( 'NONE', *, *, #859, .T. ) ;
#346 = DIRECTION ( 'NONE',  ( -1.000000000000000000, 0.0000000000000000000, -0.0000000000000000000 ) ) ;
#347 = APPLICATION_CONTEXT ( 'automotive_design' ) ;
#348 = CARTESIAN_POINT ( 'NONE',  ( 0.0000000000000000000, -4.099999999999999600, 1.099999999999998800 ) ) ;
#349 = VECTOR ( 'NONE', #1512, 1000.000000000000000 ) ;
#350 = AXIS2_PLACEMENT_3D ( 'NONE', #1676, #1843, #1838 ) ;
#351 = UNCERTAINTY_MEASURE_WITH_UNIT (LENGTH_MEASURE( 1.000000000000000100E-005 ), #1401, 'distance_accuracy_value', 'NONE');
#352 = DIRECTION ( 'NONE',  ( -1.000000000000000000, 0.0000000000000000000, -2.168404344971014500E-016 ) ) ;
#353 = VECTOR ( 'NONE', #1496, 1000.000000000000000 ) ;
#354 = FACE_OUTER_BOUND ( 'NONE', #1759, .T. ) ;
#355 = DIRECTION ( 'NONE',  ( 0.0000000000000000000, 0.0000000000000000000, 1.000000000000000000 ) ) ;
#356 = FACE_OUTER_BOUND ( 'NONE', #819, .T. ) ;
#357 = CARTESIAN_POINT ( 'NONE',  ( 6.149999999999995000, -4.099999999999999600, 0.1499999999999999700 ) ) ;
#358 = VECTOR ( 'NONE', #825, 1000.000000000000000 ) ;
#359 = LINE ( 'NONE', #1724, #332 ) ;
#360 = DIRECTION ( 'NONE',  ( 1.000000000000000000, 0.0000000000000000000, 0.0000000000000000000 ) ) ;
#361 = DIRECTION ( 'NONE',  ( 1.000000000000000000, 0.0000000000000000000, 0.0000000000000000000 ) ) ;
#362 = ORIENTED_EDGE ( 'NONE', *, *, #1887, .T. ) ;
#363 = DIRECTION ( 'NONE',  ( -1.000000000000000000, -0.0000000000000000000, -0.0000000000000000000 ) ) ;
#364 = ORIENTED_EDGE ( 'NONE', *, *, #1002, .F. ) ;
#365 = ORIENTED_EDGE ( 'NONE', *, *, #1460, .T. ) ;
#366 = FILL_AREA_STYLE_COLOUR ( '', #1528 ) ;
#367 = VERTEX_POINT ( 'NONE', #822 ) ;
#368 = DIRECTION ( 'NONE',  ( 1.000000000000000000, -0.0000000000000000000, 0.0000000000000000000 ) ) ;
#369 = VERTEX_POINT ( 'NONE', #43 ) ;
#370 = CARTESIAN_POINT ( 'NONE',  ( 1.649999999999994400, 0.5000000000000000000, 0.1500000000000000800 ) ) ;
#371 = ORIENTED_EDGE ( 'NONE', *, *, #276, .T. ) ;
#372 = COLOUR_RGB ( '',0.7921568627450980000, 0.8196078431372548800, 0.9333333333333333500 ) ;
#373 = CARTESIAN_POINT ( 'NONE',  ( 10.40000000000000200, 0.5000000000000000000, 1.099999999999998800 ) ) ;
#374 = CARTESIAN_POINT ( 'NONE',  ( -4.150000000000002100, -4.099999999999999600, 0.1499999999999999700 ) ) ;
#375 = VECTOR ( 'NONE', #1803, 1000.000000000000000 ) ;
#376 = FILL_AREA_STYLE ('',( #522 ) ) ;
#377 = LINE ( 'NONE', #1752, #1405 ) ;
#378 = DIRECTION ( 'NONE',  ( 0.0000000000000000000, -0.0000000000000000000, -1.000000000000000000 ) ) ;
#379 = EDGE_CURVE ( 'NONE', #1711, #821, #359, .T. ) ;
#380 = VECTOR ( 'NONE', #536, 1000.000000000000000 ) ;
#381 =( GEOMETRIC_REPRESENTATION_CONTEXT ( 3 ) GLOBAL_UNCERTAINTY_ASSIGNED_CONTEXT ( ( #1553 ) ) GLOBAL_UNIT_ASSIGNED_CONTEXT ( ( #1064, #160, #1221 ) ) REPRESENTATION_CONTEXT ( 'NONE', 'WORKASPACE' ) );
#382 = CARTESIAN_POINT ( 'NONE',  ( -10.40000000000000200, 0.0000000000000000000, -2.500000000000003100 ) ) ;
#383 = LINE ( 'NONE', #1884, #1339 ) ;
#384 = CARTESIAN_POINT ( 'NONE',  ( -9.500000000000000000, 2.250000000000000000, 5.599999999999998800 ) ) ;
#385 = VECTOR ( 'NONE', #339, 1000.000000000000000 ) ;
#386 = VERTEX_POINT ( 'NONE', #1125 ) ;
#387 = CARTESIAN_POINT ( 'NONE',  ( -6.150000000000001200, 0.5000000000000000000, 0.1499999999999999700 ) ) ;
#388 = VERTEX_POINT ( 'NONE', #528 ) ;
#389 = ADVANCED_FACE ( 'NONE', ( #619 ), #1575, .F. ) ;
#390 = CARTESIAN_POINT ( 'NONE',  ( 6.649999999999993200, 0.5000000000000000000, 0.1500000000000000800 ) ) ;
#391 = EDGE_CURVE ( 'NONE', #1650, #1350, #1506, .T. ) ;
#392 = EDGE_CURVE ( 'NONE', #860, #388, #304, .T. ) ;
#393 = EDGE_CURVE ( 'NONE', #1631, #1861, #1320, .T. ) ;
#394 = ORIENTED_EDGE ( 'NONE', *, *, #1296, .T. ) ;
#395 = ORIENTED_EDGE ( 'NONE', *, *, #1721, .T. ) ;
#396 = DIRECTION ( 'NONE',  ( -0.0000000000000000000, 1.000000000000000000, -0.0000000000000000000 ) ) ;
#397 = PRESENTATION_LAYER_ASSIGNMENT (  '', '', ( #1164 ) ) ;
#398 = CARTESIAN_POINT ( 'NONE',  ( 0.0000000000000000000, 0.5000000000000000000, 1.099999999999998800 ) ) ;
#399 = ADVANCED_FACE ( 'NONE', ( #278 ), #1680, .T. ) ;
#400 = CARTESIAN_POINT ( 'NONE',  ( 10.40000000000000200, 0.0000000000000000000, 1.099999999999998800 ) ) ;
#401 = FACE_OUTER_BOUND ( 'NONE', #263, .T. ) ;
#402 = FACE_OUTER_BOUND ( 'NONE', #436, .T. ) ;
#403 = DIRECTION ( 'NONE',  ( 1.000000000000000000, 0.0000000000000000000, 0.0000000000000000000 ) ) ;
#404 = VECTOR ( 'NONE', #546, 1000.000000000000000 ) ;
#405 = SURFACE_STYLE_FILL_AREA ( #1314 ) ;
#406 = ORIENTED_EDGE ( 'NONE', *, *, #888, .F. ) ;
#407 = ADVANCED_FACE ( 'NONE', ( #1732 ), #197, .F. ) ;
#408 = CARTESIAN_POINT ( 'NONE',  ( 8.649999999999998600, 0.5000000000000000000, -0.1499999999999999700 ) ) ;
#409 = EDGE_LOOP ( 'NONE', ( #539, #887, #1926, #200 ) ) ;
#410 = ORIENTED_EDGE ( 'NONE', *, *, #1477, .T. ) ;
#411 = CARTESIAN_POINT ( 'NONE',  ( 10.40000000000000200, 0.0000000000000000000, -2.500000000000003100 ) ) ;
#412 = ORIENTED_EDGE ( 'NONE', *, *, #1944, .F. ) ;
#413 = ORIENTED_EDGE ( 'NONE', *, *, #1353, .T. ) ;
#414 = DIRECTION ( 'NONE',  ( 1.000000000000000000, 0.0000000000000000000, -0.0000000000000000000 ) ) ;
#415 = EDGE_CURVE ( 'NONE', #1345, #1003, #1019, .T. ) ;
#416 = ORIENTED_EDGE ( 'NONE', *, *, #1559, .F. ) ;
#417 = DIRECTION ( 'NONE',  ( 1.000000000000000000, 0.0000000000000000000, 0.0000000000000000000 ) ) ;
#418 = AXIS2_PLACEMENT_3D ( 'NONE', #1124, #1874, #1139 ) ;
#419 = DIRECTION ( 'NONE',  ( 1.000000000000000000, 0.0000000000000000000, 0.0000000000000000000 ) ) ;
#420 = FACE_OUTER_BOUND ( 'NONE', #122, .T. ) ;
#421 = LINE ( 'NONE', #1692, #1155 ) ;
#422 = EDGE_CURVE ( 'NONE', #1510, #1047, #1627, .T. ) ;
#423 = EDGE_CURVE ( 'NONE', #145, #386, #19, .T. ) ;
#424 = ADVANCED_FACE ( 'NONE', ( #1361 ), #1096, .F. ) ;
#425 = DIRECTION ( 'NONE',  ( 0.0000000000000000000, 0.0000000000000000000, -1.000000000000000000 ) ) ;
#426 = FILL_AREA_STYLE_COLOUR ( '', #1252 ) ;
#427 = LINE ( 'NONE', #946, #1851 ) ;
#428 = LINE ( 'NONE', #467, #1434 ) ;
#429 = CARTESIAN_POINT ( 'NONE',  ( 0.0000000000000000000, -4.099999999999999600, 1.099999999999998800 ) ) ;
#430 = ORIENTED_EDGE ( 'NONE', *, *, #1571, .F. ) ;
#431 = FILL_AREA_STYLE_COLOUR ( '', #302 ) ;
#432 = ORIENTED_EDGE ( 'NONE', *, *, #117, .F. ) ;
#433 = ADVANCED_FACE ( 'NONE', ( #736 ), #1866, .F. ) ;
#434 = VERTEX_POINT ( 'NONE', #1859 ) ;
#435 = PLANE ( 'NONE',  #109 ) ;
#436 = EDGE_LOOP ( 'NONE', ( #1489, #438, #937, #934 ) ) ;
#437 = CARTESIAN_POINT ( 'NONE',  ( 10.40000000000000200, 0.5000000000000000000, 4.699999999999999300 ) ) ;
#438 = ORIENTED_EDGE ( 'NONE', *, *, #1625, .T. ) ;
#439 = STYLED_ITEM ( 'NONE', ( #329 ), #805 ) ;
#440 = EDGE_CURVE ( 'NONE', #821, #747, #1897, .T. ) ;
#441 = CARTESIAN_POINT ( 'NONE',  ( 8.649999999999995000, -8.783095189484534200, 0.1499999999999999700 ) ) ;
#442 = AXIS2_PLACEMENT_3D ( 'NONE', #1716, #202, #1699 ) ;
#443 = VECTOR ( 'NONE', #1531, 1000.000000000000000 ) ;
#444 = ADVANCED_FACE ( 'NONE', ( #929 ), #936, .F. ) ;
#445 = FACE_OUTER_BOUND ( 'NONE', #1783, .T. ) ;
#446 =( NAMED_UNIT ( * ) SI_UNIT ( $, .STERADIAN. ) SOLID_ANGLE_UNIT ( ) );
#447 = DIRECTION ( 'NONE',  ( -1.000000000000000000, 0.0000000000000000000, 0.0000000000000000000 ) ) ;
#448 = FACE_OUTER_BOUND ( 'NONE', #1515, .T. ) ;
#449 = CARTESIAN_POINT ( 'NONE',  ( 0.0000000000000000000, 0.5000000000000000000, 1.099999999999998800 ) ) ;
#450 = LINE ( 'NONE', #687, #1916 ) ;
#451 = AXIS2_PLACEMENT_3D ( 'NONE', #1063, #460, #1503 ) ;
#452 = CARTESIAN_POINT ( 'NONE',  ( -10.40000000000000200, 0.0000000000000000000, 5.699999999999999300 ) ) ;
#453 = LINE ( 'NONE', #1352, #881 ) ;
#454 = CARTESIAN_POINT ( 'NONE',  ( 6.149999999999995000, -8.783095189484534200, 0.1499999999999999700 ) ) ;
#455 = DIRECTION ( 'NONE',  ( -0.0000000000000000000, 1.000000000000000000, -0.0000000000000000000 ) ) ;
#456 = EDGE_LOOP ( 'NONE', ( #1442, #22, #717, #1539 ) ) ;
#457 = AXIS2_PLACEMENT_3D ( 'NONE', #1357, #340, #949 ) ;
#458 = SURFACE_STYLE_USAGE ( .BOTH. , #1191 ) ;
#459 = ORIENTED_EDGE ( 'NONE', *, *, #1559, .T. ) ;
#460 = DIRECTION ( 'NONE',  ( -0.0000000000000000000, 0.0000000000000000000, 1.000000000000000000 ) ) ;
#461 = ORIENTED_EDGE ( 'NONE', *, *, #320, .F. ) ;
#462 = DIRECTION ( 'NONE',  ( -1.445602896647339700E-015, 0.0000000000000000000, -1.000000000000000000 ) ) ;
#463 = VERTEX_POINT ( 'NONE', #963 ) ;
#464 = VERTEX_POINT ( 'NONE', #183 ) ;
#465 = ORIENTED_EDGE ( 'NONE', *, *, #55, .F. ) ;
#466 = CARTESIAN_POINT ( 'NONE',  ( -8.300000000000000700, 2.250000000000000000, 5.699999999999999300 ) ) ;
#467 = CARTESIAN_POINT ( 'NONE',  ( -3.650000000000001200, -4.099999999999999600, 0.1499999999999999700 ) ) ;
#468 = DIRECTION ( 'NONE',  ( -2.891205793294679400E-015, 0.0000000000000000000, -1.000000000000000000 ) ) ;
#469 = VECTOR ( 'NONE', #26, 1000.000000000000000 ) ;
#470 = CARTESIAN_POINT ( 'NONE',  ( -9.150000000000002100, -4.099999999999999600, 0.1499999999999999700 ) ) ;
#471 = CARTESIAN_POINT ( 'NONE',  ( 9.149999999999993200, -4.099999999999999600, 0.1500000000000000800 ) ) ;
#472 = DIRECTION ( 'NONE',  ( 1.000000000000000000, 0.0000000000000000000, -0.0000000000000000000 ) ) ;
#473 = LINE ( 'NONE', #1708, #1700 ) ;
#474 = CARTESIAN_POINT ( 'NONE',  ( 3.649999999999995000, 0.5000000000000000000, -0.1499999999999999700 ) ) ;
#475 = DIRECTION ( 'NONE',  ( 0.0000000000000000000, 0.0000000000000000000, -1.000000000000000000 ) ) ;
#476 = LINE ( 'NONE', #370, #835 ) ;
#477 = DIRECTION ( 'NONE',  ( -0.0000000000000000000, 0.0000000000000000000, 1.000000000000000000 ) ) ;
#478 = LINE ( 'NONE', #533, #73 ) ;
#479 = CARTESIAN_POINT ( 'NONE',  ( 10.89999999999999900, 11.10000000000000000, -3.500000000000000400 ) ) ;
#480 = EDGE_CURVE ( 'NONE', #767, #1260, #427, .T. ) ;
#481 = ORIENTED_EDGE ( 'NONE', *, *, #693, .F. ) ;
#482 = CARTESIAN_POINT ( 'NONE',  ( -9.150000000000002100, 0.5000000000000000000, 0.1499999999999999700 ) ) ;
#483 = CARTESIAN_POINT ( 'NONE',  ( 3.649999999999995000, -8.783095189484534200, -0.1499999999999999700 ) ) ;
#484 = ORIENTED_EDGE ( 'NONE', *, *, #422, .F. ) ;
#485 = DIRECTION ( 'NONE',  ( 1.156482317317871800E-014, 0.0000000000000000000, -1.000000000000000000 ) ) ;
#486 = EDGE_CURVE ( 'NONE', #153, #464, #569, .T. ) ;
#487 = PRESENTATION_LAYER_ASSIGNMENT (  '', '', ( #77 ) ) ;
#488 = ORIENTED_EDGE ( 'NONE', *, *, #1918, .F. ) ;
#489 = PRODUCT ( 'SPBW03F-05', 'SPBW03F-05', '', ( #1569 ) ) ;
#490 = ORIENTED_EDGE ( 'NONE', *, *, #134, .T. ) ;
#491 = PLANE ( 'NONE',  #878 ) ;
#492 = ORIENTED_EDGE ( 'NONE', *, *, #757, .T. ) ;
#493 = DIRECTION ( 'NONE',  ( 1.000000000000000000, 0.0000000000000000000, 0.0000000000000000000 ) ) ;
#494 = DIRECTION ( 'NONE',  ( -1.000000000000000000, -0.0000000000000000000, -2.168404344971013600E-016 ) ) ;
#495 = ORIENTED_EDGE ( 'NONE', *, *, #423, .F. ) ;
#496 = EDGE_CURVE ( 'NONE', #388, #962, #476, .T. ) ;
#497 = EDGE_CURVE ( 'NONE', #1836, #868, #1648, .T. ) ;
#498 = EDGE_CURVE ( 'NONE', #1801, #1374, #1257, .T. ) ;
#499 = LINE ( 'NONE', #384, #254 ) ;
#500 = CARTESIAN_POINT ( 'NONE',  ( 10.40000000000000200, 0.5000000000000000000, -3.500000000000000400 ) ) ;
#501 = DIRECTION ( 'NONE',  ( -1.000000000000000000, 0.0000000000000000000, -0.0000000000000000000 ) ) ;
#502 = AXIS2_PLACEMENT_3D ( 'NONE', #292, #910, #1354 ) ;
#503 = DIRECTION ( 'NONE',  ( -0.0000000000000000000, -1.000000000000000000, -0.0000000000000000000 ) ) ;
#504 = VECTOR ( 'NONE', #668, 1000.000000000000000 ) ;
#505 = VECTOR ( 'NONE', #119, 1000.000000000000000 ) ;
#506 = DIRECTION ( 'NONE',  ( 0.0000000000000000000, 0.0000000000000000000, 1.000000000000000000 ) ) ;
#507 = CARTESIAN_POINT ( 'NONE',  ( 0.0000000000000000000, 0.0000000000000000000, 0.0000000000000000000 ) ) ;
#508 = DIRECTION ( 'NONE',  ( 0.0000000000000000000, -1.000000000000000000, 0.0000000000000000000 ) ) ;
#509 = ORIENTED_EDGE ( 'NONE', *, *, #1935, .T. ) ;
#510 = DIRECTION ( 'NONE',  ( 0.0000000000000000000, 0.0000000000000000000, -1.000000000000000000 ) ) ;
#511 = VERTEX_POINT ( 'NONE', #981 ) ;
#512 =( LENGTH_UNIT ( ) NAMED_UNIT ( * ) SI_UNIT ( .MILLI., .METRE. ) );
#513 = CARTESIAN_POINT ( 'NONE',  ( 1.734723475976807100E-015, 0.0000000000000000000, -1.099999999999999400 ) ) ;
#514 = EDGE_LOOP ( 'NONE', ( #1194, #143, #1945, #1024 ) ) ;
#515 = CARTESIAN_POINT ( 'NONE',  ( 4.149999999999994100, -4.099999999999999600, 0.1500000000000000800 ) ) ;
#516 = VERTEX_POINT ( 'NONE', #666 ) ;
#517 = EDGE_LOOP ( 'NONE', ( #1343, #1243, #1389, #1288 ) ) ;
#518 = ORIENTED_EDGE ( 'NONE', *, *, #549, .F. ) ;
#519 = DIRECTION ( 'NONE',  ( 1.000000000000000000, 0.0000000000000000000, 0.0000000000000000000 ) ) ;
#520 = EDGE_LOOP ( 'NONE', ( #518, #1008 ) ) ;
#521 = SURFACE_STYLE_USAGE ( .BOTH. , #663 ) ;
#522 = FILL_AREA_STYLE_COLOUR ( '', #1704 ) ;
#523 = VECTOR ( 'NONE', #611, 1000.000000000000000 ) ;
#524 = EDGE_CURVE ( 'NONE', #1411, #1395, #1160, .T. ) ;
#525 = LINE ( 'NONE', #150, #375 ) ;
#526 = CARTESIAN_POINT ( 'NONE',  ( 0.0000000000000000000, 0.5000000000000000000, 4.699999999999999300 ) ) ;
#527 = LINE ( 'NONE', #80, #67 ) ;
#528 = CARTESIAN_POINT ( 'NONE',  ( 1.649999999999995200, 0.5000000000000000000, -0.1499999999999999700 ) ) ;
#529 = FACE_OUTER_BOUND ( 'NONE', #121, .T. ) ;
#530 = VECTOR ( 'NONE', #989, 1000.000000000000000 ) ;
#531 = VECTOR ( 'NONE', #1530, 1000.000000000000000 ) ;
#532 = CARTESIAN_POINT ( 'NONE',  ( 0.0000000000000000000, 0.0000000000000000000, 4.699999999999999300 ) ) ;
#533 = CARTESIAN_POINT ( 'NONE',  ( -10.90000000000000200, 0.0000000000000000000, 5.699999999999999300 ) ) ;
#534 = LINE ( 'NONE', #288, #1387 ) ;
#535 = DIRECTION ( 'NONE',  ( 1.000000000000000000, 0.0000000000000000000, 0.0000000000000000000 ) ) ;
#536 = DIRECTION ( 'NONE',  ( 1.000000000000000000, 0.0000000000000000000, 0.0000000000000000000 ) ) ;
#537 = EDGE_CURVE ( 'NONE', #985, #35, #784, .T. ) ;
#538 = VERTEX_POINT ( 'NONE', #54 ) ;
#539 = ORIENTED_EDGE ( 'NONE', *, *, #633, .F. ) ;
#540 = FILL_AREA_STYLE ('',( #366 ) ) ;
#541 = ORIENTED_EDGE ( 'NONE', *, *, #134, .F. ) ;
#542 = DIRECTION ( 'NONE',  ( -0.0000000000000000000, -1.000000000000000000, -0.0000000000000000000 ) ) ;
#543 = EDGE_LOOP ( 'NONE', ( #365, #541, #170, #1638, #1215, #1735, #979, #1830 ) ) ;
#544 = AXIS2_PLACEMENT_3D ( 'NONE', #1640, #1050, #1954 ) ;
#545 =( NAMED_UNIT ( * ) SI_UNIT ( $, .STERADIAN. ) SOLID_ANGLE_UNIT ( ) );
#546 = DIRECTION ( 'NONE',  ( -0.0000000000000000000, 1.000000000000000000, -0.0000000000000000000 ) ) ;
#547 = FACE_OUTER_BOUND ( 'NONE', #456, .T. ) ;
#548 = FACE_OUTER_BOUND ( 'NONE', #1300, .T. ) ;
#549 = EDGE_CURVE ( 'NONE', #1585, #890, #1210, .T. ) ;
#550 = FACE_BOUND ( 'NONE', #520, .T. ) ;
#551 = AXIS2_PLACEMENT_3D ( 'NONE', #42, #506, #1244 ) ;
#552 = DIRECTION ( 'NONE',  ( 0.0000000000000000000, -0.0000000000000000000, -1.000000000000000000 ) ) ;
#553 = ORIENTED_EDGE ( 'NONE', *, *, #496, .T. ) ;
#554 = VERTEX_POINT ( 'NONE', #1740 ) ;
#555 = DIRECTION ( 'NONE',  ( 1.000000000000000000, 0.0000000000000000000, 0.0000000000000000000 ) ) ;
#556 = ORIENTED_EDGE ( 'NONE', *, *, #1477, .F. ) ;
#557 = EDGE_CURVE ( 'NONE', #742, #103, #976, .T. ) ;
#558 = VERTEX_POINT ( 'NONE', #1565 ) ;
#559 = VERTEX_POINT ( 'NONE', #1879 ) ;
#560 = MANIFOLD_SOLID_BREP ( 'Housing', #2 ) ;
#561 = AXIS2_PLACEMENT_3D ( 'NONE', #513, #1738, #535 ) ;
#562 = ORIENTED_EDGE ( 'NONE', *, *, #10, .T. ) ;
#563 = DIRECTION ( 'NONE',  ( 1.000000000000000000, 0.0000000000000000000, 0.0000000000000000000 ) ) ;
#564 = FACE_OUTER_BOUND ( 'NONE', #1097, .T. ) ;
#565 = CARTESIAN_POINT ( 'NONE',  ( -8.900000000000000400, 2.250000000000000000, 5.699999999999999300 ) ) ;
#566 = LINE ( 'NONE', #1831, #1404 ) ;
#567 = VECTOR ( 'NONE', #1301, 1000.000000000000000 ) ;
#568 = STYLED_ITEM ( 'NONE', ( #44 ), #560 ) ;
#569 = LINE ( 'NONE', #1703, #216 ) ;
#570 = CARTESIAN_POINT ( 'NONE',  ( -4.150000000000002100, 0.5000000000000000000, -0.1499999999999999700 ) ) ;
#571 = VECTOR ( 'NONE', #1488, 1000.000000000000000 ) ;
#572 = ORIENTED_EDGE ( 'NONE', *, *, #177, .F. ) ;
#573 = CARTESIAN_POINT ( 'NONE',  ( 1.149999999999995500, 0.5000000000000000000, 0.1499999999999999700 ) ) ;
#574 = ORIENTED_EDGE ( 'NONE', *, *, #1635, .T. ) ;
#575 = ORIENTED_EDGE ( 'NONE', *, *, #391, .F. ) ;
#576 = CARTESIAN_POINT ( 'NONE',  ( -8.650000000000002100, -4.099999999999999600, 0.1499999999999999700 ) ) ;
#577 = EDGE_CURVE ( 'NONE', #266, #1564, #450, .T. ) ;
#578 = ORIENTED_EDGE ( 'NONE', *, *, #633, .T. ) ;
#579 = EDGE_CURVE ( 'NONE', #335, #698, #928, .T. ) ;
#580 = VERTEX_POINT ( 'NONE', #382 ) ;
#581 = FILL_AREA_STYLE ('',( #875 ) ) ;
#582 = ADVANCED_FACE ( 'NONE', ( #1962 ), #63, .T. ) ;
#583 = CARTESIAN_POINT ( 'NONE',  ( -9.500000000000000000, 2.250000000000000000, 5.699999999999999300 ) ) ;
#584 = LINE ( 'NONE', #470, #726 ) ;
#585 = LINE ( 'NONE', #1596, #1621 ) ;
#586 = CARTESIAN_POINT ( 'NONE',  ( -4.150000000000002100, 0.5000000000000000000, 0.1499999999999999700 ) ) ;
#587 = EDGE_CURVE ( 'NONE', #309, #79, #1142, .T. ) ;
#588 = CARTESIAN_POINT ( 'NONE',  ( -6.650000000000001200, -8.783095189484534200, 0.1499999999999999700 ) ) ;
#589 = VECTOR ( 'NONE', #243, 1000.000000000000000 ) ;
#590 = UNCERTAINTY_MEASURE_WITH_UNIT (LENGTH_MEASURE( 1.000000000000000100E-005 ), #1557, 'distance_accuracy_value', 'NONE');
#591 = CARTESIAN_POINT ( 'NONE',  ( 10.40000000000000200, 0.0000000000000000000, 5.699999999999999300 ) ) ;
#592 = FACE_OUTER_BOUND ( 'NONE', #1762, .T. ) ;
#593 = CARTESIAN_POINT ( 'NONE',  ( -10.40000000000000200, 0.0000000000000000000, -3.500000000000000400 ) ) ;
#594 = ADVANCED_FACE ( 'NONE', ( #1556 ), #208, .F. ) ;
#595 = ORIENTED_EDGE ( 'NONE', *, *, #1287, .T. ) ;
#596 = VERTEX_POINT ( 'NONE', #836 ) ;
#597 = CARTESIAN_POINT ( 'NONE',  ( 6.149999999999995000, 0.5000000000000000000, 0.1499999999999999700 ) ) ;
#598 = ORIENTED_EDGE ( 'NONE', *, *, #1460, .F. ) ;
#599 = DIRECTION ( 'NONE',  ( -0.0000000000000000000, 0.0000000000000000000, 1.000000000000000000 ) ) ;
#600 = CARTESIAN_POINT ( 'NONE',  ( 8.649999999999998600, -4.099999999999999600, -0.1499999999999999700 ) ) ;
#601 = ORIENTED_EDGE ( 'NONE', *, *, #1816, .F. ) ;
#602 = DIRECTION ( 'NONE',  ( -0.0000000000000000000, -0.0000000000000000000, 1.000000000000000000 ) ) ;
#603 = ORIENTED_EDGE ( 'NONE', *, *, #897, .F. ) ;
#604 = EDGE_LOOP ( 'NONE', ( #1370, #1053, #1946, #267 ) ) ;
#605 = AXIS2_PLACEMENT_3D ( 'NONE', #1256, #368, #1869 ) ;
#606 = CARTESIAN_POINT ( 'NONE',  ( -10.40000000000000200, 0.5000000000000000000, 1.099999999999998800 ) ) ;
#607 = CARTESIAN_POINT ( 'NONE',  ( -6.150000000000001200, 0.5000000000000000000, 0.1499999999999999700 ) ) ;
#608 = CARTESIAN_POINT ( 'NONE',  ( 8.649999999999995000, -4.099999999999999600, 0.1499999999999999700 ) ) ;
#609 = LINE ( 'NONE', #1197, #1056 ) ;
#610 = CARTESIAN_POINT ( 'NONE',  ( -8.900000000000000400, 2.250000000000000000, 5.599999999999998800 ) ) ;
#611 = DIRECTION ( 'NONE',  ( -0.0000000000000000000, 1.000000000000000000, -0.0000000000000000000 ) ) ;
#612 = LINE ( 'NONE', #1176, #898 ) ;
#613 = LINE ( 'NONE', #408, #1605 ) ;
#614 = DIRECTION ( 'NONE',  ( 0.0000000000000000000, 0.0000000000000000000, -1.000000000000000000 ) ) ;
#615 = EDGE_CURVE ( 'NONE', #317, #538, #879, .T. ) ;
#616 = UNCERTAINTY_MEASURE_WITH_UNIT (LENGTH_MEASURE( 1.000000000000000100E-005 ), #971, 'distance_accuracy_value', 'NONE');
#617 = PLANE ( 'NONE',  #1584 ) ;
#618 = PLANE ( 'NONE',  #799 ) ;
#619 = FACE_OUTER_BOUND ( 'NONE', #1123, .T. ) ;
#620 = DIRECTION ( 'NONE',  ( 1.000000000000000000, 0.0000000000000000000, 1.156482317317871800E-014 ) ) ;
#621 = CARTESIAN_POINT ( 'NONE',  ( -10.40000000000000200, 0.5000000000000000000, -2.500000000000003100 ) ) ;
#622 = ORIENTED_EDGE ( 'NONE', *, *, #1000, .F. ) ;
#623 = AXIS2_PLACEMENT_3D ( 'NONE', #1516, #776, #1069 ) ;
#624 = DIRECTION ( 'NONE',  ( 0.0000000000000000000, -0.0000000000000000000, -1.000000000000000000 ) ) ;
#625 = ORIENTED_EDGE ( 'NONE', *, *, #939, .T. ) ;
#626 = CARTESIAN_POINT ( 'NONE',  ( 3.649999999999995500, -4.099999999999999600, 0.1499999999999999700 ) ) ;
#627 = ORIENTED_EDGE ( 'NONE', *, *, #757, .F. ) ;
#628 = CARTESIAN_POINT ( 'NONE',  ( 0.0000000000000000000, 0.0000000000000000000, 1.099999999999998800 ) ) ;
#629 = CARTESIAN_POINT ( 'NONE',  ( 1.649999999999994400, -4.099999999999999600, 0.1500000000000000800 ) ) ;
#630 = VERTEX_POINT ( 'NONE', #1745 ) ;
#631 = CARTESIAN_POINT ( 'NONE',  ( 0.0000000000000000000, 0.5000000000000000000, -2.500000000000003100 ) ) ;
#632 = CLOSED_SHELL ( 'NONE', ( #1400, #1336, #1781, #1321, #1933, #1602 ) ) ;
#633 = EDGE_CURVE ( 'NONE', #1260, #153, #1607, .T. ) ;
#634 = EDGE_CURVE ( 'NONE', #369, #1349, #713, .T. ) ;
#635 = PLANE ( 'NONE',  #1055 ) ;
#636 = ORIENTED_EDGE ( 'NONE', *, *, #1414, .T. ) ;
#637 = DIRECTION ( 'NONE',  ( -1.000000000000000000, 0.0000000000000000000, 0.0000000000000000000 ) ) ;
#638 = FACE_OUTER_BOUND ( 'NONE', #126, .T. ) ;
#639 = PRODUCT ( 'SPBW03F-05', 'SPBW03F-05', '', ( #829 ) ) ;
#640 = LINE ( 'NONE', #1323, #188 ) ;
#641 = CARTESIAN_POINT ( 'NONE',  ( -4.150000000000002100, -4.099999999999999600, -0.1499999999999999700 ) ) ;
#642 = FACE_OUTER_BOUND ( 'NONE', #1561, .T. ) ;
#643 = CARTESIAN_POINT ( 'NONE',  ( -3.650000000000001200, 0.5000000000000000000, 0.1499999999999999700 ) ) ;
#644 = CIRCLE ( 'NONE', #1311, 0.5999999999999998700 ) ;
#645 = LINE ( 'NONE', #60, #1751 ) ;
#646 = SURFACE_STYLE_FILL_AREA ( #1073 ) ;
#647 = CARTESIAN_POINT ( 'NONE',  ( 6.649999999999993200, -8.783095189484534200, 0.1500000000000000800 ) ) ;
#648 = PLANE ( 'NONE',  #785 ) ;
#649 = ORIENTED_EDGE ( 'NONE', *, *, #992, .T. ) ;
#650 = CARTESIAN_POINT ( 'NONE',  ( 10.89999999999999900, 0.0000000000000000000, -3.500000000000000400 ) ) ;
#651 = CARTESIAN_POINT ( 'NONE',  ( -4.150000000000002100, 0.5000000000000000000, -0.1499999999999999700 ) ) ;
#652 = ORIENTED_EDGE ( 'NONE', *, *, #224, .T. ) ;
#653 = ORIENTED_EDGE ( 'NONE', *, *, #1872, .T. ) ;
#654 = CARTESIAN_POINT ( 'NONE',  ( 9.149999999999993200, 0.5000000000000000000, 0.1500000000000000800 ) ) ;
#655 = VERTEX_POINT ( 'NONE', #848 ) ;
#656 = CARTESIAN_POINT ( 'NONE',  ( 1.649999999999994400, -4.099999999999999600, 0.1500000000000000800 ) ) ;
#657 = ORIENTED_EDGE ( 'NONE', *, *, #975, .T. ) ;
#658 = ORIENTED_EDGE ( 'NONE', *, *, #1319, .F. ) ;
#659 = CARTESIAN_POINT ( 'NONE',  ( -8.900000000000000400, 2.250000000000000000, 5.599999999999998800 ) ) ;
#660 = MANIFOLD_SOLID_BREP ( 'Pin 2', #632 ) ;
#661 = EDGE_CURVE ( 'NONE', #630, #1967, #1358, .T. ) ;
#662 = VECTOR ( 'NONE', #967, 1000.000000000000000 ) ;
#663 = SURFACE_SIDE_STYLE ('',( #155 ) ) ;
#664 = PRODUCT_DEFINITION_FORMATION_WITH_SPECIFIED_SOURCE ( 'ANY', '', #639, .NOT_KNOWN. ) ;
#665 = LINE ( 'NONE', #140, #1272 ) ;
#666 = CARTESIAN_POINT ( 'NONE',  ( 9.150000000000000400, -4.099999999999999600, -0.1499999999999999700 ) ) ;
#667 = FACE_OUTER_BOUND ( 'NONE', #1486, .T. ) ;
#668 = DIRECTION ( 'NONE',  ( 1.000000000000000000, 0.0000000000000000000, 0.0000000000000000000 ) ) ;
#669 = DIRECTION ( 'NONE',  ( 1.000000000000000000, 0.0000000000000000000, 0.0000000000000000000 ) ) ;
#670 =( NAMED_UNIT ( * ) SI_UNIT ( $, .STERADIAN. ) SOLID_ANGLE_UNIT ( ) );
#671 = VECTOR ( 'NONE', #326, 1000.000000000000000 ) ;
#672 = ORIENTED_EDGE ( 'NONE', *, *, #480, .T. ) ;
#673 = SHAPE_REPRESENTATION ( 'SPBW03F-05', ( #86, #561 ), #1247 ) ;
#674 =( GEOMETRIC_REPRESENTATION_CONTEXT ( 3 ) GLOBAL_UNCERTAINTY_ASSIGNED_CONTEXT ( ( #1174 ) ) GLOBAL_UNIT_ASSIGNED_CONTEXT ( ( #1629, #1934, #446 ) ) REPRESENTATION_CONTEXT ( 'NONE', 'WORKASPACE' ) );
#675 = ORIENTED_EDGE ( 'NONE', *, *, #415, .F. ) ;
#676 = DIRECTION ( 'NONE',  ( 1.000000000000000000, 0.0000000000000000000, 0.0000000000000000000 ) ) ;
#677 = DIRECTION ( 'NONE',  ( -1.000000000000000000, -0.0000000000000000000, -0.0000000000000000000 ) ) ;
#678 = APPLICATION_PROTOCOL_DEFINITION ( 'draft international standard', 'automotive_design', 1998, #1576 ) ;
#679 = ORIENTED_EDGE ( 'NONE', *, *, #579, .F. ) ;
#680 = EDGE_LOOP ( 'NONE', ( #1435, #430, #1908, #886 ) ) ;
#681 = ORIENTED_EDGE ( 'NONE', *, *, #1634, .T. ) ;
#682 = ORIENTED_EDGE ( 'NONE', *, *, #1887, .F. ) ;
#683 = DIRECTION ( 'NONE',  ( 1.000000000000000000, 0.0000000000000000000, 0.0000000000000000000 ) ) ;
#684 = CARTESIAN_POINT ( 'NONE',  ( -9.150000000000002100, -8.783095189484534200, 0.1499999999999999700 ) ) ;
#685 = EDGE_LOOP ( 'NONE', ( #1858, #706, #1950, #1760 ) ) ;
#686 = DIRECTION ( 'NONE',  ( 0.0000000000000000000, 0.0000000000000000000, 1.000000000000000000 ) ) ;
#687 = CARTESIAN_POINT ( 'NONE',  ( -4.150000000000002100, 0.5000000000000000000, 0.1499999999999999700 ) ) ;
#688 = CARTESIAN_POINT ( 'NONE',  ( 1.149999999999995200, -8.783095189484534200, -0.1499999999999999700 ) ) ;
#689 = EDGE_CURVE ( 'NONE', #1564, #1411, #906, .T. ) ;
#690 = LINE ( 'NONE', #894, #1868 ) ;
#691 =( LENGTH_UNIT ( ) NAMED_UNIT ( * ) SI_UNIT ( .MILLI., .METRE. ) );
#692 = LINE ( 'NONE', #532, #1315 ) ;
#693 = EDGE_CURVE ( 'NONE', #1327, #1310, #1674, .T. ) ;
#694 = AXIS2_PLACEMENT_3D ( 'NONE', #1736, #1604, #862 ) ;
#695 =( NAMED_UNIT ( * ) PLANE_ANGLE_UNIT ( ) SI_UNIT ( $, .RADIAN. ) );
#696 = LINE ( 'NONE', #597, #1383 ) ;
#697 = VECTOR ( 'NONE', #503, 1000.000000000000000 ) ;
#698 = VERTEX_POINT ( 'NONE', #1905 ) ;
#699 = EDGE_CURVE ( 'NONE', #1861, #558, #613, .T. ) ;
#700 = PRESENTATION_LAYER_ASSIGNMENT (  '', '', ( #1228 ) ) ;
#701 = VERTEX_POINT ( 'NONE', #1592 ) ;
#702 = ORIENTED_EDGE ( 'NONE', *, *, #34, .F. ) ;
#703 = CARTESIAN_POINT ( 'NONE',  ( 8.649999999999995000, 0.5000000000000000000, 0.1499999999999999700 ) ) ;
#704 = AXIS2_PLACEMENT_3D ( 'NONE', #1195, #1187, #146 ) ;
#705 = ORIENTED_EDGE ( 'NONE', *, *, #498, .F. ) ;
#706 = ORIENTED_EDGE ( 'NONE', *, *, #1240, .T. ) ;
#707 = EDGE_LOOP ( 'NONE', ( #1566, #572, #842, #1309 ) ) ;
#708 = CARTESIAN_POINT ( 'NONE',  ( -6.650000000000001200, 0.5000000000000000000, 0.1499999999999999700 ) ) ;
#709 = UNCERTAINTY_MEASURE_WITH_UNIT (LENGTH_MEASURE( 1.000000000000000100E-005 ), #24, 'distance_accuracy_value', 'NONE');
#710 = FACE_OUTER_BOUND ( 'NONE', #1784, .T. ) ;
#711 = FACE_OUTER_BOUND ( 'NONE', #57, .T. ) ;
#712 =( NAMED_UNIT ( * ) SI_UNIT ( $, .STERADIAN. ) SOLID_ANGLE_UNIT ( ) );
#713 = LINE ( 'NONE', #357, #17 ) ;
#714 = VECTOR ( 'NONE', #542, 1000.000000000000000 ) ;
#715 = ORIENTED_EDGE ( 'NONE', *, *, #1306, .T. ) ;
#716 = CARTESIAN_POINT ( 'NONE',  ( -3.650000000000001200, 0.5000000000000000000, -0.1499999999999999700 ) ) ;
#717 = ORIENTED_EDGE ( 'NONE', *, *, #1847, .T. ) ;
#718 = FILL_AREA_STYLE_COLOUR ( '', #114 ) ;
#719 = EDGE_CURVE ( 'NONE', #100, #559, #1500, .T. ) ;
#720 = ORIENTED_EDGE ( 'NONE', *, *, #1032, .F. ) ;
#721 = ORIENTED_EDGE ( 'NONE', *, *, #1263, .F. ) ;
#722 = CARTESIAN_POINT ( 'NONE',  ( 6.649999999999994100, -8.783095189484534200, -0.1499999999999999700 ) ) ;
#723 = VERTEX_POINT ( 'NONE', #858 ) ;
#724 = SURFACE_SIDE_STYLE ('',( #1728 ) ) ;
#725 = VERTEX_POINT ( 'NONE', #236 ) ;
#726 = VECTOR ( 'NONE', #222, 1000.000000000000000 ) ;
#727 = CYLINDRICAL_SURFACE ( 'NONE', #544, 0.5999999999999998700 ) ;
#728 = EDGE_CURVE ( 'NONE', #145, #266, #1317, .T. ) ;
#729 = EDGE_CURVE ( 'NONE', #725, #596, #1848, .T. ) ;
#730 = LINE ( 'NONE', #526, #111 ) ;
#731 = CARTESIAN_POINT ( 'NONE',  ( -9.500000000000000000, 2.250000000000000000, 5.699999999999999300 ) ) ;
#732 = LINE ( 'NONE', #296, #1960 ) ;
#733 = ADVANCED_FACE ( 'NONE', ( #356 ), #1443, .T. ) ;
#734 = AXIS2_PLACEMENT_3D ( 'NONE', #1538, #1694, #795 ) ;
#735 = DIRECTION ( 'NONE',  ( 1.000000000000000000, 0.0000000000000000000, 0.0000000000000000000 ) ) ;
#736 = FACE_OUTER_BOUND ( 'NONE', #1636, .T. ) ;
#737 = DIRECTION ( 'NONE',  ( -0.0000000000000000000, 0.0000000000000000000, 1.000000000000000000 ) ) ;
#738 = ORIENTED_EDGE ( 'NONE', *, *, #1588, .T. ) ;
#739 = ADVANCED_BREP_SHAPE_REPRESENTATION ( '', ( #180, #1027, #1756, #1151, #805, #560, #1451, #1291, #660, #1355 ), #148 ) ;
#740 = ORIENTED_EDGE ( 'NONE', *, *, #1902, .F. ) ;
#741 = DIRECTION ( 'NONE',  ( -0.0000000000000000000, 0.0000000000000000000, 1.000000000000000000 ) ) ;
#742 = VERTEX_POINT ( 'NONE', #88 ) ;
#743 = ADVANCED_FACE ( 'NONE', ( #214 ), #1617, .F. ) ;
#744 = ORIENTED_EDGE ( 'NONE', *, *, #1777, .T. ) ;
#745 = DIRECTION ( 'NONE',  ( -1.000000000000000000, 0.0000000000000000000, 0.0000000000000000000 ) ) ;
#746 = CARTESIAN_POINT ( 'NONE',  ( 10.89999999999999900, 11.10000000000000000, 5.699999999999999300 ) ) ;
#747 = VERTEX_POINT ( 'NONE', #1749 ) ;
#748 = CARTESIAN_POINT ( 'NONE',  ( 10.89999999999999900, 11.10000000000000000, -3.500000000000000400 ) ) ;
#749 =( GEOMETRIC_REPRESENTATION_CONTEXT ( 3 ) GLOBAL_UNCERTAINTY_ASSIGNED_CONTEXT ( ( #1707 ) ) GLOBAL_UNIT_ASSIGNED_CONTEXT ( ( #1949, #904, #1043 ) ) REPRESENTATION_CONTEXT ( 'NONE', 'WORKASPACE' ) );
#750 = DIRECTION ( 'NONE',  ( -0.0000000000000000000, 1.000000000000000000, -0.0000000000000000000 ) ) ;
#751 = DIRECTION ( 'NONE',  ( -2.891205793294678200E-015, 0.0000000000000000000, 1.000000000000000000 ) ) ;
#752 = LINE ( 'NONE', #162, #1842 ) ;
#753 = CARTESIAN_POINT ( 'NONE',  ( -8.650000000000002100, -8.783095189484534200, 0.1499999999999999700 ) ) ;
#754 = FACE_OUTER_BOUND ( 'NONE', #680, .T. ) ;
#755 = DIRECTION ( 'NONE',  ( -0.0000000000000000000, 1.000000000000000000, -0.0000000000000000000 ) ) ;
#756 = VECTOR ( 'NONE', #1546, 1000.000000000000000 ) ;
#757 = EDGE_CURVE ( 'NONE', #1656, #793, #644, .T. ) ;
#758 = FACE_OUTER_BOUND ( 'NONE', #78, .T. ) ;
#759 = CARTESIAN_POINT ( 'NONE',  ( 0.0000000000000000000, -4.099999999999999600, 1.099999999999998800 ) ) ;
#760 = DIRECTION ( 'NONE',  ( 0.0000000000000000000, -1.000000000000000000, 0.0000000000000000000 ) ) ;
#761 = PRODUCT_DEFINITION ( 'UNKNOWN', '', #1782, #872 ) ;
#762 = VECTOR ( 'NONE', #948, 1000.000000000000000 ) ;
#763 = ORIENTED_EDGE ( 'NONE', *, *, #661, .T. ) ;
#764 = DIRECTION ( 'NONE',  ( 0.0000000000000000000, -1.000000000000000000, 0.0000000000000000000 ) ) ;
#765 = VERTEX_POINT ( 'NONE', #866 ) ;
#766 = CARTESIAN_POINT ( 'NONE',  ( -10.40000000000000200, 0.5000000000000000000, 4.699999999999999300 ) ) ;
#767 = VERTEX_POINT ( 'NONE', #1606 ) ;
#768 = EDGE_CURVE ( 'NONE', #1390, #701, #1209, .T. ) ;
#769 = PLANE ( 'NONE',  #253 ) ;
#770 = EDGE_LOOP ( 'NONE', ( #412, #1886, #649, #1715 ) ) ;
#771 = FILL_AREA_STYLE_COLOUR ( '', #832 ) ;
#772 = ORIENTED_EDGE ( 'NONE', *, *, #1657, .T. ) ;
#773 = AXIS2_PLACEMENT_3D ( 'NONE', #112, #737, #891 ) ;
#774 = CARTESIAN_POINT ( 'NONE',  ( 8.649999999999995000, -8.783095189484534200, 0.1499999999999999700 ) ) ;
#775 = CARTESIAN_POINT ( 'NONE',  ( 8.649999999999995000, -8.783095189484534200, 0.1499999999999999700 ) ) ;
#776 = DIRECTION ( 'NONE',  ( 0.0000000000000000000, -1.000000000000000000, 0.0000000000000000000 ) ) ;
#777 = VECTOR ( 'NONE', #1669, 1000.000000000000000 ) ;
#778 = PLANE ( 'NONE',  #1074 ) ;
#779 = FILL_AREA_STYLE_COLOUR ( '', #839 ) ;
#780 = DIRECTION ( 'NONE',  ( -2.891205793294678200E-015, 0.0000000000000000000, 1.000000000000000000 ) ) ;
#781 = LINE ( 'NONE', #400, #950 ) ;
#782 = VECTOR ( 'NONE', #360, 1000.000000000000000 ) ;
#783 = DIRECTION ( 'NONE',  ( 0.0000000000000000000, 0.0000000000000000000, 1.000000000000000000 ) ) ;
#784 = LINE ( 'NONE', #1273, #380 ) ;
#785 = AXIS2_PLACEMENT_3D ( 'NONE', #1365, #1276, #828 ) ;
#786 = CARTESIAN_POINT ( 'NONE',  ( 8.649999999999998600, -8.783095189484534200, -0.1499999999999999700 ) ) ;
#787 = SURFACE_STYLE_USAGE ( .BOTH. , #319 ) ;
#788 = VECTOR ( 'NONE', #1231, 1000.000000000000000 ) ;
#789 = DIRECTION ( 'NONE',  ( -0.0000000000000000000, 1.000000000000000000, -0.0000000000000000000 ) ) ;
#790 = EDGE_CURVE ( 'NONE', #516, #1609, #1770, .T. ) ;
#791 = LINE ( 'NONE', #608, #334 ) ;
#792 = ORIENTED_EDGE ( 'NONE', *, *, #1518, .T. ) ;
#793 = VERTEX_POINT ( 'NONE', #583 ) ;
#794 = DIRECTION ( 'NONE',  ( 0.0000000000000000000, -0.0000000000000000000, -1.000000000000000000 ) ) ;
#795 = DIRECTION ( 'NONE',  ( 0.0000000000000000000, -0.0000000000000000000, -1.000000000000000000 ) ) ;
#796 = ORIENTED_EDGE ( 'NONE', *, *, #1141, .T. ) ;
#797 = VERTEX_POINT ( 'NONE', #281 ) ;
#798 = EDGE_CURVE ( 'NONE', #1310, #1801, #91, .T. ) ;
#799 = AXIS2_PLACEMENT_3D ( 'NONE', #1379, #174, #1251 ) ;
#800 = ORIENTED_EDGE ( 'NONE', *, *, #486, .F. ) ;
#801 = FILL_AREA_STYLE_COLOUR ( '', #14 ) ;
#802 = CARTESIAN_POINT ( 'NONE',  ( 10.89999999999999900, 11.10000000000000000, 5.699999999999999300 ) ) ;
#803 = AXIS2_PLACEMENT_3D ( 'NONE', #759, #1814, #915 ) ;
#804 = DIRECTION ( 'NONE',  ( 1.156482317317871800E-014, 0.0000000000000000000, -1.000000000000000000 ) ) ;
#805 = MANIFOLD_SOLID_BREP ( 'Pin 3', #1170 ) ;
#806 = DIRECTION ( 'NONE',  ( 0.0000000000000000000, -1.000000000000000000, 0.0000000000000000000 ) ) ;
#807 = CARTESIAN_POINT ( 'NONE',  ( -9.150000000000002100, -4.099999999999999600, -0.1499999999999999700 ) ) ;
#808 = DIRECTION ( 'NONE',  ( -0.0000000000000000000, -0.0000000000000000000, 1.000000000000000000 ) ) ;
#809 = LINE ( 'NONE', #786, #999 ) ;
#810 = VECTOR ( 'NONE', #1578, 1000.000000000000000 ) ;
#811 = PRODUCT_DEFINITION_CONTEXT ( 'detailed design', #1885, 'design' ) ;
#812 = CARTESIAN_POINT ( 'NONE',  ( 9.149999999999993200, -8.783095189484534200, 0.1500000000000000800 ) ) ;
#813 = AXIS2_PLACEMENT_3D ( 'NONE', #1570, #1128, #1137 ) ;
#814 = PLANE ( 'NONE',  #605 ) ;
#815 = ORIENTED_EDGE ( 'NONE', *, *, #1522, .T. ) ;
#816 =( NAMED_UNIT ( * ) SI_UNIT ( $, .STERADIAN. ) SOLID_ANGLE_UNIT ( ) );
#817 = DIRECTION ( 'NONE',  ( -1.000000000000000000, 0.0000000000000000000, -2.168404344971013600E-016 ) ) ;
#818 = ORIENTED_EDGE ( 'NONE', *, *, #1847, .F. ) ;
#819 = EDGE_LOOP ( 'NONE', ( #1920, #50 ) ) ;
#820 = DIRECTION ( 'NONE',  ( -1.000000000000000000, -0.0000000000000000000, -2.168404344971014500E-016 ) ) ;
#821 = VERTEX_POINT ( 'NONE', #1641 ) ;
#822 = CARTESIAN_POINT ( 'NONE',  ( 8.649999999999998600, -4.099999999999999600, -0.1499999999999999700 ) ) ;
#823 = DIRECTION ( 'NONE',  ( 1.000000000000000000, 0.0000000000000000000, 0.0000000000000000000 ) ) ;
#824 = ORIENTED_EDGE ( 'NONE', *, *, #186, .T. ) ;
#825 = DIRECTION ( 'NONE',  ( 0.0000000000000000000, 0.0000000000000000000, 1.000000000000000000 ) ) ;
#826 = VECTOR ( 'NONE', #808, 1000.000000000000000 ) ;
#827 = CARTESIAN_POINT ( 'NONE',  ( 10.40000000000000200, 0.5000000000000000000, -3.500000000000000400 ) ) ;
#828 = DIRECTION ( 'NONE',  ( 1.000000000000000000, 0.0000000000000000000, -0.0000000000000000000 ) ) ;
#829 = PRODUCT_CONTEXT ( 'NONE', #347, 'mechanical' ) ;
#830 = AXIS2_PLACEMENT_3D ( 'NONE', #1817, #1665, #624 ) ;
#831 = FACE_OUTER_BOUND ( 'NONE', #1904, .T. ) ;
#832 = COLOUR_RGB ( '',0.7921568627450980000, 0.8196078431372548800, 0.9333333333333333500 ) ;
#833 = SURFACE_STYLE_USAGE ( .BOTH. , #1147 ) ;
#834 = CARTESIAN_POINT ( 'NONE',  ( -10.90000000000000200, 0.5000000000000000000, -2.500000000000003100 ) ) ;
#835 = VECTOR ( 'NONE', #1423, 1000.000000000000000 ) ;
#836 = CARTESIAN_POINT ( 'NONE',  ( -9.150000000000002100, 0.5000000000000000000, 0.1499999999999999700 ) ) ;
#837 = EDGE_CURVE ( 'NONE', #723, #698, #1871, .T. ) ;
#838 = VECTOR ( 'NONE', #1555, 1000.000000000000000 ) ;
#839 = COLOUR_RGB ( '',0.7921568627450980000, 0.8196078431372548800, 0.9333333333333333500 ) ;
#840 = ORIENTED_EDGE ( 'NONE', *, *, #186, .F. ) ;
#841 = CARTESIAN_POINT ( 'NONE',  ( 0.0000000000000000000, 0.0000000000000000000, 4.699999999999999300 ) ) ;
#842 = ORIENTED_EDGE ( 'NONE', *, *, #1450, .T. ) ;
#843 = DIRECTION ( 'NONE',  ( -0.0000000000000000000, -1.000000000000000000, -0.0000000000000000000 ) ) ;
#844 = VERTEX_POINT ( 'NONE', #437 ) ;
#845 = EDGE_LOOP ( 'NONE', ( #416, #625, #1662, #1393 ) ) ;
#846 = DIRECTION ( 'NONE',  ( 0.0000000000000000000, 0.0000000000000000000, 1.000000000000000000 ) ) ;
#847 = ORIENTED_EDGE ( 'NONE', *, *, #1938, .F. ) ;
#848 = CARTESIAN_POINT ( 'NONE',  ( -10.90000000000000200, 0.5000000000000000000, 4.699999999999999300 ) ) ;
#849 = AXIS2_PLACEMENT_3D ( 'NONE', #684, #669, #959 ) ;
#850 = LINE ( 'NONE', #1839, #64 ) ;
#851 = CARTESIAN_POINT ( 'NONE',  ( -6.650000000000001200, -8.783095189484534200, 0.1499999999999999700 ) ) ;
#852 = VECTOR ( 'NONE', #164, 1000.000000000000000 ) ;
#853 =( LENGTH_UNIT ( ) NAMED_UNIT ( * ) SI_UNIT ( .MILLI., .METRE. ) );
#854 = DIRECTION ( 'NONE',  ( -0.0000000000000000000, 1.000000000000000000, -0.0000000000000000000 ) ) ;
#855 = VECTOR ( 'NONE', #1529, 1000.000000000000000 ) ;
#856 = VECTOR ( 'NONE', #995, 1000.000000000000000 ) ;
#857 = DIRECTION ( 'NONE',  ( 1.000000000000000000, 0.0000000000000000000, 0.0000000000000000000 ) ) ;
#858 = CARTESIAN_POINT ( 'NONE',  ( 10.89999999999999900, 0.0000000000000000000, 5.699999999999999300 ) ) ;
#859 = EDGE_CURVE ( 'NONE', #1003, #1345, #138, .T. ) ;
#860 = VERTEX_POINT ( 'NONE', #137 ) ;
#861 = ORIENTED_EDGE ( 'NONE', *, *, #1969, .F. ) ;
#862 = DIRECTION ( 'NONE',  ( -1.000000000000000000, 0.0000000000000000000, -0.0000000000000000000 ) ) ;
#863 = ORIENTED_EDGE ( 'NONE', *, *, #524, .T. ) ;
#864 = ADVANCED_FACE ( 'NONE', ( #165 ), #877, .F. ) ;
#865 = ORIENTED_EDGE ( 'NONE', *, *, #1382, .F. ) ;
#866 = CARTESIAN_POINT ( 'NONE',  ( 4.149999999999994100, 0.5000000000000000000, 0.1500000000000000800 ) ) ;
#867 = ORIENTED_EDGE ( 'NONE', *, *, #975, .F. ) ;
#868 = VERTEX_POINT ( 'NONE', #576 ) ;
#869 = DIRECTION ( 'NONE',  ( 1.000000000000000000, 0.0000000000000000000, 0.0000000000000000000 ) ) ;
#870 = EDGE_CURVE ( 'NONE', #1900, #1780, #191, .T. ) ;
#871 = VECTOR ( 'NONE', #945, 1000.000000000000000 ) ;
#872 = PRODUCT_DEFINITION_CONTEXT ( 'detailed design', #1576, 'design' ) ;
#873 = FACE_OUTER_BOUND ( 'NONE', #49, .T. ) ;
#874 = AXIS2_PLACEMENT_3D ( 'NONE', #1818, #1347, #1686 ) ;
#875 = FILL_AREA_STYLE_COLOUR ( '', #1381 ) ;
#876 = FACE_OUTER_BOUND ( 'NONE', #81, .T. ) ;
#877 = PLANE ( 'NONE',  #1114 ) ;
#878 = AXIS2_PLACEMENT_3D ( 'NONE', #1384, #23, #194 ) ;
#879 = LINE ( 'NONE', #1427, #71 ) ;
#880 = VECTOR ( 'NONE', #361, 1000.000000000000000 ) ;
#881 = VECTOR ( 'NONE', #750, 1000.000000000000000 ) ;
#882 = DIRECTION ( 'NONE',  ( -0.0000000000000000000, 1.000000000000000000, -0.0000000000000000000 ) ) ;
#883 = ORIENTED_EDGE ( 'NONE', *, *, #1501, .F. ) ;
#884 = ADVANCED_FACE ( 'NONE', ( #448 ), #1463, .F. ) ;
#885 = AXIS2_PLACEMENT_3D ( 'NONE', #1102, #195, #346 ) ;
#886 = ORIENTED_EDGE ( 'NONE', *, *, #579, .T. ) ;
#887 = ORIENTED_EDGE ( 'NONE', *, *, #75, .T. ) ;
#888 = EDGE_CURVE ( 'NONE', #559, #318, #696, .T. ) ;
#889 = CARTESIAN_POINT ( 'NONE',  ( -3.650000000000001200, -8.783095189484534200, 0.1499999999999999700 ) ) ;
#890 = VERTEX_POINT ( 'NONE', #731 ) ;
#891 = DIRECTION ( 'NONE',  ( 1.000000000000000000, 0.0000000000000000000, 0.0000000000000000000 ) ) ;
#892 = VERTEX_POINT ( 'NONE', #125 ) ;
#893 = ADVANCED_FACE ( 'NONE', ( #758 ), #1203, .F. ) ;
#894 = CARTESIAN_POINT ( 'NONE',  ( -6.650000000000001200, -4.099999999999999600, 0.1499999999999999700 ) ) ;
#895 = VECTOR ( 'NONE', #1688, 1000.000000000000000 ) ;
#896 = CARTESIAN_POINT ( 'NONE',  ( 6.649999999999994100, 0.5000000000000000000, -0.1499999999999999700 ) ) ;
#897 = EDGE_CURVE ( 'NONE', #103, #559, #1452, .T. ) ;
#898 = VECTOR ( 'NONE', #1466, 1000.000000000000000 ) ;
#899 = CARTESIAN_POINT ( 'NONE',  ( 1.649999999999994400, 0.5000000000000000000, 0.1500000000000000800 ) ) ;
#900 =( NAMED_UNIT ( * ) PLANE_ANGLE_UNIT ( ) SI_UNIT ( $, .RADIAN. ) );
#901 = FACE_OUTER_BOUND ( 'NONE', #1217, .T. ) ;
#902 = CARTESIAN_POINT ( 'NONE',  ( -10.40000000000000200, 0.5000000000000000000, 1.099999999999998800 ) ) ;
#903 = VECTOR ( 'NONE', #1754, 1000.000000000000000 ) ;
#904 =( NAMED_UNIT ( * ) PLANE_ANGLE_UNIT ( ) SI_UNIT ( $, .RADIAN. ) );
#905 = DIRECTION ( 'NONE',  ( 0.0000000000000000000, 0.0000000000000000000, -1.000000000000000000 ) ) ;
#906 = LINE ( 'NONE', #83, #93 ) ;
#907 = ADVANCED_FACE ( 'NONE', ( #1062 ), #1473, .F. ) ;
#908 = DIRECTION ( 'NONE',  ( -0.0000000000000000000, 1.000000000000000000, -0.0000000000000000000 ) ) ;
#909 = FACE_OUTER_BOUND ( 'NONE', #1078, .T. ) ;
#910 = DIRECTION ( 'NONE',  ( -0.0000000000000000000, -0.0000000000000000000, 1.000000000000000000 ) ) ;
#911 = ORIENTED_EDGE ( 'NONE', *, *, #1533, .F. ) ;
#912 = ORIENTED_EDGE ( 'NONE', *, *, #1610, .T. ) ;
#913 = EDGE_LOOP ( 'NONE', ( #1421, #792, #1030, #1286 ) ) ;
#914 = PRESENTATION_LAYER_ASSIGNMENT (  '', '', ( #568 ) ) ;
#915 = DIRECTION ( 'NONE',  ( 0.0000000000000000000, -0.0000000000000000000, -1.000000000000000000 ) ) ;
#916 = ORIENTED_EDGE ( 'NONE', *, *, #1588, .F. ) ;
#917 = ORIENTED_EDGE ( 'NONE', *, *, #1657, .F. ) ;
#918 = PLANE ( 'NONE',  #623 ) ;
#919 = ORIENTED_EDGE ( 'NONE', *, *, #1935, .F. ) ;
#920 = DIRECTION ( 'NONE',  ( 0.0000000000000000000, 0.0000000000000000000, 1.000000000000000000 ) ) ;
#921 = PRESENTATION_STYLE_ASSIGNMENT (( #1799 ) ) ;
#922 = CARTESIAN_POINT ( 'NONE',  ( 0.0000000000000000000, -4.099999999999999600, 1.099999999999998800 ) ) ;
#923 = FACE_OUTER_BOUND ( 'NONE', #1127, .T. ) ;
#924 = PLANE ( 'NONE',  #830 ) ;
#925 = VECTOR ( 'NONE', #1299, 1000.000000000000000 ) ;
#926 = EDGE_CURVE ( 'NONE', #580, #1706, #259, .T. ) ;
#927 = DIRECTION ( 'NONE',  ( 0.0000000000000000000, -1.000000000000000000, 0.0000000000000000000 ) ) ;
#928 = LINE ( 'NONE', #1890, #1318 ) ;
#929 = FACE_OUTER_BOUND ( 'NONE', #1608, .T. ) ;
#930 = CARTESIAN_POINT ( 'NONE',  ( -10.40000000000000200, 0.5000000000000000000, 5.699999999999999300 ) ) ;
#931 = CARTESIAN_POINT ( 'NONE',  ( 9.149999999999993200, -8.783095189484534200, 0.1500000000000000800 ) ) ;
#932 = ORIENTED_EDGE ( 'NONE', *, *, #1353, .F. ) ;
#933 = PLANE ( 'NONE',  #874 ) ;
#934 = ORIENTED_EDGE ( 'NONE', *, *, #1746, .F. ) ;
#935 = CARTESIAN_POINT ( 'NONE',  ( 0.0000000000000000000, 0.5000000000000000000, 4.699999999999999300 ) ) ;
#936 = PLANE ( 'NONE',  #1046 ) ;
#937 = ORIENTED_EDGE ( 'NONE', *, *, #1360, .T. ) ;
#938 = EDGE_CURVE ( 'NONE', #964, #1925, #274, .T. ) ;
#939 = EDGE_CURVE ( 'NONE', #464, #1424, #1091, .T. ) ;
#940 = CARTESIAN_POINT ( 'NONE',  ( -9.500000000000000000, 2.250000000000000000, 5.599999999999998800 ) ) ;
#941 = ORIENTED_EDGE ( 'NONE', *, *, #689, .T. ) ;
#942 = CARTESIAN_POINT ( 'NONE',  ( 3.649999999999995500, 0.5000000000000000000, 0.1499999999999999700 ) ) ;
#943 = ORIENTED_EDGE ( 'NONE', *, *, #577, .F. ) ;
#944 = CARTESIAN_POINT ( 'NONE',  ( -3.650000000000001200, -4.099999999999999600, 0.1499999999999999700 ) ) ;
#945 = DIRECTION ( 'NONE',  ( 1.000000000000000000, 0.0000000000000000000, 0.0000000000000000000 ) ) ;
#946 = CARTESIAN_POINT ( 'NONE',  ( -6.650000000000001200, -4.099999999999999600, -0.1499999999999999700 ) ) ;
#947 = VECTOR ( 'NONE', #1793, 1000.000000000000000 ) ;
#948 = DIRECTION ( 'NONE',  ( 1.000000000000000000, 0.0000000000000000000, 0.0000000000000000000 ) ) ;
#949 = DIRECTION ( 'NONE',  ( 0.0000000000000000000, -0.0000000000000000000, -1.000000000000000000 ) ) ;
#950 = VECTOR ( 'NONE', #1769, 1000.000000000000000 ) ;
#951 = DIRECTION ( 'NONE',  ( 1.000000000000000000, 0.0000000000000000000, 0.0000000000000000000 ) ) ;
#952 = LINE ( 'NONE', #1057, #41 ) ;
#953 = FILL_AREA_STYLE ('',( #801 ) ) ;
#954 = DIRECTION ( 'NONE',  ( 0.0000000000000000000, -0.0000000000000000000, -1.000000000000000000 ) ) ;
#955 = LINE ( 'NONE', #1362, #1899 ) ;
#956 = ORIENTED_EDGE ( 'NONE', *, *, #1090, .T. ) ;
#957 = ORIENTED_EDGE ( 'NONE', *, *, #888, .T. ) ;
#958 = DIRECTION ( 'NONE',  ( 0.0000000000000000000, 0.0000000000000000000, -1.000000000000000000 ) ) ;
#959 = DIRECTION ( 'NONE',  ( 0.0000000000000000000, 0.0000000000000000000, -1.000000000000000000 ) ) ;
#960 = ADVANCED_FACE ( 'NONE', ( #667 ), #933, .F. ) ;
#961 = CARTESIAN_POINT ( 'NONE',  ( 0.0000000000000000000, 0.0000000000000000000, 0.0000000000000000000 ) ) ;
#962 = VERTEX_POINT ( 'NONE', #899 ) ;
#963 = CARTESIAN_POINT ( 'NONE',  ( -10.90000000000000200, 0.0000000000000000000, -2.500000000000003100 ) ) ;
#964 = VERTEX_POINT ( 'NONE', #1675 ) ;
#965 = EDGE_CURVE ( 'NONE', #367, #1861, #809, .T. ) ;
#966 = ORIENTED_EDGE ( 'NONE', *, *, #790, .F. ) ;
#967 = DIRECTION ( 'NONE',  ( -0.0000000000000000000, -1.000000000000000000, -0.0000000000000000000 ) ) ;
#968 = DIRECTION ( 'NONE',  ( 1.000000000000000000, 0.0000000000000000000, 0.0000000000000000000 ) ) ;
#969 =( REPRESENTATION_RELATIONSHIP ('NONE','NONE', #673, #18 ) REPRESENTATION_RELATIONSHIP_WITH_TRANSFORMATION ( #1864 )SHAPE_REPRESENTATION_RELATIONSHIP( ) );
#970 = MECHANICAL_DESIGN_GEOMETRIC_PRESENTATION_REPRESENTATION (  '', ( #229 ), #1061 ) ;
#971 =( LENGTH_UNIT ( ) NAMED_UNIT ( * ) SI_UNIT ( .MILLI., .METRE. ) );
#972 = LINE ( 'NONE', #303, #1054 ) ;
#973 = LINE ( 'NONE', #812, #1913 ) ;
#974 = SURFACE_SIDE_STYLE ('',( #1277 ) ) ;
#975 = EDGE_CURVE ( 'NONE', #318, #96, #1337, .T. ) ;
#976 = LINE ( 'NONE', #70, #1117 ) ;
#977 = LINE ( 'NONE', #1094, #1183 ) ;
#978 = DIRECTION ( 'NONE',  ( -0.0000000000000000000, -0.0000000000000000000, 1.000000000000000000 ) ) ;
#979 = ORIENTED_EDGE ( 'NONE', *, *, #1776, .F. ) ;
#980 = DIRECTION ( 'NONE',  ( 1.000000000000000000, 0.0000000000000000000, 0.0000000000000000000 ) ) ;
#981 = CARTESIAN_POINT ( 'NONE',  ( -6.650000000000001200, 0.5000000000000000000, -0.1499999999999999700 ) ) ;
#982 = ORIENTED_EDGE ( 'NONE', *, *, #1671, .T. ) ;
#983 = CARTESIAN_POINT ( 'NONE',  ( 0.0000000000000000000, 0.5000000000000000000, 1.099999999999998800 ) ) ;
#984 = MECHANICAL_DESIGN_GEOMETRIC_PRESENTATION_REPRESENTATION (  '', ( #77 ), #1469 ) ;
#985 = VERTEX_POINT ( 'NONE', #1213 ) ;
#986 = CARTESIAN_POINT ( 'NONE',  ( 10.40000000000000200, 0.5000000000000000000, 5.699999999999999300 ) ) ;
#987 = EDGE_LOOP ( 'NONE', ( #1615, #27, #1616, #1828 ) ) ;
#988 = CLOSED_SHELL ( 'NONE', ( #1012, #1331, #960, #594, #205, #1612 ) ) ;
#989 = DIRECTION ( 'NONE',  ( 1.000000000000000000, 0.0000000000000000000, 0.0000000000000000000 ) ) ;
#990 = DIRECTION ( 'NONE',  ( 0.0000000000000000000, 0.0000000000000000000, -1.000000000000000000 ) ) ;
#991 = EDGE_LOOP ( 'NONE', ( #1129, #682, #223, #818 ) ) ;
#992 = EDGE_CURVE ( 'NONE', #596, #1390, #1039, .T. ) ;
#993 = AXIS2_PLACEMENT_3D ( 'NONE', #1909, #102, #869 ) ;
#994 = VECTOR ( 'NONE', #1075, 1000.000000000000000 ) ;
#995 = DIRECTION ( 'NONE',  ( -2.891205793294678200E-015, 0.0000000000000000000, 1.000000000000000000 ) ) ;
#996 = PLANE ( 'NONE',  #1 ) ;
#997 = ADVANCED_FACE ( 'NONE', ( #550, #1298 ), #316, .F. ) ;
#998 = DIRECTION ( 'NONE',  ( 0.0000000000000000000, -1.000000000000000000, 0.0000000000000000000 ) ) ;
#999 = VECTOR ( 'NONE', #908, 1000.000000000000000 ) ;
#1000 = EDGE_CURVE ( 'NONE', #1925, #149, #952, .T. ) ;
#1001 = LINE ( 'NONE', #189, #788 ) ;
#1002 = EDGE_CURVE ( 'NONE', #35, #1310, #1577, .T. ) ;
#1003 = VERTEX_POINT ( 'NONE', #166 ) ;
#1004 = ORIENTED_EDGE ( 'NONE', *, *, #693, .T. ) ;
#1005 = EDGE_LOOP ( 'NONE', ( #1106, #509, #863, #740 ) ) ;
#1006 = ADVANCED_FACE ( 'NONE', ( #1017 ), #778, .F. ) ;
#1007 = ORIENTED_EDGE ( 'NONE', *, *, #1306, .F. ) ;
#1008 = ORIENTED_EDGE ( 'NONE', *, *, #1033, .F. ) ;
#1009 = ORIENTED_EDGE ( 'NONE', *, *, #392, .T. ) ;
#1010 = DIRECTION ( 'NONE',  ( -2.891205793294679400E-015, 0.0000000000000000000, -1.000000000000000000 ) ) ;
#1011 = AXIS2_PLACEMENT_3D ( 'NONE', #1622, #1779, #751 ) ;
#1012 = ADVANCED_FACE ( 'NONE', ( #402 ), #617, .F. ) ;
#1013 = PLANE ( 'NONE',  #1192 ) ;
#1014 = FACE_OUTER_BOUND ( 'NONE', #251, .T. ) ;
#1015 = VECTOR ( 'NONE', #1729, 1000.000000000000000 ) ;
#1016 = CARTESIAN_POINT ( 'NONE',  ( -9.150000000000002100, 0.5000000000000000000, -0.1499999999999999700 ) ) ;
#1017 = FACE_OUTER_BOUND ( 'NONE', #1774, .T. ) ;
#1018 = DIRECTION ( 'NONE',  ( -1.000000000000000000, 0.0000000000000000000, -2.168404344971014500E-016 ) ) ;
#1019 = CIRCLE ( 'NONE', #1862, 0.5999999999999998700 ) ;
#1020 = ADVANCED_FACE ( 'NONE', ( #901 ), #1208, .T. ) ;
#1021 = CARTESIAN_POINT ( 'NONE',  ( 6.649999999999993200, -8.783095189484534200, 0.1500000000000000800 ) ) ;
#1022 = ORIENTED_EDGE ( 'NONE', *, *, #1490, .T. ) ;
#1023 = ORIENTED_EDGE ( 'NONE', *, *, #277, .T. ) ;
#1024 = ORIENTED_EDGE ( 'NONE', *, *, #213, .F. ) ;
#1025 = VERTEX_POINT ( 'NONE', #1504 ) ;
#1026 = DIRECTION ( 'NONE',  ( -0.0000000000000000000, -0.0000000000000000000, -1.000000000000000000 ) ) ;
#1027 = MANIFOLD_SOLID_BREP ( 'Pin 5', #988 ) ;
#1028 = ORIENTED_EDGE ( 'NONE', *, *, #1263, .T. ) ;
#1029 = ADVANCED_FACE ( 'NONE', ( #642 ), #144, .F. ) ;
#1030 = ORIENTED_EDGE ( 'NONE', *, *, #393, .T. ) ;
#1031 = CARTESIAN_POINT ( 'NONE',  ( 3.649999999999995000, -4.099999999999999600, -0.1499999999999999700 ) ) ;
#1032 = EDGE_CURVE ( 'NONE', #701, #1144, #732, .T. ) ;
#1033 = EDGE_CURVE ( 'NONE', #890, #1585, #1430, .T. ) ;
#1034 = LINE ( 'NONE', #935, #871 ) ;
#1035 = AXIS2_PLACEMENT_3D ( 'NONE', #1701, #1066, #501 ) ;
#1036 = SURFACE_STYLE_FILL_AREA ( #581 ) ;
#1037 = DIRECTION ( 'NONE',  ( -0.0000000000000000000, -0.0000000000000000000, 1.000000000000000000 ) ) ;
#1038 = CARTESIAN_POINT ( 'NONE',  ( 3.649999999999995500, -8.783095189484534200, 0.1499999999999999700 ) ) ;
#1039 = LINE ( 'NONE', #482, #855 ) ;
#1040 = PLANE ( 'NONE',  #704 ) ;
#1041 = VECTOR ( 'NONE', #1245, 1000.000000000000000 ) ;
#1042 = LINE ( 'NONE', #626, #1854 ) ;
#1043 =( NAMED_UNIT ( * ) SI_UNIT ( $, .STERADIAN. ) SOLID_ANGLE_UNIT ( ) );
#1044 = ORIENTED_EDGE ( 'NONE', *, *, #142, .T. ) ;
#1045 = CARTESIAN_POINT ( 'NONE',  ( -10.90000000000000200, 11.10000000000000000, 5.699999999999999300 ) ) ;
#1046 = AXIS2_PLACEMENT_3D ( 'NONE', #178, #1238, #1375 ) ;
#1047 = VERTEX_POINT ( 'NONE', #452 ) ;
#1048 = ADVANCED_FACE ( 'NONE', ( #529 ), #210, .T. ) ;
#1049 = ORIENTED_EDGE ( 'NONE', *, *, #72, .T. ) ;
#1050 = DIRECTION ( 'NONE',  ( -0.0000000000000000000, -0.0000000000000000000, 1.000000000000000000 ) ) ;
#1051 = DIRECTION ( 'NONE',  ( 1.156482317317871800E-014, 0.0000000000000000000, -1.000000000000000000 ) ) ;
#1052 = ORIENTED_EDGE ( 'NONE', *, *, #117, .T. ) ;
#1053 = ORIENTED_EDGE ( 'NONE', *, *, #1190, .F. ) ;
#1054 = VECTOR ( 'NONE', #1224, 1000.000000000000000 ) ;
#1055 = AXIS2_PLACEMENT_3D ( 'NONE', #931, #1242, #1079 ) ;
#1056 = VECTOR ( 'NONE', #455, 1000.000000000000000 ) ;
#1057 = CARTESIAN_POINT ( 'NONE',  ( 3.649999999999995500, 0.5000000000000000000, 0.1499999999999999700 ) ) ;
#1058 = DIRECTION ( 'NONE',  ( -1.000000000000000000, 0.0000000000000000000, -0.0000000000000000000 ) ) ;
#1059 = VECTOR ( 'NONE', #1312, 1000.000000000000000 ) ;
#1060 = DIRECTION ( 'NONE',  ( -0.0000000000000000000, 0.0000000000000000000, 1.000000000000000000 ) ) ;
#1061 =( GEOMETRIC_REPRESENTATION_CONTEXT ( 3 ) GLOBAL_UNCERTAINTY_ASSIGNED_CONTEXT ( ( #351 ) ) GLOBAL_UNIT_ASSIGNED_CONTEXT ( ( #1401, #1119, #1865 ) ) REPRESENTATION_CONTEXT ( 'NONE', 'WORKASPACE' ) );
#1062 = FACE_OUTER_BOUND ( 'NONE', #1005, .T. ) ;
#1063 = CARTESIAN_POINT ( 'NONE',  ( -9.150000000000002100, -8.783095189484534200, -0.1499999999999999700 ) ) ;
#1064 =( LENGTH_UNIT ( ) NAMED_UNIT ( * ) SI_UNIT ( .MILLI., .METRE. ) );
#1065 = LINE ( 'NONE', #807, #880 ) ;
#1066 = DIRECTION ( 'NONE',  ( 0.0000000000000000000, 0.0000000000000000000, -1.000000000000000000 ) ) ;
#1067 = ORIENTED_EDGE ( 'NONE', *, *, #1297, .F. ) ;
#1068 = EDGE_CURVE ( 'NONE', #655, #434, #421, .T. ) ;
#1069 = DIRECTION ( 'NONE',  ( 0.0000000000000000000, -0.0000000000000000000, -1.000000000000000000 ) ) ;
#1070 = ORIENTED_EDGE ( 'NONE', *, *, #729, .F. ) ;
#1071 = EDGE_LOOP ( 'NONE', ( #824, #1755, #1660, #219 ) ) ;
#1072 = DIRECTION ( 'NONE',  ( -2.891205793294679400E-015, 0.0000000000000000000, -1.000000000000000000 ) ) ;
#1073 = FILL_AREA_STYLE ('',( #779 ) ) ;
#1074 = AXIS2_PLACEMENT_3D ( 'NONE', #610, #920, #472 ) ;
#1075 = DIRECTION ( 'NONE',  ( -0.0000000000000000000, 1.000000000000000000, -0.0000000000000000000 ) ) ;
#1076 = ORIENTED_EDGE ( 'NONE', *, *, #1600, .F. ) ;
#1077 = DIRECTION ( 'NONE',  ( 0.0000000000000000000, 0.0000000000000000000, -1.000000000000000000 ) ) ;
#1078 = EDGE_LOOP ( 'NONE', ( #1458, #1422, #246, #721 ) ) ;
#1079 = DIRECTION ( 'NONE',  ( -2.312964634635742600E-014, 0.0000000000000000000, 1.000000000000000000 ) ) ;
#1080 = ORIENTED_EDGE ( 'NONE', *, *, #926, .T. ) ;
#1081 = CARTESIAN_POINT ( 'NONE',  ( 10.89999999999999900, 0.5000000000000000000, -2.500000000000003100 ) ) ;
#1082 = DIRECTION ( 'NONE',  ( -0.0000000000000000000, -1.000000000000000000, -0.0000000000000000000 ) ) ;
#1083 = PLANE ( 'NONE',  #1035 ) ;
#1084 = VECTOR ( 'NONE', #882, 1000.000000000000000 ) ;
#1085 = CARTESIAN_POINT ( 'NONE',  ( 10.40000000000000200, 0.0000000000000000000, 4.699999999999999300 ) ) ;
#1086 = LINE ( 'NONE', #1586, #1015 ) ;
#1087 =( GEOMETRIC_REPRESENTATION_CONTEXT ( 3 ) GLOBAL_UNCERTAINTY_ASSIGNED_CONTEXT ( ( #616 ) ) GLOBAL_UNIT_ASSIGNED_CONTEXT ( ( #971, #695, #670 ) ) REPRESENTATION_CONTEXT ( 'NONE', 'WORKASPACE' ) );
#1088 = CARTESIAN_POINT ( 'NONE',  ( -8.300000000000000700, 2.250000000000000000, 5.599999999999998800 ) ) ;
#1089 = CARTESIAN_POINT ( 'NONE',  ( 6.149999999999995000, -4.099999999999999600, 0.1499999999999999700 ) ) ;
#1090 = EDGE_CURVE ( 'NONE', #765, #1925, #1549, .T. ) ;
#1091 = LINE ( 'NONE', #588, #1702 ) ;
#1092 = VECTOR ( 'NONE', #1511, 1000.000000000000000 ) ;
#1093 =( NAMED_UNIT ( * ) SI_UNIT ( $, .STERADIAN. ) SOLID_ANGLE_UNIT ( ) );
#1094 = CARTESIAN_POINT ( 'NONE',  ( 0.0000000000000000000, 0.0000000000000000000, -2.500000000000003100 ) ) ;
#1095 = VERTEX_POINT ( 'NONE', #1088 ) ;
#1096 = PLANE ( 'NONE',  #1505 ) ;
#1097 = EDGE_LOOP ( 'NONE', ( #1970, #291, #1193, #1417 ) ) ;
#1098 = EDGE_CURVE ( 'NONE', #892, #1305, #1207, .T. ) ;
#1099 = EDGE_CURVE ( 'NONE', #1003, #793, #1893, .T. ) ;
#1100 = ORIENTED_EDGE ( 'NONE', *, *, #537, .F. ) ;
#1101 = ORIENTED_EDGE ( 'NONE', *, *, #240, .F. ) ;
#1102 = CARTESIAN_POINT ( 'NONE',  ( 0.0000000000000000000, 0.5000000000000000000, -2.500000000000003100 ) ) ;
#1103 = DIRECTION ( 'NONE',  ( 1.000000000000000000, 0.0000000000000000000, 0.0000000000000000000 ) ) ;
#1104 = PRESENTATION_LAYER_ASSIGNMENT (  '', '', ( #229 ) ) ;
#1105 = ORIENTED_EDGE ( 'NONE', *, *, #719, .T. ) ;
#1106 = ORIENTED_EDGE ( 'NONE', *, *, #1141, .F. ) ;
#1107 = DIRECTION ( 'NONE',  ( -0.0000000000000000000, -0.0000000000000000000, -1.000000000000000000 ) ) ;
#1108 = SHAPE_DEFINITION_REPRESENTATION ( #1593, #18 ) ;
#1109 = CARTESIAN_POINT ( 'NONE',  ( -3.650000000000001200, -4.099999999999999600, -0.1499999999999999700 ) ) ;
#1110 = CARTESIAN_POINT ( 'NONE',  ( -6.150000000000001200, -8.783095189484534200, 0.1499999999999999700 ) ) ;
#1111 =( NAMED_UNIT ( * ) PLANE_ANGLE_UNIT ( ) SI_UNIT ( $, .RADIAN. ) );
#1112 = FACE_OUTER_BOUND ( 'NONE', #244, .T. ) ;
#1113 = CARTESIAN_POINT ( 'NONE',  ( -8.650000000000002100, -4.099999999999999600, 0.1499999999999999700 ) ) ;
#1114 = AXIS2_PLACEMENT_3D ( 'NONE', #1325, #745, #1468 ) ;
#1115 = CARTESIAN_POINT ( 'NONE',  ( 10.89999999999999900, 11.10000000000000000, 5.699999999999999300 ) ) ;
#1116 = DIRECTION ( 'NONE',  ( 0.0000000000000000000, 0.0000000000000000000, 1.000000000000000000 ) ) ;
#1117 = VECTOR ( 'NONE', #212, 1000.000000000000000 ) ;
#1118 = ADVANCED_FACE ( 'NONE', ( #354 ), #1554, .F. ) ;
#1119 =( NAMED_UNIT ( * ) PLANE_ANGLE_UNIT ( ) SI_UNIT ( $, .RADIAN. ) );
#1120 = DIRECTION ( 'NONE',  ( -1.000000000000000000, -0.0000000000000000000, -0.0000000000000000000 ) ) ;
#1121 = VECTOR ( 'NONE', #1133, 1000.000000000000000 ) ;
#1122 = ORIENTED_EDGE ( 'NONE', *, *, #423, .T. ) ;
#1123 = EDGE_LOOP ( 'NONE', ( #1004, #364, #1100, #1761 ) ) ;
#1124 = CARTESIAN_POINT ( 'NONE',  ( 3.649999999999995500, -8.783095189484534200, 0.1499999999999999700 ) ) ;
#1125 = CARTESIAN_POINT ( 'NONE',  ( -4.150000000000002100, -4.099999999999999600, 0.1499999999999999700 ) ) ;
#1126 = FILL_AREA_STYLE ('',( #1261 ) ) ;
#1127 = EDGE_LOOP ( 'NONE', ( #1324, #1212, #1220, #56 ) ) ;
#1128 = DIRECTION ( 'NONE',  ( -1.000000000000000000, 0.0000000000000000000, 0.0000000000000000000 ) ) ;
#1129 = ORIENTED_EDGE ( 'NONE', *, *, #1360, .F. ) ;
#1130 = EDGE_CURVE ( 'NONE', #511, #1266, #1182, .T. ) ;
#1131 = ORIENTED_EDGE ( 'NONE', *, *, #1402, .T. ) ;
#1132 = CARTESIAN_POINT ( 'NONE',  ( -8.650000000000002100, -8.783095189484534200, -0.1499999999999999700 ) ) ;
#1133 = DIRECTION ( 'NONE',  ( 0.0000000000000000000, 0.0000000000000000000, -1.000000000000000000 ) ) ;
#1134 = ORIENTED_EDGE ( 'NONE', *, *, #1201, .F. ) ;
#1135 = DIRECTION ( 'NONE',  ( 0.0000000000000000000, 0.0000000000000000000, 1.000000000000000000 ) ) ;
#1136 = STYLED_ITEM ( 'NONE', ( #1790 ), #1291 ) ;
#1137 = DIRECTION ( 'NONE',  ( 0.0000000000000000000, 0.0000000000000000000, 1.000000000000000000 ) ) ;
#1138 = VECTOR ( 'NONE', #1961, 1000.000000000000000 ) ;
#1139 = DIRECTION ( 'NONE',  ( -1.445602896647339700E-015, 0.0000000000000000000, -1.000000000000000000 ) ) ;
#1140 = VECTOR ( 'NONE', #1018, 1000.000000000000000 ) ;
#1141 = EDGE_CURVE ( 'NONE', #797, #1165, #235, .T. ) ;
#1142 = LINE ( 'NONE', #231, #530 ) ;
#1143 = AXIS2_PLACEMENT_3D ( 'NONE', #774, #620, #485 ) ;
#1144 = VERTEX_POINT ( 'NONE', #1849 ) ;
#1145 = CLOSED_SHELL ( 'NONE', ( #1158, #280, #257, #1006 ) ) ;
#1146 = ORIENTED_EDGE ( 'NONE', *, *, #1428, .T. ) ;
#1147 = SURFACE_SIDE_STYLE ('',( #133 ) ) ;
#1148 = EDGE_LOOP ( 'NONE', ( #481, #1363, #705, #1972 ) ) ;
#1149 = ORIENTED_EDGE ( 'NONE', *, *, #1098, .T. ) ;
#1150 = CARTESIAN_POINT ( 'NONE',  ( 0.0000000000000000000, 0.0000000000000000000, -2.500000000000003100 ) ) ;
#1151 = MANIFOLD_SOLID_BREP ( 'Pin 7', #28 ) ;
#1152 = ADVANCED_FACE ( 'NONE', ( #548 ), #491, .F. ) ;
#1153 = CARTESIAN_POINT ( 'NONE',  ( -8.300000000000000700, 2.250000000000000000, 5.599999999999998800 ) ) ;
#1154 = LINE ( 'NONE', #441, #256 ) ;
#1155 = VECTOR ( 'NONE', #1258, 1000.000000000000000 ) ;
#1156 = CARTESIAN_POINT ( 'NONE',  ( -10.40000000000000200, 0.0000000000000000000, 4.699999999999999300 ) ) ;
#1157 = VECTOR ( 'NONE', #1340, 1000.000000000000000 ) ;
#1158 = ADVANCED_FACE ( 'NONE', ( #876 ), #1295, .T. ) ;
#1159 = CARTESIAN_POINT ( 'NONE',  ( -9.150000000000002100, -8.783095189484534200, 0.1499999999999999700 ) ) ;
#1160 = LINE ( 'NONE', #651, #810 ) ;
#1161 = EDGE_CURVE ( 'NONE', #79, #892, #473, .T. ) ;
#1162 = LINE ( 'NONE', #161, #1476 ) ;
#1163 = VERTEX_POINT ( 'NONE', #654 ) ;
#1164 = STYLED_ITEM ( 'NONE', ( #921 ), #1756 ) ;
#1165 = VERTEX_POINT ( 'NONE', #1109 ) ;
#1166 = ORIENTED_EDGE ( 'NONE', *, *, #320, .T. ) ;
#1167 = ADVANCED_FACE ( 'NONE', ( #711 ), #338, .F. ) ;
#1168 = EDGE_LOOP ( 'NONE', ( #61, #1948, #574, #1652 ) ) ;
#1169 = CARTESIAN_POINT ( 'NONE',  ( 3.649999999999995500, -4.099999999999999600, 0.1499999999999999700 ) ) ;
#1170 = CLOSED_SHELL ( 'NONE', ( #1550, #907, #1453, #1152, #743, #1189 ) ) ;
#1171 = ORIENTED_EDGE ( 'NONE', *, *, #224, .F. ) ;
#1172 = CARTESIAN_POINT ( 'NONE',  ( 10.89999999999999900, 0.0000000000000000000, 5.699999999999999300 ) ) ;
#1173 = ORIENTED_EDGE ( 'NONE', *, *, #497, .F. ) ;
#1174 = UNCERTAINTY_MEASURE_WITH_UNIT (LENGTH_MEASURE( 1.000000000000000100E-005 ), #1629, 'distance_accuracy_value', 'NONE');
#1175 = AXIS2_PLACEMENT_3D ( 'NONE', #628, #15, #794 ) ;
#1176 = CARTESIAN_POINT ( 'NONE',  ( 10.89999999999999900, 11.10000000000000000, 5.699999999999999300 ) ) ;
#1177 = FACE_OUTER_BOUND ( 'NONE', #987, .T. ) ;
#1178 = ADVANCED_FACE ( 'NONE', ( #136 ), #1378, .F. ) ;
#1179 = FACE_OUTER_BOUND ( 'NONE', #685, .T. ) ;
#1180 = DIRECTION ( 'NONE',  ( 1.000000000000000000, 0.0000000000000000000, 0.0000000000000000000 ) ) ;
#1181 = AXIS2_PLACEMENT_3D ( 'NONE', #429, #1206, #1787 ) ;
#1182 = LINE ( 'NONE', #31, #1645 ) ;
#1183 = VECTOR ( 'NONE', #493, 1000.000000000000000 ) ;
#1184 = DIRECTION ( 'NONE',  ( 0.0000000000000000000, 0.0000000000000000000, -1.000000000000000000 ) ) ;
#1185 = MECHANICAL_DESIGN_GEOMETRIC_PRESENTATION_REPRESENTATION (  '', ( #568 ), #1087 ) ;
#1186 = FACE_OUTER_BOUND ( 'NONE', #1922, .T. ) ;
#1187 = DIRECTION ( 'NONE',  ( 2.168404344971014500E-016, 0.0000000000000000000, -1.000000000000000000 ) ) ;
#1188 = ORIENTED_EDGE ( 'NONE', *, *, #1450, .F. ) ;
#1189 = ADVANCED_FACE ( 'NONE', ( #39 ), #74, .T. ) ;
#1190 = EDGE_CURVE ( 'NONE', #1163, #1631, #113, .T. ) ;
#1191 = SURFACE_SIDE_STYLE ('',( #1036 ) ) ;
#1192 = AXIS2_PLACEMENT_3D ( 'NONE', #268, #1931, #1917 ) ;
#1193 = ORIENTED_EDGE ( 'NONE', *, *, #1297, .T. ) ;
#1194 = ORIENTED_EDGE ( 'NONE', *, *, #84, .F. ) ;
#1195 = CARTESIAN_POINT ( 'NONE',  ( 6.149999999999995000, -8.783095189484534200, 0.1499999999999999700 ) ) ;
#1196 = VERTEX_POINT ( 'NONE', #986 ) ;
#1197 = CARTESIAN_POINT ( 'NONE',  ( 1.149999999999995500, -8.783095189484534200, 0.1499999999999999700 ) ) ;
#1198 = ORIENTED_EDGE ( 'NONE', *, *, #1634, .F. ) ;
#1199 = DIRECTION ( 'NONE',  ( -1.000000000000000000, 0.0000000000000000000, -0.0000000000000000000 ) ) ;
#1200 = EDGE_CURVE ( 'NONE', #434, #1350, #1624, .T. ) ;
#1201 = EDGE_CURVE ( 'NONE', #630, #98, #527, .T. ) ;
#1202 = ADVANCED_FACE ( 'NONE', ( #1499 ), #59, .F. ) ;
#1203 = PLANE ( 'NONE',  #1614 ) ;
#1204 = LINE ( 'NONE', #324, #131 ) ;
#1205 = DIRECTION ( 'NONE',  ( 0.0000000000000000000, 0.0000000000000000000, -1.000000000000000000 ) ) ;
#1206 = DIRECTION ( 'NONE',  ( 0.0000000000000000000, -1.000000000000000000, 0.0000000000000000000 ) ) ;
#1207 = LINE ( 'NONE', #1250, #782 ) ;
#1208 = PLANE ( 'NONE',  #1898 ) ;
#1209 = LINE ( 'NONE', #1016, #903 ) ;
#1210 = CIRCLE ( 'NONE', #94, 0.5999999999999998700 ) ;
#1211 = DIRECTION ( 'NONE',  ( 0.0000000000000000000, -0.0000000000000000000, -1.000000000000000000 ) ) ;
#1212 = ORIENTED_EDGE ( 'NONE', *, *, #965, .T. ) ;
#1213 = CARTESIAN_POINT ( 'NONE',  ( 10.40000000000000200, 0.5000000000000000000, -2.500000000000003100 ) ) ;
#1214 = AXIS2_PLACEMENT_3D ( 'NONE', #38, #1116, #968 ) ;
#1215 = ORIENTED_EDGE ( 'NONE', *, *, #306, .T. ) ;
#1216 = CARTESIAN_POINT ( 'NONE',  ( 8.649999999999995000, -4.099999999999999600, 0.1499999999999999700 ) ) ;
#1217 = EDGE_LOOP ( 'NONE', ( #1171, #598, #127, #1810 ) ) ;
#1218 = DIRECTION ( 'NONE',  ( -0.0000000000000000000, 1.000000000000000000, -0.0000000000000000000 ) ) ;
#1219 = DIRECTION ( 'NONE',  ( 0.0000000000000000000, 0.0000000000000000000, 1.000000000000000000 ) ) ;
#1220 = ORIENTED_EDGE ( 'NONE', *, *, #699, .T. ) ;
#1221 =( NAMED_UNIT ( * ) SI_UNIT ( $, .STERADIAN. ) SOLID_ANGLE_UNIT ( ) );
#1222 = EDGE_LOOP ( 'NONE', ( #1122, #1413, #796, #1346 ) ) ;
#1223 = PLANE ( 'NONE',  #1733 ) ;
#1224 = DIRECTION ( 'NONE',  ( -0.0000000000000000000, 1.000000000000000000, -0.0000000000000000000 ) ) ;
#1225 = EDGE_LOOP ( 'NONE', ( #227, #198, #1166, #1134 ) ) ;
#1226 = DIRECTION ( 'NONE',  ( -1.000000000000000000, 0.0000000000000000000, 0.0000000000000000000 ) ) ;
#1227 = DIRECTION ( 'NONE',  ( 0.0000000000000000000, 0.0000000000000000000, -1.000000000000000000 ) ) ;
#1228 = STYLED_ITEM ( 'NONE', ( #241 ), #180 ) ;
#1229 = VECTOR ( 'NONE', #1218, 1000.000000000000000 ) ;
#1230 = CARTESIAN_POINT ( 'NONE',  ( 0.0000000000000000000, 0.0000000000000000000, 1.099999999999998800 ) ) ;
#1231 = DIRECTION ( 'NONE',  ( -0.0000000000000000000, -0.0000000000000000000, 1.000000000000000000 ) ) ;
#1232 = VECTOR ( 'NONE', #683, 1000.000000000000000 ) ;
#1233 = DIRECTION ( 'NONE',  ( -1.000000000000000000, 0.0000000000000000000, -0.0000000000000000000 ) ) ;
#1234 = AXIS2_PLACEMENT_3D ( 'NONE', #1364, #927, #1519 ) ;
#1235 = DIRECTION ( 'NONE',  ( -1.445602896647339700E-015, 0.0000000000000000000, -1.000000000000000000 ) ) ;
#1236 = DIRECTION ( 'NONE',  ( -0.0000000000000000000, 1.000000000000000000, -0.0000000000000000000 ) ) ;
#1237 = VECTOR ( 'NONE', #804, 1000.000000000000000 ) ;
#1238 = DIRECTION ( 'NONE',  ( 0.0000000000000000000, 0.0000000000000000000, 1.000000000000000000 ) ) ;
#1239 = LINE ( 'NONE', #331, #1942 ) ;
#1240 = EDGE_CURVE ( 'NONE', #767, #511, #585, .T. ) ;
#1241 = ORIENTED_EDGE ( 'NONE', *, *, #187, .F. ) ;
#1242 = DIRECTION ( 'NONE',  ( -1.000000000000000000, 0.0000000000000000000, -2.312964634635742600E-014 ) ) ;
#1243 = ORIENTED_EDGE ( 'NONE', *, *, #1522, .F. ) ;
#1244 = DIRECTION ( 'NONE',  ( 1.000000000000000000, 0.0000000000000000000, 0.0000000000000000000 ) ) ;
#1245 = DIRECTION ( 'NONE',  ( -0.0000000000000000000, -1.000000000000000000, -0.0000000000000000000 ) ) ;
#1246 = CARTESIAN_POINT ( 'NONE',  ( 1.149999999999995200, 0.5000000000000000000, -0.1499999999999999700 ) ) ;
#1247 =( GEOMETRIC_REPRESENTATION_CONTEXT ( 3 ) GLOBAL_UNCERTAINTY_ASSIGNED_CONTEXT ( ( #590 ) ) GLOBAL_UNIT_ASSIGNED_CONTEXT ( ( #1557, #1718, #816 ) ) REPRESENTATION_CONTEXT ( 'NONE', 'WORKASPACE' ) );
#1248 = VERTEX_POINT ( 'NONE', #387 ) ;
#1249 = ORIENTED_EDGE ( 'NONE', *, *, #1161, .F. ) ;
#1250 = CARTESIAN_POINT ( 'NONE',  ( 0.0000000000000000000, 0.5000000000000000000, -3.500000000000000400 ) ) ;
#1251 = DIRECTION ( 'NONE',  ( 0.0000000000000000000, 0.0000000000000000000, -1.000000000000000000 ) ) ;
#1252 = COLOUR_RGB ( '',0.7921568627450980000, 0.8196078431372548800, 0.9333333333333333500 ) ;
#1253 = VECTOR ( 'NONE', #147, 1000.000000000000000 ) ;
#1254 = AXIS2_PLACEMENT_3D ( 'NONE', #152, #1826, #1971 ) ;
#1255 = PRESENTATION_STYLE_ASSIGNMENT (( #1391 ) ) ;
#1256 = CARTESIAN_POINT ( 'NONE',  ( -10.90000000000000200, 11.10000000000000000, 5.699999999999999300 ) ) ;
#1257 = LINE ( 'NONE', #217, #1772 ) ;
#1258 = DIRECTION ( 'NONE',  ( -0.0000000000000000000, -1.000000000000000000, -0.0000000000000000000 ) ) ;
#1259 = PLANE ( 'NONE',  #849 ) ;
#1260 = VERTEX_POINT ( 'NONE', #215 ) ;
#1261 = FILL_AREA_STYLE_COLOUR ( '', #372 ) ;
#1262 = ORIENTED_EDGE ( 'NONE', *, *, #1388, .T. ) ;
#1263 = EDGE_CURVE ( 'NONE', #1836, #701, #1768, .T. ) ;
#1264 = ORIENTED_EDGE ( 'NONE', *, *, #1902, .T. ) ;
#1265 = ORIENTED_EDGE ( 'NONE', *, *, #415, .T. ) ;
#1266 = VERTEX_POINT ( 'NONE', #1270 ) ;
#1267 = DIRECTION ( 'NONE',  ( -1.000000000000000000, 0.0000000000000000000, -2.168404344971013600E-016 ) ) ;
#1268 = ORIENTED_EDGE ( 'NONE', *, *, #1330, .T. ) ;
#1269 = VECTOR ( 'NONE', #780, 1000.000000000000000 ) ;
#1270 = CARTESIAN_POINT ( 'NONE',  ( -6.150000000000001200, 0.5000000000000000000, -0.1499999999999999700 ) ) ;
#1271 =( LENGTH_UNIT ( ) NAMED_UNIT ( * ) SI_UNIT ( .MILLI., .METRE. ) );
#1272 = VECTOR ( 'NONE', #1226, 1000.000000000000000 ) ;
#1273 = CARTESIAN_POINT ( 'NONE',  ( 0.0000000000000000000, 0.5000000000000000000, -2.500000000000003100 ) ) ;
#1274 = FACE_OUTER_BOUND ( 'NONE', #707, .T. ) ;
#1275 = DIRECTION ( 'NONE',  ( 1.000000000000000000, 0.0000000000000000000, 0.0000000000000000000 ) ) ;
#1276 = DIRECTION ( 'NONE',  ( 0.0000000000000000000, 0.0000000000000000000, 1.000000000000000000 ) ) ;
#1277 = SURFACE_STYLE_FILL_AREA ( #376 ) ;
#1278 = CARTESIAN_POINT ( 'NONE',  ( 6.149999999999994100, -8.783095189484534200, -0.1499999999999999700 ) ) ;
#1279 = AXIS2_PLACEMENT_3D ( 'NONE', #1282, #1894, #378 ) ;
#1280 = FACE_OUTER_BOUND ( 'NONE', #1071, .T. ) ;
#1281 = ORIENTED_EDGE ( 'NONE', *, *, #1777, .F. ) ;
#1282 = CARTESIAN_POINT ( 'NONE',  ( 0.0000000000000000000, 0.5000000000000000000, 1.099999999999998800 ) ) ;
#1283 = EDGE_LOOP ( 'NONE', ( #1480, #738, #1436, #1690 ) ) ;
#1284 = ORIENTED_EDGE ( 'NONE', *, *, #1161, .T. ) ;
#1285 = STYLED_ITEM ( 'NONE', ( #139 ), #660 ) ;
#1286 = ORIENTED_EDGE ( 'NONE', *, *, #965, .F. ) ;
#1287 = EDGE_CURVE ( 'NONE', #85, #698, #692, .T. ) ;
#1288 = ORIENTED_EDGE ( 'NONE', *, *, #1571, .T. ) ;
#1289 = MECHANICAL_DESIGN_GEOMETRIC_PRESENTATION_REPRESENTATION (  '', ( #1589 ), #749 ) ;
#1290 = SURFACE_STYLE_USAGE ( .BOTH. , #105 ) ;
#1291 = MANIFOLD_SOLID_BREP ( 'Pin 1 Mark', #1145 ) ;
#1292 = LINE ( 'NONE', #1246, #443 ) ;
#1293 = CARTESIAN_POINT ( 'NONE',  ( 0.0000000000000000000, -4.099999999999999600, 1.099999999999998800 ) ) ;
#1294 = VECTOR ( 'NONE', #396, 1000.000000000000000 ) ;
#1295 = CYLINDRICAL_SURFACE ( 'NONE', #551, 0.5999999999999998700 ) ;
#1296 = EDGE_CURVE ( 'NONE', #1967, #765, #1086, .T. ) ;
#1297 = EDGE_CURVE ( 'NONE', #655, #1650, #730, .T. ) ;
#1298 = FACE_OUTER_BOUND ( 'NONE', #226, .T. ) ;
#1299 = DIRECTION ( 'NONE',  ( 0.0000000000000000000, 0.0000000000000000000, -1.000000000000000000 ) ) ;
#1300 = EDGE_LOOP ( 'NONE', ( #495, #1928, #315, #601 ) ) ;
#1301 = DIRECTION ( 'NONE',  ( 1.000000000000000000, 0.0000000000000000000, 0.0000000000000000000 ) ) ;
#1302 = EDGE_LOOP ( 'NONE', ( #1654, #562, #362, #1689 ) ) ;
#1303 = EDGE_LOOP ( 'NONE', ( #800, #1883, #371, #1478 ) ) ;
#1304 = ADVANCED_FACE ( 'NONE', ( #1274 ), #66, .T. ) ;
#1305 = VERTEX_POINT ( 'NONE', #827 ) ;
#1306 = EDGE_CURVE ( 'NONE', #868, #1144, #1448, .T. ) ;
#1307 = ORIENTED_EDGE ( 'NONE', *, *, #276, .F. ) ;
#1308 = CARTESIAN_POINT ( 'NONE',  ( -8.900000000000000400, 2.250000000000000000, 5.699999999999999300 ) ) ;
#1309 = ORIENTED_EDGE ( 'NONE', *, *, #225, .T. ) ;
#1310 = VERTEX_POINT ( 'NONE', #1882 ) ;
#1311 = AXIS2_PLACEMENT_3D ( 'NONE', #1308, #1449, #563 ) ;
#1312 = DIRECTION ( 'NONE',  ( -7.228014483236698500E-016, 0.0000000000000000000, -1.000000000000000000 ) ) ;
#1313 = LINE ( 'NONE', #1089, #349 ) ;
#1314 = FILL_AREA_STYLE ('',( #718 ) ) ;
#1315 = VECTOR ( 'NONE', #1275, 1000.000000000000000 ) ;
#1316 = CARTESIAN_POINT ( 'NONE',  ( 3.649999999999995000, -4.099999999999999600, -0.1499999999999999700 ) ) ;
#1317 = LINE ( 'NONE', #1765, #1474 ) ;
#1318 = VECTOR ( 'NONE', #843, 1000.000000000000000 ) ;
#1319 = EDGE_CURVE ( 'NONE', #1095, #124, #1727, .T. ) ;
#1320 = LINE ( 'NONE', #1394, #1237 ) ;
#1321 = ADVANCED_FACE ( 'NONE', ( #13 ), #228, .F. ) ;
#1322 = FACE_OUTER_BOUND ( 'NONE', #32, .T. ) ;
#1323 = CARTESIAN_POINT ( 'NONE',  ( 4.149999999999994100, 0.5000000000000000000, 0.1500000000000000800 ) ) ;
#1324 = ORIENTED_EDGE ( 'NONE', *, *, #1635, .F. ) ;
#1325 = CARTESIAN_POINT ( 'NONE',  ( -10.40000000000000200, 0.5000000000000000000, 1.099999999999998800 ) ) ;
#1326 = ORIENTED_EDGE ( 'NONE', *, *, #798, .T. ) ;
#1327 = VERTEX_POINT ( 'NONE', #411 ) ;
#1328 = DIRECTION ( 'NONE',  ( 0.0000000000000000000, -1.000000000000000000, 0.0000000000000000000 ) ) ;
#1329 = ORIENTED_EDGE ( 'NONE', *, *, #859, .F. ) ;
#1330 = EDGE_CURVE ( 'NONE', #1778, #85, #781, .T. ) ;
#1331 = ADVANCED_FACE ( 'NONE', ( #547 ), #90, .F. ) ;
#1332 = PLANE ( 'NONE',  #232 ) ;
#1333 = LINE ( 'NONE', #688, #1666 ) ;
#1334 = CARTESIAN_POINT ( 'NONE',  ( -10.90000000000000200, 11.10000000000000000, 5.699999999999999300 ) ) ;
#1335 = SURFACE_STYLE_FILL_AREA ( #953 ) ;
#1336 = ADVANCED_FACE ( 'NONE', ( #1179 ), #1013, .F. ) ;
#1337 = LINE ( 'NONE', #1668, #1432 ) ;
#1338 = CARTESIAN_POINT ( 'NONE',  ( -10.40000000000000200, 0.5000000000000000000, -2.500000000000003100 ) ) ;
#1339 = VECTOR ( 'NONE', #221, 1000.000000000000000 ) ;
#1340 = DIRECTION ( 'NONE',  ( -2.312964634635742600E-014, 0.0000000000000000000, 1.000000000000000000 ) ) ;
#1341 = AXIS2_PLACEMENT_3D ( 'NONE', #1637, #1026, #1180 ) ;
#1342 = PLANE ( 'NONE',  #1465 ) ;
#1343 = ORIENTED_EDGE ( 'NONE', *, *, #1330, .F. ) ;
#1344 = CARTESIAN_POINT ( 'NONE',  ( -10.90000000000000200, 0.0000000000000000000, 5.699999999999999300 ) ) ;
#1345 = VERTEX_POINT ( 'NONE', #1153 ) ;
#1346 = ORIENTED_EDGE ( 'NONE', *, *, #34, .T. ) ;
#1347 = DIRECTION ( 'NONE',  ( -1.000000000000000000, 0.0000000000000000000, -2.891205793294678200E-015 ) ) ;
#1348 = PLANE ( 'NONE',  #803 ) ;
#1349 = VERTEX_POINT ( 'NONE', #1446 ) ;
#1350 = VERTEX_POINT ( 'NONE', #1156 ) ;
#1351 = PLANE ( 'NONE',  #1903 ) ;
#1352 = CARTESIAN_POINT ( 'NONE',  ( 1.649999999999994400, -8.783095189484534200, 0.1500000000000000800 ) ) ;
#1353 = EDGE_CURVE ( 'NONE', #793, #1656, #1574, .T. ) ;
#1354 = DIRECTION ( 'NONE',  ( 1.000000000000000000, 0.0000000000000000000, 0.0000000000000000000 ) ) ;
#1355 = AXIS2_PLACEMENT_3D ( 'NONE', #1877, #686, #1103 ) ;
#1356 = FACE_OUTER_BOUND ( 'NONE', #1283, .T. ) ;
#1357 = CARTESIAN_POINT ( 'NONE',  ( 0.0000000000000000000, 0.5000000000000000000, 1.099999999999998800 ) ) ;
#1358 = LINE ( 'NONE', #515, #856 ) ;
#1359 = PLANE ( 'NONE',  #1878 ) ;
#1360 = EDGE_CURVE ( 'NONE', #1812, #554, #163, .T. ) ;
#1361 = FACE_OUTER_BOUND ( 'NONE', #1225, .T. ) ;
#1362 = CARTESIAN_POINT ( 'NONE',  ( -8.300000000000000700, 2.250000000000000000, 3.902943725152285400 ) ) ;
#1363 = ORIENTED_EDGE ( 'NONE', *, *, #40, .T. ) ;
#1364 = CARTESIAN_POINT ( 'NONE',  ( 0.0000000000000000000, 0.5000000000000000000, 1.099999999999998800 ) ) ;
#1365 = CARTESIAN_POINT ( 'NONE',  ( -8.900000000000000400, 2.250000000000000000, 5.699999999999999300 ) ) ;
#1366 = ORIENTED_EDGE ( 'NONE', *, *, #185, .F. ) ;
#1367 = DIRECTION ( 'NONE',  ( -0.0000000000000000000, -1.000000000000000000, -0.0000000000000000000 ) ) ;
#1368 = DIRECTION ( 'NONE',  ( 0.0000000000000000000, 0.0000000000000000000, -1.000000000000000000 ) ) ;
#1369 = ORIENTED_EDGE ( 'NONE', *, *, #72, .F. ) ;
#1370 = ORIENTED_EDGE ( 'NONE', *, *, #393, .F. ) ;
#1371 = ORIENTED_EDGE ( 'NONE', *, *, #719, .F. ) ;
#1372 = CARTESIAN_POINT ( 'NONE',  ( -10.90000000000000200, 0.5000000000000000000, -2.500000000000003100 ) ) ;
#1373 = PLANE ( 'NONE',  #1143 ) ;
#1374 = VERTEX_POINT ( 'NONE', #258 ) ;
#1375 = DIRECTION ( 'NONE',  ( 1.000000000000000000, 0.0000000000000000000, -0.0000000000000000000 ) ) ;
#1376 = AXIS2_PLACEMENT_3D ( 'NONE', #169, #1368, #1233 ) ;
#1377 = LINE ( 'NONE', #7, #994 ) ;
#1378 = PLANE ( 'NONE',  #418 ) ;
#1379 = CARTESIAN_POINT ( 'NONE',  ( 0.0000000000000000000, 0.5000000000000000000, 1.099999999999998800 ) ) ;
#1380 = PLANE ( 'NONE',  #734 ) ;
#1381 = COLOUR_RGB ( '',0.7921568627450980000, 0.8196078431372548800, 0.9333333333333333500 ) ;
#1382 = EDGE_CURVE ( 'NONE', #1144, #596, #377, .T. ) ;
#1383 = VECTOR ( 'NONE', #1482, 1000.000000000000000 ) ;
#1384 = CARTESIAN_POINT ( 'NONE',  ( -4.150000000000002100, -8.783095189484534200, 0.1499999999999999700 ) ) ;
#1385 = DIRECTION ( 'NONE',  ( 1.000000000000000000, 0.0000000000000000000, 0.0000000000000000000 ) ) ;
#1386 = CARTESIAN_POINT ( 'NONE',  ( -4.150000000000002100, -4.099999999999999600, 0.1499999999999999700 ) ) ;
#1387 = VECTOR ( 'NONE', #905, 1000.000000000000000 ) ;
#1388 = EDGE_CURVE ( 'NONE', #1967, #964, #1937, .T. ) ;
#1389 = ORIENTED_EDGE ( 'NONE', *, *, #1705, .T. ) ;
#1390 = VERTEX_POINT ( 'NONE', #1912 ) ;
#1391 = SURFACE_STYLE_USAGE ( .BOTH. , #181 ) ;
#1392 = DIRECTION ( 'NONE',  ( -0.0000000000000000000, 1.000000000000000000, -0.0000000000000000000 ) ) ;
#1393 = ORIENTED_EDGE ( 'NONE', *, *, #1240, .F. ) ;
#1394 = CARTESIAN_POINT ( 'NONE',  ( 8.649999999999995000, 0.5000000000000000000, 0.1499999999999999700 ) ) ;
#1395 = VERTEX_POINT ( 'NONE', #716 ) ;
#1396 = CARTESIAN_POINT ( 'NONE',  ( 8.649999999999995000, 0.5000000000000000000, 0.1499999999999999700 ) ) ;
#1397 = ORIENTED_EDGE ( 'NONE', *, *, #1414, .F. ) ;
#1398 = ORIENTED_EDGE ( 'NONE', *, *, #938, .F. ) ;
#1399 = DIRECTION ( 'NONE',  ( -2.891205793294678200E-015, 0.0000000000000000000, 1.000000000000000000 ) ) ;
#1400 = ADVANCED_FACE ( 'NONE', ( #325 ), #1763, .F. ) ;
#1401 =( LENGTH_UNIT ( ) NAMED_UNIT ( * ) SI_UNIT ( .MILLI., .METRE. ) );
#1402 = EDGE_CURVE ( 'NONE', #1542, #630, #1472, .T. ) ;
#1403 = VECTOR ( 'NONE', #1205, 1000.000000000000000 ) ;
#1404 = VECTOR ( 'NONE', #510, 1000.000000000000000 ) ;
#1405 = VECTOR ( 'NONE', #1454, 1000.000000000000000 ) ;
#1406 = CARTESIAN_POINT ( 'NONE',  ( -3.650000000000001200, 0.5000000000000000000, 0.1499999999999999700 ) ) ;
#1407 = VECTOR ( 'NONE', #129, 1000.000000000000000 ) ;
#1408 = DIRECTION ( 'NONE',  ( 2.168404344971013600E-016, 0.0000000000000000000, -1.000000000000000000 ) ) ;
#1409 = DIRECTION ( 'NONE',  ( -0.0000000000000000000, 1.000000000000000000, -0.0000000000000000000 ) ) ;
#1410 = CARTESIAN_POINT ( 'NONE',  ( 6.149999999999995000, 0.5000000000000000000, 0.1499999999999999700 ) ) ;
#1411 = VERTEX_POINT ( 'NONE', #570 ) ;
#1412 = DIRECTION ( 'NONE',  ( 1.000000000000000000, 0.0000000000000000000, 0.0000000000000000000 ) ) ;
#1413 = ORIENTED_EDGE ( 'NONE', *, *, #342, .T. ) ;
#1414 = EDGE_CURVE ( 'NONE', #742, #100, #1429, .T. ) ;
#1415 = ORIENTED_EDGE ( 'NONE', *, *, #1747, .T. ) ;
#1416 = DIRECTION ( 'NONE',  ( -0.0000000000000000000, 1.000000000000000000, -0.0000000000000000000 ) ) ;
#1417 = ORIENTED_EDGE ( 'NONE', *, *, #391, .T. ) ;
#1418 = CARTESIAN_POINT ( 'NONE',  ( 1.649999999999995200, -8.783095189484534200, -0.1499999999999999700 ) ) ;
#1419 = EDGE_CURVE ( 'NONE', #1780, #723, #612, .T. ) ;
#1420 = AXIS2_PLACEMENT_3D ( 'NONE', #1115, #51, #330 ) ;
#1421 = ORIENTED_EDGE ( 'NONE', *, *, #9, .F. ) ;
#1422 = ORIENTED_EDGE ( 'NONE', *, *, #1910, .T. ) ;
#1423 = DIRECTION ( 'NONE',  ( -2.891205793294678200E-015, -0.0000000000000000000, 1.000000000000000000 ) ) ;
#1424 = VERTEX_POINT ( 'NONE', #708 ) ;
#1425 = DIRECTION ( 'NONE',  ( -0.0000000000000000000, 1.000000000000000000, -0.0000000000000000000 ) ) ;
#1426 = VECTOR ( 'NONE', #297, 1000.000000000000000 ) ;
#1427 = CARTESIAN_POINT ( 'NONE',  ( 1.149999999999995500, -4.099999999999999600, 0.1499999999999999700 ) ) ;
#1428 = EDGE_CURVE ( 'NONE', #98, #765, #640, .T. ) ;
#1429 = LINE ( 'NONE', #722, #1891 ) ;
#1430 = CIRCLE ( 'NONE', #442, 0.5999999999999998700 ) ;
#1431 = AXIS2_PLACEMENT_3D ( 'NONE', #775, #283, #1811 ) ;
#1432 = VECTOR ( 'NONE', #1072, 1000.000000000000000 ) ;
#1433 = LINE ( 'NONE', #802, #531 ) ;
#1434 = VECTOR ( 'NONE', #1824, 1000.000000000000000 ) ;
#1435 = ORIENTED_EDGE ( 'NONE', *, *, #1287, .F. ) ;
#1436 = ORIENTED_EDGE ( 'NONE', *, *, #1190, .T. ) ;
#1437 = DIRECTION ( 'NONE',  ( 0.0000000000000000000, -1.000000000000000000, 0.0000000000000000000 ) ) ;
#1438 = ORIENTED_EDGE ( 'NONE', *, *, #240, .T. ) ;
#1439 = ORIENTED_EDGE ( 'NONE', *, *, #1130, .F. ) ;
#1440 = CARTESIAN_POINT ( 'NONE',  ( -8.900000000000000400, 2.250000000000000000, 5.599999999999998800 ) ) ;
#1441 = ORIENTED_EDGE ( 'NONE', *, *, #992, .F. ) ;
#1442 = ORIENTED_EDGE ( 'NONE', *, *, #1766, .F. ) ;
#1443 = PLANE ( 'NONE',  #237 ) ;
#1444 = CONTEXT_DEPENDENT_SHAPE_REPRESENTATION ( #969, #5 ) ;
#1445 = LINE ( 'NONE', #310, #1911 ) ;
#1446 = CARTESIAN_POINT ( 'NONE',  ( 6.149999999999994100, -4.099999999999999600, -0.1499999999999999700 ) ) ;
#1447 = VECTOR ( 'NONE', #1823, 1000.000000000000000 ) ;
#1448 = LINE ( 'NONE', #239, #1845 ) ;
#1449 = DIRECTION ( 'NONE',  ( 0.0000000000000000000, 0.0000000000000000000, 1.000000000000000000 ) ) ;
#1450 = EDGE_CURVE ( 'NONE', #985, #1305, #234, .T. ) ;
#1451 = MANIFOLD_SOLID_BREP ( 'Pin 6', #1758 ) ;
#1452 = LINE ( 'NONE', #1021, #1819 ) ;
#1453 = ADVANCED_FACE ( 'NONE', ( #420 ), #1351, .F. ) ;
#1454 = DIRECTION ( 'NONE',  ( -1.000000000000000000, -0.0000000000000000000, -0.0000000000000000000 ) ) ;
#1455 = AXIS2_PLACEMENT_3D ( 'NONE', #154, #1058, #1953 ) ;
#1456 = VECTOR ( 'NONE', #1392, 1000.000000000000000 ) ;
#1457 = EDGE_LOOP ( 'NONE', ( #1739, #715, #1682, #1070 ) ) ;
#1458 = ORIENTED_EDGE ( 'NONE', *, *, #272, .F. ) ;
#1459 = ORIENTED_EDGE ( 'NONE', *, *, #537, .T. ) ;
#1460 = EDGE_CURVE ( 'NONE', #747, #463, #1725, .T. ) ;
#1461 = ADVANCED_FACE ( 'NONE', ( #401 ), #727, .F. ) ;
#1462 = ORIENTED_EDGE ( 'NONE', *, *, #1840, .T. ) ;
#1463 = PLANE ( 'NONE',  #1011 ) ;
#1464 = ORIENTED_EDGE ( 'NONE', *, *, #557, .F. ) ;
#1465 = AXIS2_PLACEMENT_3D ( 'NONE', #753, #1493, #599 ) ;
#1466 = DIRECTION ( 'NONE',  ( -0.0000000000000000000, -1.000000000000000000, -0.0000000000000000000 ) ) ;
#1467 = LINE ( 'NONE', #1406, #826 ) ;
#1468 = DIRECTION ( 'NONE',  ( 0.0000000000000000000, 0.0000000000000000000, 1.000000000000000000 ) ) ;
#1469 =( GEOMETRIC_REPRESENTATION_CONTEXT ( 3 ) GLOBAL_UNCERTAINTY_ASSIGNED_CONTEXT ( ( #1663 ) ) GLOBAL_UNIT_ASSIGNED_CONTEXT ( ( #512, #1863, #1093 ) ) REPRESENTATION_CONTEXT ( 'NONE', 'WORKASPACE' ) );
#1470 = LINE ( 'NONE', #298, #1643 ) ;
#1471 = ADVANCED_FACE ( 'NONE', ( #923 ), #1644, .F. ) ;
#1472 = LINE ( 'NONE', #1316, #1698 ) ;
#1473 = PLANE ( 'NONE',  #773 ) ;
#1474 = VECTOR ( 'NONE', #1598, 1000.000000000000000 ) ;
#1475 = PRESENTATION_LAYER_ASSIGNMENT (  '', '', ( #1285 ) ) ;
#1476 = VECTOR ( 'NONE', #1385, 1000.000000000000000 ) ;
#1477 = EDGE_CURVE ( 'NONE', #892, #1706, #525, .T. ) ;
#1478 = ORIENTED_EDGE ( 'NONE', *, *, #939, .F. ) ;
#1479 = AXIS2_PLACEMENT_3D ( 'NONE', #851, #264, #115 ) ;
#1480 = ORIENTED_EDGE ( 'NONE', *, *, #1695, .F. ) ;
#1481 = ADVANCED_FACE ( 'NONE', ( #211 ), #1943, .T. ) ;
#1482 = DIRECTION ( 'NONE',  ( -1.000000000000000000, -0.0000000000000000000, -2.168404344971014500E-016 ) ) ;
#1483 = ORIENTED_EDGE ( 'NONE', *, *, #837, .T. ) ;
#1484 = SURFACE_SIDE_STYLE ('',( #1813 ) ) ;
#1485 = CARTESIAN_POINT ( 'NONE',  ( 10.40000000000000200, 0.5000000000000000000, 1.099999999999998800 ) ) ;
#1486 = EDGE_LOOP ( 'NONE', ( #1837, #1009, #553, #4 ) ) ;
#1487 = UNCERTAINTY_MEASURE_WITH_UNIT (LENGTH_MEASURE( 1.000000000000000100E-005 ), #1271, 'distance_accuracy_value', 'NONE');
#1488 = DIRECTION ( 'NONE',  ( -0.0000000000000000000, 1.000000000000000000, -0.0000000000000000000 ) ) ;
#1489 = ORIENTED_EDGE ( 'NONE', *, *, #277, .F. ) ;
#1490 = EDGE_CURVE ( 'NONE', #558, #1163, #1620, .T. ) ;
#1491 = DIRECTION ( 'NONE',  ( 0.0000000000000000000, -1.000000000000000000, 0.0000000000000000000 ) ) ;
#1492 = ORIENTED_EDGE ( 'NONE', *, *, #84, .T. ) ;
#1493 = DIRECTION ( 'NONE',  ( -1.000000000000000000, 0.0000000000000000000, -0.0000000000000000000 ) ) ;
#1494 = ADVANCED_FACE ( 'NONE', ( #1112 ), #1332, .T. ) ;
#1495 = PRODUCT_RELATED_PRODUCT_CATEGORY ( 'part', '', ( #489 ) ) ;
#1496 = DIRECTION ( 'NONE',  ( -0.0000000000000000000, -1.000000000000000000, -0.0000000000000000000 ) ) ;
#1497 = CARTESIAN_POINT ( 'NONE',  ( 6.149999999999994100, 0.5000000000000000000, -0.1499999999999999700 ) ) ;
#1498 = LINE ( 'NONE', #128, #353 ) ;
#1499 = FACE_OUTER_BOUND ( 'NONE', #604, .T. ) ;
#1500 = LINE ( 'NONE', #390, #589 ) ;
#1501 = EDGE_CURVE ( 'NONE', #1266, #1248, #322, .T. ) ;
#1502 = CARTESIAN_POINT ( 'NONE',  ( -10.90000000000000200, 0.0000000000000000000, 5.699999999999999300 ) ) ;
#1503 = DIRECTION ( 'NONE',  ( 1.000000000000000000, 0.0000000000000000000, 0.0000000000000000000 ) ) ;
#1504 = CARTESIAN_POINT ( 'NONE',  ( -9.150000000000002100, -4.099999999999999600, -0.1499999999999999700 ) ) ;
#1505 = AXIS2_PLACEMENT_3D ( 'NONE', #1846, #477, #951 ) ;
#1506 = LINE ( 'NONE', #1709, #714 ) ;
#1507 = ORIENTED_EDGE ( 'NONE', *, *, #1600, .T. ) ;
#1508 = DIRECTION ( 'NONE',  ( 0.0000000000000000000, 0.0000000000000000000, -1.000000000000000000 ) ) ;
#1509 = ORIENTED_EDGE ( 'NONE', *, *, #55, .T. ) ;
#1510 = VERTEX_POINT ( 'NONE', #1344 ) ;
#1511 = DIRECTION ( 'NONE',  ( -0.0000000000000000000, -1.000000000000000000, -0.0000000000000000000 ) ) ;
#1512 = DIRECTION ( 'NONE',  ( -1.000000000000000000, 0.0000000000000000000, -2.168404344971014500E-016 ) ) ;
#1513 = ORIENTED_EDGE ( 'NONE', *, *, #837, .F. ) ;
#1514 = DIRECTION ( 'NONE',  ( 0.0000000000000000000, 0.0000000000000000000, 1.000000000000000000 ) ) ;
#1515 = EDGE_LOOP ( 'NONE', ( #106, #176, #1146, #230 ) ) ;
#1516 = CARTESIAN_POINT ( 'NONE',  ( 0.0000000000000000000, -4.099999999999999600, 1.099999999999998800 ) ) ;
#1517 = ORIENTED_EDGE ( 'NONE', *, *, #1737, .T. ) ;
#1518 = EDGE_CURVE ( 'NONE', #313, #1631, #1154, .T. ) ;
#1519 = DIRECTION ( 'NONE',  ( 0.0000000000000000000, -0.0000000000000000000, -1.000000000000000000 ) ) ;
#1520 = PRESENTATION_STYLE_ASSIGNMENT (( #521 ) ) ;
#1521 =( NAMED_UNIT ( * ) PLANE_ANGLE_UNIT ( ) SI_UNIT ( $, .RADIAN. ) );
#1522 = EDGE_CURVE ( 'NONE', #1196, #1778, #1498, .T. ) ;
#1523 = DIRECTION ( 'NONE',  ( -1.000000000000000000, 0.0000000000000000000, -0.0000000000000000000 ) ) ;
#1524 = PRESENTATION_LAYER_ASSIGNMENT (  '', '', ( #1136 ) ) ;
#1525 = FACE_OUTER_BOUND ( 'NONE', #82, .T. ) ;
#1526 = PRODUCT_DEFINITION_SHAPE ( 'NONE', 'NONE',  #761 ) ;
#1527 = CARTESIAN_POINT ( 'NONE',  ( -8.900000000000000400, 2.250000000000000000, 5.599999999999998800 ) ) ;
#1528 = COLOUR_RGB ( '',1.000000000000000000, 1.000000000000000000, 1.000000000000000000 ) ;
#1529 = DIRECTION ( 'NONE',  ( 0.0000000000000000000, 0.0000000000000000000, -1.000000000000000000 ) ) ;
#1530 = DIRECTION ( 'NONE',  ( 0.0000000000000000000, 0.0000000000000000000, -1.000000000000000000 ) ) ;
#1531 = DIRECTION ( 'NONE',  ( 1.000000000000000000, 0.0000000000000000000, 0.0000000000000000000 ) ) ;
#1532 = CARTESIAN_POINT ( 'NONE',  ( -10.90000000000000200, 11.10000000000000000, -3.500000000000000400 ) ) ;
#1533 = EDGE_CURVE ( 'NONE', #1349, #96, #1957, .T. ) ;
#1534 = FACE_OUTER_BOUND ( 'NONE', #991, .T. ) ;
#1535 = LINE ( 'NONE', #1693, #385 ) ;
#1536 = DIRECTION ( 'NONE',  ( -0.0000000000000000000, 1.000000000000000000, -0.0000000000000000000 ) ) ;
#1537 = ORIENTED_EDGE ( 'NONE', *, *, #1969, .T. ) ;
#1538 = CARTESIAN_POINT ( 'NONE',  ( 0.0000000000000000000, 0.0000000000000000000, 1.099999999999998800 ) ) ;
#1539 = ORIENTED_EDGE ( 'NONE', *, *, #392, .F. ) ;
#1540 = ORIENTED_EDGE ( 'NONE', *, *, #342, .F. ) ;
#1541 = DIRECTION ( 'NONE',  ( -1.000000000000000000, -0.0000000000000000000, -2.168404344971014500E-016 ) ) ;
#1542 = VERTEX_POINT ( 'NONE', #1031 ) ;
#1543 = CARTESIAN_POINT ( 'NONE',  ( -6.150000000000001200, -4.099999999999999600, 0.1499999999999999700 ) ) ;
#1544 = CARTESIAN_POINT ( 'NONE',  ( 1.149999999999995500, 0.5000000000000000000, 0.1499999999999999700 ) ) ;
#1545 = DIRECTION ( 'NONE',  ( 1.000000000000000000, 0.0000000000000000000, 0.0000000000000000000 ) ) ;
#1546 = DIRECTION ( 'NONE',  ( 0.0000000000000000000, 0.0000000000000000000, 1.000000000000000000 ) ) ;
#1547 = VECTOR ( 'NONE', #614, 1000.000000000000000 ) ;
#1548 = CARTESIAN_POINT ( 'NONE',  ( -10.90000000000000200, 0.0000000000000000000, 5.699999999999999300 ) ) ;
#1549 = LINE ( 'NONE', #942, #1914 ) ;
#1550 = ADVANCED_FACE ( 'NONE', ( #710 ), #435, .F. ) ;
#1551 = CARTESIAN_POINT ( 'NONE',  ( -10.90000000000000200, 0.5000000000000000000, 1.099999999999998800 ) ) ;
#1552 = VECTOR ( 'NONE', #425, 1000.000000000000000 ) ;
#1553 = UNCERTAINTY_MEASURE_WITH_UNIT (LENGTH_MEASURE( 1.000000000000000100E-005 ), #1064, 'distance_accuracy_value', 'NONE');
#1554 = PLANE ( 'NONE',  #343 ) ;
#1555 = DIRECTION ( 'NONE',  ( 1.000000000000000000, 0.0000000000000000000, 0.0000000000000000000 ) ) ;
#1556 = FACE_OUTER_BOUND ( 'NONE', #1302, .T. ) ;
#1557 =( LENGTH_UNIT ( ) NAMED_UNIT ( * ) SI_UNIT ( .MILLI., .METRE. ) );
#1558 = DIRECTION ( 'NONE',  ( 0.0000000000000000000, 0.0000000000000000000, 1.000000000000000000 ) ) ;
#1559 = EDGE_CURVE ( 'NONE', #464, #767, #690, .T. ) ;
#1560 = ORIENTED_EDGE ( 'NONE', *, *, #1794, .T. ) ;
#1561 = EDGE_LOOP ( 'NONE', ( #1441, #865, #720, #307 ) ) ;
#1562 = CARTESIAN_POINT ( 'NONE',  ( -9.500000000000000000, 2.250000000000000000, 3.902943725152285400 ) ) ;
#1563 = CARTESIAN_POINT ( 'NONE',  ( 10.89999999999999900, 0.5000000000000000000, 4.699999999999999300 ) ) ;
#1564 = VERTEX_POINT ( 'NONE', #586 ) ;
#1565 = CARTESIAN_POINT ( 'NONE',  ( 9.150000000000000400, 0.5000000000000000000, -0.1499999999999999700 ) ) ;
#1566 = ORIENTED_EDGE ( 'NONE', *, *, #40, .F. ) ;
#1567 = ORIENTED_EDGE ( 'NONE', *, *, #1428, .F. ) ;
#1568 = DIRECTION ( 'NONE',  ( -1.000000000000000000, -0.0000000000000000000, -0.0000000000000000000 ) ) ;
#1569 = PRODUCT_CONTEXT ( 'NONE', #62, 'mechanical' ) ;
#1570 = CARTESIAN_POINT ( 'NONE',  ( 10.40000000000000200, 0.5000000000000000000, 1.099999999999998800 ) ) ;
#1571 = EDGE_CURVE ( 'NONE', #844, #85, #110, .T. ) ;
#1572 = LINE ( 'NONE', #621, #777 ) ;
#1573 = MECHANICAL_DESIGN_GEOMETRIC_PRESENTATION_REPRESENTATION (  '', ( #1164 ), #1679 ) ;
#1574 = CIRCLE ( 'NONE', #21, 0.5999999999999998700 ) ;
#1575 = PLANE ( 'NONE',  #885 ) ;
#1576 = APPLICATION_CONTEXT ( 'automotive_design' ) ;
#1577 = LINE ( 'NONE', #1081, #327 ) ;
#1578 = DIRECTION ( 'NONE',  ( 1.000000000000000000, 0.0000000000000000000, 0.0000000000000000000 ) ) ;
#1579 = UNCERTAINTY_MEASURE_WITH_UNIT (LENGTH_MEASURE( 1.000000000000000100E-005 ), #1820, 'distance_accuracy_value', 'NONE');
#1580 = FACE_OUTER_BOUND ( 'NONE', #1613, .T. ) ;
#1581 = ORIENTED_EDGE ( 'NONE', *, *, #587, .F. ) ;
#1582 = DIRECTION ( 'NONE',  ( 0.0000000000000000000, 0.0000000000000000000, 1.000000000000000000 ) ) ;
#1583 = ORIENTED_EDGE ( 'NONE', *, *, #1816, .T. ) ;
#1584 = AXIS2_PLACEMENT_3D ( 'NONE', #1963, #1835, #1653 ) ;
#1585 = VERTEX_POINT ( 'NONE', #466 ) ;
#1586 = CARTESIAN_POINT ( 'NONE',  ( 4.149999999999994100, -8.783095189484534200, 0.1500000000000000800 ) ) ;
#1587 = VERTEX_POINT ( 'NONE', #930 ) ;
#1588 = EDGE_CURVE ( 'NONE', #1609, #1163, #973, .T. ) ;
#1589 = STYLED_ITEM ( 'NONE', ( #300 ), #1451 ) ;
#1590 = ADVANCED_FACE ( 'NONE', ( #754 ), #1714, .T. ) ;
#1591 = ORIENTED_EDGE ( 'NONE', *, *, #1419, .T. ) ;
#1592 = CARTESIAN_POINT ( 'NONE',  ( -8.650000000000002100, 0.5000000000000000000, -0.1499999999999999700 ) ) ;
#1593 = PRODUCT_DEFINITION_SHAPE ( 'NONE', 'NONE',  #1947 ) ;
#1594 = DIRECTION ( 'NONE',  ( 0.0000000000000000000, -1.000000000000000000, 0.0000000000000000000 ) ) ;
#1595 = ORIENTED_EDGE ( 'NONE', *, *, #107, .F. ) ;
#1596 = CARTESIAN_POINT ( 'NONE',  ( -6.650000000000001200, -8.783095189484534200, -0.1499999999999999700 ) ) ;
#1597 = FACE_OUTER_BOUND ( 'NONE', #913, .T. ) ;
#1598 = DIRECTION ( 'NONE',  ( -0.0000000000000000000, 1.000000000000000000, -0.0000000000000000000 ) ) ;
#1599 = EDGE_CURVE ( 'NONE', #655, #309, #1767, .T. ) ;
#1600 = EDGE_CURVE ( 'NONE', #1047, #1350, #566, .T. ) ;
#1601 = LINE ( 'NONE', #902, #1403 ) ;
#1602 = ADVANCED_FACE ( 'NONE', ( #1014 ), #918, .T. ) ;
#1603 = PRESENTATION_STYLE_ASSIGNMENT (( #6 ) ) ;
#1604 = DIRECTION ( 'NONE',  ( 0.0000000000000000000, 0.0000000000000000000, -1.000000000000000000 ) ) ;
#1605 = VECTOR ( 'NONE', #403, 1000.000000000000000 ) ;
#1606 = CARTESIAN_POINT ( 'NONE',  ( -6.650000000000001200, -4.099999999999999600, -0.1499999999999999700 ) ) ;
#1607 = LINE ( 'NONE', #1726, #260 ) ;
#1608 = EDGE_LOOP ( 'NONE', ( #1825, #1713, #410, #1044, #203, #265, #1052, #295 ) ) ;
#1609 = VERTEX_POINT ( 'NONE', #471 ) ;
#1610 = EDGE_CURVE ( 'NONE', #516, #558, #1936, .T. ) ;
#1611 = EDGE_LOOP ( 'NONE', ( #1462, #1929, #1856, #284 ) ) ;
#1612 = ADVANCED_FACE ( 'NONE', ( #445 ), #924, .T. ) ;
#1613 = EDGE_LOOP ( 'NONE', ( #1741, #675, #1509, #932 ) ) ;
#1614 = AXIS2_PLACEMENT_3D ( 'NONE', #1798, #1491, #1184 ) ;
#1615 = ORIENTED_EDGE ( 'NONE', *, *, #1918, .T. ) ;
#1616 = ORIENTED_EDGE ( 'NONE', *, *, #187, .T. ) ;
#1617 = PLANE ( 'NONE',  #261 ) ;
#1618 = ADVANCED_FACE ( 'NONE', ( #1525 ), #769, .F. ) ;
#1619 = DIRECTION ( 'NONE',  ( 0.0000000000000000000, 0.0000000000000000000, 1.000000000000000000 ) ) ;
#1620 = LINE ( 'NONE', #275, #1138 ) ;
#1621 = VECTOR ( 'NONE', #1425, 1000.000000000000000 ) ;
#1622 = CARTESIAN_POINT ( 'NONE',  ( 4.149999999999994100, -8.783095189484534200, 0.1500000000000000800 ) ) ;
#1623 = AXIS2_PLACEMENT_3D ( 'NONE', #1527, #783, #1841 ) ;
#1624 = LINE ( 'NONE', #841, #1232 ) ;
#1625 = EDGE_CURVE ( 'NONE', #538, #1812, #609, .T. ) ;
#1626 = CARTESIAN_POINT ( 'NONE',  ( 10.40000000000000200, 0.5000000000000000000, 1.099999999999998800 ) ) ;
#1627 = LINE ( 'NONE', #1548, #671 ) ;
#1628 = ADVANCED_FACE ( 'NONE', ( #831 ), #1800, .F. ) ;
#1629 =( LENGTH_UNIT ( ) NAMED_UNIT ( * ) SI_UNIT ( .MILLI., .METRE. ) );
#1630 = LINE ( 'NONE', #1497, #1964 ) ;
#1631 = VERTEX_POINT ( 'NONE', #1396 ) ;
#1632 = DIRECTION ( 'NONE',  ( 1.000000000000000000, 0.0000000000000000000, 0.0000000000000000000 ) ) ;
#1633 = ORIENTED_EDGE ( 'NONE', *, *, #1032, .T. ) ;
#1634 = EDGE_CURVE ( 'NONE', #1196, #1587, #665, .T. ) ;
#1635 = EDGE_CURVE ( 'NONE', #367, #516, #159, .T. ) ;
#1636 = EDGE_LOOP ( 'NONE', ( #652, #1691, #1581, #490 ) ) ;
#1637 = CARTESIAN_POINT ( 'NONE',  ( -8.900000000000000400, 2.250000000000000000, 5.599999999999998800 ) ) ;
#1638 = ORIENTED_EDGE ( 'NONE', *, *, #1068, .T. ) ;
#1639 = ADVANCED_FACE ( 'NONE', ( #1177 ), #1359, .T. ) ;
#1640 = CARTESIAN_POINT ( 'NONE',  ( -8.900000000000000400, 2.250000000000000000, 5.599999999999998800 ) ) ;
#1641 = CARTESIAN_POINT ( 'NONE',  ( -10.90000000000000200, 11.10000000000000000, -3.500000000000000400 ) ) ;
#1642 = FACE_OUTER_BOUND ( 'NONE', #179, .T. ) ;
#1643 = VECTOR ( 'NONE', #1060, 1000.000000000000000 ) ;
#1644 = PLANE ( 'NONE',  #135 ) ;
#1645 = VECTOR ( 'NONE', #519, 1000.000000000000000 ) ;
#1646 = ADVANCED_FACE ( 'NONE', ( #1356 ), #1649, .F. ) ;
#1647 = FILL_AREA_STYLE ('',( #426 ) ) ;
#1648 = LINE ( 'NONE', #1113, #358 ) ;
#1649 = PLANE ( 'NONE',  #1431 ) ;
#1650 = VERTEX_POINT ( 'NONE', #766 ) ;
#1651 = CARTESIAN_POINT ( 'NONE',  ( -4.150000000000002100, -8.783095189484534200, 0.1499999999999999700 ) ) ;
#1652 = ORIENTED_EDGE ( 'NONE', *, *, #790, .T. ) ;
#1653 = DIRECTION ( 'NONE',  ( -7.228014483236698500E-016, 0.0000000000000000000, -1.000000000000000000 ) ) ;
#1654 = ORIENTED_EDGE ( 'NONE', *, *, #615, .F. ) ;
#1655 = ORIENTED_EDGE ( 'NONE', *, *, #615, .T. ) ;
#1656 = VERTEX_POINT ( 'NONE', #156 ) ;
#1657 = EDGE_CURVE ( 'NONE', #35, #335, #1470, .T. ) ;
#1658 = FILL_AREA_STYLE ('',( #771 ) ) ;
#1659 = CLOSED_SHELL ( 'NONE', ( #1907, #1471, #104, #1646, #1202, #399 ) ) ;
#1660 = ORIENTED_EDGE ( 'NONE', *, *, #1776, .T. ) ;
#1661 = PLANE ( 'NONE',  #1455 ) ;
#1662 = ORIENTED_EDGE ( 'NONE', *, *, #1938, .T. ) ;
#1663 = UNCERTAINTY_MEASURE_WITH_UNIT (LENGTH_MEASURE( 1.000000000000000100E-005 ), #512, 'distance_accuracy_value', 'NONE');
#1664 = AXIS2_PLACEMENT_3D ( 'NONE', #961, #355, #1412 ) ;
#1665 = DIRECTION ( 'NONE',  ( 0.0000000000000000000, -1.000000000000000000, 0.0000000000000000000 ) ) ;
#1666 = VECTOR ( 'NONE', #854, 1000.000000000000000 ) ;
#1667 = VECTOR ( 'NONE', #1037, 1000.000000000000000 ) ;
#1668 = CARTESIAN_POINT ( 'NONE',  ( 6.149999999999995000, 0.5000000000000000000, 0.1499999999999999700 ) ) ;
#1669 = DIRECTION ( 'NONE',  ( -0.0000000000000000000, -1.000000000000000000, -0.0000000000000000000 ) ) ;
#1670 = VECTOR ( 'NONE', #820, 1000.000000000000000 ) ;
#1671 = EDGE_CURVE ( 'NONE', #79, #580, #1572, .T. ) ;
#1672 = CARTESIAN_POINT ( 'NONE',  ( 3.649999999999995500, -8.783095189484534200, 0.1499999999999999700 ) ) ;
#1673 = DIRECTION ( 'NONE',  ( 1.000000000000000000, 0.0000000000000000000, 0.0000000000000000000 ) ) ;
#1674 = LINE ( 'NONE', #1150, #567 ) ;
#1675 = CARTESIAN_POINT ( 'NONE',  ( 3.649999999999995500, -4.099999999999999600, 0.1499999999999999700 ) ) ;
#1676 = CARTESIAN_POINT ( 'NONE',  ( 0.0000000000000000000, 11.10000000000000000, 1.099999999999998800 ) ) ;
#1677 = LINE ( 'NONE', #1110, #1822 ) ;
#1678 = PLANE ( 'NONE',  #1853 ) ;
#1679 =( GEOMETRIC_REPRESENTATION_CONTEXT ( 3 ) GLOBAL_UNCERTAINTY_ASSIGNED_CONTEXT ( ( #1579 ) ) GLOBAL_UNIT_ASSIGNED_CONTEXT ( ( #1820, #900, #1809 ) ) REPRESENTATION_CONTEXT ( 'NONE', 'WORKASPACE' ) );
#1680 = PLANE ( 'NONE',  #130 ) ;
#1681 = LINE ( 'NONE', #1796, #571 ) ;
#1682 = ORIENTED_EDGE ( 'NONE', *, *, #1382, .T. ) ;
#1683 = DIRECTION ( 'NONE',  ( -0.0000000000000000000, -1.000000000000000000, -0.0000000000000000000 ) ) ;
#1684 = AXIS2_PLACEMENT_3D ( 'NONE', #37, #806, #1723 ) ;
#1685 = ORIENTED_EDGE ( 'NONE', *, *, #549, .T. ) ;
#1686 = DIRECTION ( 'NONE',  ( -2.891205793294678200E-015, 0.0000000000000000000, 1.000000000000000000 ) ) ;
#1687 = PLANE ( 'NONE',  #1175 ) ;
#1688 = DIRECTION ( 'NONE',  ( -0.0000000000000000000, 1.000000000000000000, -0.0000000000000000000 ) ) ;
#1689 = ORIENTED_EDGE ( 'NONE', *, *, #1625, .F. ) ;
#1690 = ORIENTED_EDGE ( 'NONE', *, *, #1518, .F. ) ;
#1691 = ORIENTED_EDGE ( 'NONE', *, *, #1671, .F. ) ;
#1692 = CARTESIAN_POINT ( 'NONE',  ( -10.90000000000000200, 0.5000000000000000000, 4.699999999999999300 ) ) ;
#1693 = CARTESIAN_POINT ( 'NONE',  ( -10.90000000000000200, 0.0000000000000000000, -3.500000000000000400 ) ) ;
#1694 = DIRECTION ( 'NONE',  ( 0.0000000000000000000, -1.000000000000000000, 0.0000000000000000000 ) ) ;
#1695 = EDGE_CURVE ( 'NONE', #1609, #313, #8, .T. ) ;
#1696 = AXIS2_PLACEMENT_3D ( 'NONE', #1440, #1924, #857 ) ;
#1697 = LINE ( 'NONE', #1334, #1426 ) ;
#1698 = VECTOR ( 'NONE', #417, 1000.000000000000000 ) ;
#1699 = DIRECTION ( 'NONE',  ( 1.000000000000000000, 0.0000000000000000000, 0.0000000000000000000 ) ) ;
#1700 = VECTOR ( 'NONE', #958, 1000.000000000000000 ) ;
#1701 = CARTESIAN_POINT ( 'NONE',  ( 0.0000000000000000000, 0.5000000000000000000, 4.699999999999999300 ) ) ;
#1702 = VECTOR ( 'NONE', #1236, 1000.000000000000000 ) ;
#1703 = CARTESIAN_POINT ( 'NONE',  ( -6.650000000000001200, -4.099999999999999600, 0.1499999999999999700 ) ) ;
#1704 = COLOUR_RGB ( '',0.2509803921568627400, 0.2509803921568627400, 0.2509803921568627400 ) ;
#1705 = EDGE_CURVE ( 'NONE', #1196, #844, #1815, .T. ) ;
#1706 = VERTEX_POINT ( 'NONE', #593 ) ;
#1707 = UNCERTAINTY_MEASURE_WITH_UNIT (LENGTH_MEASURE( 1.000000000000000100E-005 ), #1949, 'distance_accuracy_value', 'NONE');
#1708 = CARTESIAN_POINT ( 'NONE',  ( -10.40000000000000200, 0.5000000000000000000, 1.099999999999998800 ) ) ;
#1709 = CARTESIAN_POINT ( 'NONE',  ( -10.40000000000000200, 0.5000000000000000000, 4.699999999999999300 ) ) ;
#1710 = ADVANCED_FACE ( 'NONE', ( #873 ), #1722, .F. ) ;
#1711 = VERTEX_POINT ( 'NONE', #748 ) ;
#1712 = DIRECTION ( 'NONE',  ( -1.000000000000000000, 0.0000000000000000000, 0.0000000000000000000 ) ) ;
#1713 = ORIENTED_EDGE ( 'NONE', *, *, #1098, .F. ) ;
#1714 = PLANE ( 'NONE',  #312 ) ;
#1715 = ORIENTED_EDGE ( 'NONE', *, *, #1910, .F. ) ;
#1716 = CARTESIAN_POINT ( 'NONE',  ( -8.900000000000000400, 2.250000000000000000, 5.699999999999999300 ) ) ;
#1717 = EDGE_LOOP ( 'NONE', ( #1262, #1492, #1131, #763 ) ) ;
#1718 =( NAMED_UNIT ( * ) PLANE_ANGLE_UNIT ( ) SI_UNIT ( $, .RADIAN. ) );
#1719 = ORIENTED_EDGE ( 'NONE', *, *, #634, .F. ) ;
#1720 = SURFACE_STYLE_USAGE ( .BOTH. , #974 ) ;
#1721 = EDGE_CURVE ( 'NONE', #1587, #1650, #1601, .T. ) ;
#1722 = CYLINDRICAL_SURFACE ( 'NONE', #502, 0.5999999999999998700 ) ;
#1723 = DIRECTION ( 'NONE',  ( 0.0000000000000000000, -0.0000000000000000000, -1.000000000000000000 ) ) ;
#1724 = CARTESIAN_POINT ( 'NONE',  ( -10.90000000000000200, 11.10000000000000000, -3.500000000000000400 ) ) ;
#1725 = LINE ( 'NONE', #1502, #65 ) ;
#1726 = CARTESIAN_POINT ( 'NONE',  ( -6.150000000000001200, -4.099999999999999600, 0.1499999999999999700 ) ) ;
#1727 = CIRCLE ( 'NONE', #1696, 0.5999999999999998700 ) ;
#1728 = SURFACE_STYLE_FILL_AREA ( #1808 ) ;
#1729 = DIRECTION ( 'NONE',  ( -0.0000000000000000000, 1.000000000000000000, -0.0000000000000000000 ) ) ;
#1730 = APPLICATION_PROTOCOL_DEFINITION ( 'draft international standard', 'automotive_design', 1998, #347 ) ;
#1731 = CARTESIAN_POINT ( 'NONE',  ( 1.149999999999995500, -8.783095189484534200, 0.1499999999999999700 ) ) ;
#1732 = FACE_OUTER_BOUND ( 'NONE', #1457, .T. ) ;
#1733 = AXIS2_PLACEMENT_3D ( 'NONE', #1827, #1850, #468 ) ;
#1734 = LINE ( 'NONE', #479, #47 ) ;
#1735 = ORIENTED_EDGE ( 'NONE', *, *, #1872, .F. ) ;
#1736 = CARTESIAN_POINT ( 'NONE',  ( -6.650000000000001200, -8.783095189484534200, 0.1499999999999999700 ) ) ;
#1737 = EDGE_CURVE ( 'NONE', #1587, #1047, #184, .T. ) ;
#1738 = DIRECTION ( 'NONE',  ( 0.0000000000000000000, 0.0000000000000000000, 1.000000000000000000 ) ) ;
#1739 = ORIENTED_EDGE ( 'NONE', *, *, #1840, .F. ) ;
#1740 = CARTESIAN_POINT ( 'NONE',  ( 1.149999999999995200, 0.5000000000000000000, -0.1499999999999999700 ) ) ;
#1741 = ORIENTED_EDGE ( 'NONE', *, *, #1099, .F. ) ;
#1742 = DIRECTION ( 'NONE',  ( -0.0000000000000000000, -0.0000000000000000000, 1.000000000000000000 ) ) ;
#1743 = ORIENTED_EDGE ( 'NONE', *, *, #1090, .F. ) ;
#1744 =( NAMED_UNIT ( * ) PLANE_ANGLE_UNIT ( ) SI_UNIT ( $, .RADIAN. ) );
#1745 = CARTESIAN_POINT ( 'NONE',  ( 4.149999999999995000, -4.099999999999999600, -0.1499999999999999700 ) ) ;
#1746 = EDGE_CURVE ( 'NONE', #25, #554, #1333, .T. ) ;
#1747 = EDGE_CURVE ( 'NONE', #124, #890, #499, .T. ) ;
#1748 = ADVANCED_FACE ( 'NONE', ( #87 ), #996, .F. ) ;
#1749 = CARTESIAN_POINT ( 'NONE',  ( -10.90000000000000200, 0.0000000000000000000, -3.500000000000000400 ) ) ;
#1750 = VECTOR ( 'NONE', #1952, 1000.000000000000000 ) ;
#1751 = VECTOR ( 'NONE', #677, 1000.000000000000000 ) ;
#1752 = CARTESIAN_POINT ( 'NONE',  ( -9.150000000000002100, 0.5000000000000000000, 0.1499999999999999700 ) ) ;
#1753 = ADVANCED_FACE ( 'NONE', ( #158 ), #1342, .F. ) ;
#1754 = DIRECTION ( 'NONE',  ( 1.000000000000000000, 0.0000000000000000000, 0.0000000000000000000 ) ) ;
#1755 = ORIENTED_EDGE ( 'NONE', *, *, #379, .T. ) ;
#1756 = MANIFOLD_SOLID_BREP ( 'Pin 1', #270 ) ;
#1757 =( GEOMETRIC_REPRESENTATION_CONTEXT ( 3 ) GLOBAL_UNCERTAINTY_ASSIGNED_CONTEXT ( ( #116 ) ) GLOBAL_UNIT_ASSIGNED_CONTEXT ( ( #853, #99, #712 ) ) REPRESENTATION_CONTEXT ( 'NONE', 'WORKASPACE' ) );
#1758 = CLOSED_SHELL ( 'NONE', ( #1178, #424, #884, #1618, #893, #1789 ) ) ;
#1759 = EDGE_LOOP ( 'NONE', ( #1464, #636, #1105, #603 ) ) ;
#1760 = ORIENTED_EDGE ( 'NONE', *, *, #75, .F. ) ;
#1761 = ORIENTED_EDGE ( 'NONE', *, *, #177, .T. ) ;
#1762 = EDGE_LOOP ( 'NONE', ( #492, #413 ) ) ;
#1763 = PLANE ( 'NONE',  #1479 ) ;
#1764 = FACE_OUTER_BOUND ( 'NONE', #409, .T. ) ;
#1765 = CARTESIAN_POINT ( 'NONE',  ( -3.650000000000001200, -8.783095189484534200, 0.1499999999999999700 ) ) ;
#1766 = EDGE_CURVE ( 'NONE', #25, #860, #36, .T. ) ;
#1767 = LINE ( 'NONE', #1551, #1547 ) ;
#1768 = LINE ( 'NONE', #1132, #1294 ) ;
#1769 = DIRECTION ( 'NONE',  ( 0.0000000000000000000, 0.0000000000000000000, -1.000000000000000000 ) ) ;
#1770 = LINE ( 'NONE', #1915, #1157 ) ;
#1771 = ADVANCED_FACE ( 'NONE', ( #1642 ), #1040, .F. ) ;
#1772 = VECTOR ( 'NONE', #363, 1000.000000000000000 ) ;
#1773 = FACE_OUTER_BOUND ( 'NONE', #1930, .T. ) ;
#1774 = EDGE_LOOP ( 'NONE', ( #1265, #345 ) ) ;
#1775 = DIRECTION ( 'NONE',  ( -0.0000000000000000000, 1.000000000000000000, -0.0000000000000000000 ) ) ;
#1776 = EDGE_CURVE ( 'NONE', #821, #1900, #1697, .T. ) ;
#1777 = EDGE_CURVE ( 'NONE', #369, #318, #209, .T. ) ;
#1778 = VERTEX_POINT ( 'NONE', #591 ) ;
#1779 = DIRECTION ( 'NONE',  ( -1.000000000000000000, 0.0000000000000000000, -2.891205793294678200E-015 ) ) ;
#1780 = VERTEX_POINT ( 'NONE', #746 ) ;
#1781 = ADVANCED_FACE ( 'NONE', ( #1764 ), #1661, .F. ) ;
#1782 = PRODUCT_DEFINITION_FORMATION_WITH_SPECIFIED_SOURCE ( 'ANY', '', #489, .NOT_KNOWN. ) ;
#1783 = EDGE_LOOP ( 'NONE', ( #1655, #1023, #53, #1560 ) ) ;
#1784 = EDGE_LOOP ( 'NONE', ( #1540, #1583, #941, #919 ) ) ;
#1785 = MECHANICAL_DESIGN_GEOMETRIC_PRESENTATION_REPRESENTATION (  '', ( #1792 ), #381 ) ;
#1786 = ORIENTED_EDGE ( 'NONE', *, *, #1200, .T. ) ;
#1787 = DIRECTION ( 'NONE',  ( 0.0000000000000000000, -0.0000000000000000000, -1.000000000000000000 ) ) ;
#1788 = FACE_OUTER_BOUND ( 'NONE', #1148, .T. ) ;
#1789 = ADVANCED_FACE ( 'NONE', ( #1955 ), #1348, .T. ) ;
#1790 = PRESENTATION_STYLE_ASSIGNMENT (( #833 ) ) ;
#1791 = CARTESIAN_POINT ( 'NONE',  ( 10.89999999999999900, 0.0000000000000000000, 5.699999999999999300 ) ) ;
#1792 = STYLED_ITEM ( 'NONE', ( #1603 ), #1027 ) ;
#1793 = DIRECTION ( 'NONE',  ( 1.000000000000000000, 0.0000000000000000000, 0.0000000000000000000 ) ) ;
#1794 = EDGE_CURVE ( 'NONE', #860, #317, #1867, .T. ) ;
#1795 = MECHANICAL_DESIGN_GEOMETRIC_PRESENTATION_REPRESENTATION (  '', ( #1136 ), #1892 ) ;
#1796 = CARTESIAN_POINT ( 'NONE',  ( -6.150000000000001200, -8.783095189484534200, -0.1499999999999999700 ) ) ;
#1797 = FACE_OUTER_BOUND ( 'NONE', #543, .T. ) ;
#1798 = CARTESIAN_POINT ( 'NONE',  ( 0.0000000000000000000, 0.5000000000000000000, 1.099999999999998800 ) ) ;
#1799 = SURFACE_STYLE_USAGE ( .BOTH. , #1484 ) ;
#1800 = PLANE ( 'NONE',  #285 ) ;
#1801 = VERTEX_POINT ( 'NONE', #650 ) ;
#1802 = ADVANCED_FACE ( 'NONE', ( #564 ), #1083, .T. ) ;
#1803 = DIRECTION ( 'NONE',  ( -0.0000000000000000000, -1.000000000000000000, -0.0000000000000000000 ) ) ;
#1804 = ORIENTED_EDGE ( 'NONE', *, *, #1806, .F. ) ;
#1805 = CARTESIAN_POINT ( 'NONE',  ( 10.89999999999999900, 0.5000000000000000000, -2.500000000000003100 ) ) ;
#1806 = EDGE_CURVE ( 'NONE', #844, #335, #1034, .T. ) ;
#1807 = ORIENTED_EDGE ( 'NONE', *, *, #1737, .F. ) ;
#1808 = FILL_AREA_STYLE ('',( #431 ) ) ;
#1809 =( NAMED_UNIT ( * ) SI_UNIT ( $, .STERADIAN. ) SOLID_ANGLE_UNIT ( ) );
#1810 = ORIENTED_EDGE ( 'NONE', *, *, #926, .F. ) ;
#1811 = DIRECTION ( 'NONE',  ( -1.000000000000000000, 0.0000000000000000000, -2.168404344971014500E-016 ) ) ;
#1812 = VERTEX_POINT ( 'NONE', #1544 ) ;
#1813 = SURFACE_STYLE_FILL_AREA ( #1647 ) ;
#1814 = DIRECTION ( 'NONE',  ( 0.0000000000000000000, -1.000000000000000000, 0.0000000000000000000 ) ) ;
#1815 = LINE ( 'NONE', #1485, #852 ) ;
#1816 = EDGE_CURVE ( 'NONE', #386, #1564, #972, .T. ) ;
#1817 = CARTESIAN_POINT ( 'NONE',  ( 0.0000000000000000000, -4.099999999999999600, 1.099999999999998800 ) ) ;
#1818 = CARTESIAN_POINT ( 'NONE',  ( 1.649999999999994400, -8.783095189484534200, 0.1500000000000000800 ) ) ;
#1819 = VECTOR ( 'NONE', #290, 1000.000000000000000 ) ;
#1820 =( LENGTH_UNIT ( ) NAMED_UNIT ( * ) SI_UNIT ( .MILLI., .METRE. ) );
#1821 = CARTESIAN_POINT ( 'NONE',  ( -10.40000000000000200, 0.5000000000000000000, 5.699999999999999300 ) ) ;
#1822 = VECTOR ( 'NONE', #68, 1000.000000000000000 ) ;
#1823 = DIRECTION ( 'NONE',  ( -0.0000000000000000000, -1.000000000000000000, -0.0000000000000000000 ) ) ;
#1824 = DIRECTION ( 'NONE',  ( 0.0000000000000000000, 0.0000000000000000000, 1.000000000000000000 ) ) ;
#1825 = ORIENTED_EDGE ( 'NONE', *, *, #225, .F. ) ;
#1826 = DIRECTION ( 'NONE',  ( 0.0000000000000000000, 0.0000000000000000000, -1.000000000000000000 ) ) ;
#1827 = CARTESIAN_POINT ( 'NONE',  ( 6.149999999999995000, -8.783095189484534200, 0.1499999999999999700 ) ) ;
#1828 = ORIENTED_EDGE ( 'NONE', *, *, #557, .T. ) ;
#1829 = PLANE ( 'NONE',  #457 ) ;
#1830 = ORIENTED_EDGE ( 'NONE', *, *, #440, .T. ) ;
#1831 = CARTESIAN_POINT ( 'NONE',  ( -10.40000000000000200, 0.0000000000000000000, 1.099999999999998800 ) ) ;
#1832 = CARTESIAN_POINT ( 'NONE',  ( 4.149999999999995000, 0.5000000000000000000, -0.1499999999999999700 ) ) ;
#1833 = EDGE_LOOP ( 'NONE', ( #1173, #1028, #1633, #1007 ) ) ;
#1834 = MECHANICAL_DESIGN_GEOMETRIC_PRESENTATION_REPRESENTATION (  '', ( #1228 ), #171 ) ;
#1835 = DIRECTION ( 'NONE',  ( 1.000000000000000000, 0.0000000000000000000, -7.228014483236698500E-016 ) ) ;
#1836 = VERTEX_POINT ( 'NONE', #16 ) ;
#1837 = ORIENTED_EDGE ( 'NONE', *, *, #1794, .F. ) ;
#1838 = DIRECTION ( 'NONE',  ( 0.0000000000000000000, -0.0000000000000000000, -1.000000000000000000 ) ) ;
#1839 = CARTESIAN_POINT ( 'NONE',  ( -10.90000000000000200, 11.10000000000000000, 5.699999999999999300 ) ) ;
#1840 = EDGE_CURVE ( 'NONE', #868, #725, #108, .T. ) ;
#1841 = DIRECTION ( 'NONE',  ( 1.000000000000000000, 0.0000000000000000000, 0.0000000000000000000 ) ) ;
#1842 = VECTOR ( 'NONE', #494, 1000.000000000000000 ) ;
#1843 = DIRECTION ( 'NONE',  ( 0.0000000000000000000, -1.000000000000000000, 0.0000000000000000000 ) ) ;
#1844 = CARTESIAN_POINT ( 'NONE',  ( -10.90000000000000200, 11.10000000000000000, 5.699999999999999300 ) ) ;
#1845 = VECTOR ( 'NONE', #1416, 1000.000000000000000 ) ;
#1846 = CARTESIAN_POINT ( 'NONE',  ( 3.649999999999995000, -8.783095189484534200, -0.1499999999999999700 ) ) ;
#1847 = EDGE_CURVE ( 'NONE', #554, #388, #1292, .T. ) ;
#1848 = LINE ( 'NONE', #1159, #404 ) ;
#1849 = CARTESIAN_POINT ( 'NONE',  ( -8.650000000000002100, 0.5000000000000000000, 0.1499999999999999700 ) ) ;
#1850 = DIRECTION ( 'NONE',  ( 1.000000000000000000, 0.0000000000000000000, -2.891205793294679400E-015 ) ) ;
#1851 = VECTOR ( 'NONE', #192, 1000.000000000000000 ) ;
#1852 = CARTESIAN_POINT ( 'NONE',  ( 8.649999999999998600, 0.5000000000000000000, -0.1499999999999999700 ) ) ;
#1853 = AXIS2_PLACEMENT_3D ( 'NONE', #1278, #52, #823 ) ;
#1854 = VECTOR ( 'NONE', #1235, 1000.000000000000000 ) ;
#1855 = ORIENTED_EDGE ( 'NONE', *, *, #1002, .T. ) ;
#1856 = ORIENTED_EDGE ( 'NONE', *, *, #272, .T. ) ;
#1857 = DIRECTION ( 'NONE',  ( -1.000000000000000000, 0.0000000000000000000, -2.891205793294678200E-015 ) ) ;
#1858 = ORIENTED_EDGE ( 'NONE', *, *, #480, .F. ) ;
#1859 = CARTESIAN_POINT ( 'NONE',  ( -10.90000000000000200, 0.0000000000000000000, 4.699999999999999300 ) ) ;
#1860 = ORIENTED_EDGE ( 'NONE', *, *, #1599, .T. ) ;
#1861 = VERTEX_POINT ( 'NONE', #1852 ) ;
#1862 = AXIS2_PLACEMENT_3D ( 'NONE', #659, #1107, #1545 ) ;
#1863 =( NAMED_UNIT ( * ) PLANE_ANGLE_UNIT ( ) SI_UNIT ( $, .RADIAN. ) );
#1864 = ITEM_DEFINED_TRANSFORMATION ( 'NONE', 'NONE', #561,  #1355 ) ;
#1865 =( NAMED_UNIT ( * ) SI_UNIT ( $, .STERADIAN. ) SOLID_ANGLE_UNIT ( ) );
#1866 = PLANE ( 'NONE',  #1959 ) ;
#1867 = LINE ( 'NONE', #629, #1269 ) ;
#1868 = VECTOR ( 'NONE', #1227, 1000.000000000000000 ) ;
#1869 = DIRECTION ( 'NONE',  ( 0.0000000000000000000, 0.0000000000000000000, -1.000000000000000000 ) ) ;
#1870 = APPLICATION_PROTOCOL_DEFINITION ( 'draft international standard', 'automotive_design', 1998, #62 ) ;
#1871 = LINE ( 'NONE', #1791, #505 ) ;
#1872 = EDGE_CURVE ( 'NONE', #1900, #1510, #850, .T. ) ;
#1873 = FACE_OUTER_BOUND ( 'NONE', #770, .T. ) ;
#1874 = DIRECTION ( 'NONE',  ( 1.000000000000000000, 0.0000000000000000000, -1.445602896647339700E-015 ) ) ;
#1875 = CARTESIAN_POINT ( 'NONE',  ( 8.649999999999995000, -4.099999999999999600, 0.1499999999999999700 ) ) ;
#1876 = ORIENTED_EDGE ( 'NONE', *, *, #422, .T. ) ;
#1877 = CARTESIAN_POINT ( 'NONE',  ( 0.0000000000000000000, 0.0000000000000000000, 0.0000000000000000000 ) ) ;
#1878 = AXIS2_PLACEMENT_3D ( 'NONE', #922, #760, #1965 ) ;
#1879 = CARTESIAN_POINT ( 'NONE',  ( 6.649999999999993200, 0.5000000000000000000, 0.1500000000000000800 ) ) ;
#1880 = EDGE_LOOP ( 'NONE', ( #101, #943, #861, #1881 ) ) ;
#1881 = ORIENTED_EDGE ( 'NONE', *, *, #524, .F. ) ;
#1882 = CARTESIAN_POINT ( 'NONE',  ( 10.89999999999999900, 0.0000000000000000000, -2.500000000000003100 ) ) ;
#1883 = ORIENTED_EDGE ( 'NONE', *, *, #279, .T. ) ;
#1884 = CARTESIAN_POINT ( 'NONE',  ( 1.149999999999995500, -4.099999999999999600, 0.1499999999999999700 ) ) ;
#1885 = APPLICATION_CONTEXT ( 'automotive_design' ) ;
#1886 = ORIENTED_EDGE ( 'NONE', *, *, #729, .T. ) ;
#1887 = EDGE_CURVE ( 'NONE', #962, #1812, #752, .T. ) ;
#1888 = DIRECTION ( 'NONE',  ( 0.0000000000000000000, -0.0000000000000000000, -1.000000000000000000 ) ) ;
#1889 = VECTOR ( 'NONE', #311, 1000.000000000000000 ) ;
#1890 = CARTESIAN_POINT ( 'NONE',  ( 10.89999999999999900, 0.5000000000000000000, 4.699999999999999300 ) ) ;
#1891 = VECTOR ( 'NONE', #1775, 1000.000000000000000 ) ;
#1892 =( GEOMETRIC_REPRESENTATION_CONTEXT ( 3 ) GLOBAL_UNCERTAINTY_ASSIGNED_CONTEXT ( ( #30 ) ) GLOBAL_UNIT_ASSIGNED_CONTEXT ( ( #691, #1744, #545 ) ) REPRESENTATION_CONTEXT ( 'NONE', 'WORKASPACE' ) );
#1893 = LINE ( 'NONE', #1562, #756 ) ;
#1894 = DIRECTION ( 'NONE',  ( 0.0000000000000000000, -1.000000000000000000, 0.0000000000000000000 ) ) ;
#1895 = VECTOR ( 'NONE', #419, 1000.000000000000000 ) ;
#1896 = DIRECTION ( 'NONE',  ( 1.000000000000000000, 0.0000000000000000000, 0.0000000000000000000 ) ) ;
#1897 = LINE ( 'NONE', #1532, #697 ) ;
#1898 = AXIS2_PLACEMENT_3D ( 'NONE', #1230, #764, #173 ) ;
#1899 = VECTOR ( 'NONE', #1219, 1000.000000000000000 ) ;
#1900 = VERTEX_POINT ( 'NONE', #1844 ) ;
#1901 = DIRECTION ( 'NONE',  ( -1.000000000000000000, 0.0000000000000000000, 0.0000000000000000000 ) ) ;
#1902 = EDGE_CURVE ( 'NONE', #1165, #1395, #233, .T. ) ;
#1903 = AXIS2_PLACEMENT_3D ( 'NONE', #889, #1199, #286 ) ;
#1904 = EDGE_LOOP ( 'NONE', ( #1080, #556, #1249, #982 ) ) ;
#1905 = CARTESIAN_POINT ( 'NONE',  ( 10.89999999999999900, 0.0000000000000000000, 4.699999999999999300 ) ) ;
#1906 = ORIENTED_EDGE ( 'NONE', *, *, #870, .F. ) ;
#1907 = ADVANCED_FACE ( 'NONE', ( #1597 ), #1373, .F. ) ;
#1908 = ORIENTED_EDGE ( 'NONE', *, *, #1806, .T. ) ;
#1909 = CARTESIAN_POINT ( 'NONE',  ( 1.149999999999995200, -8.783095189484534200, -0.1499999999999999700 ) ) ;
#1910 = EDGE_CURVE ( 'NONE', #1025, #1390, #1204, .T. ) ;
#1911 = VECTOR ( 'NONE', #475, 1000.000000000000000 ) ;
#1912 = CARTESIAN_POINT ( 'NONE',  ( -9.150000000000002100, 0.5000000000000000000, -0.1499999999999999700 ) ) ;
#1913 = VECTOR ( 'NONE', #11, 1000.000000000000000 ) ;
#1914 = VECTOR ( 'NONE', #1541, 1000.000000000000000 ) ;
#1915 = CARTESIAN_POINT ( 'NONE',  ( 9.149999999999993200, -4.099999999999999600, 0.1500000000000000800 ) ) ;
#1916 = VECTOR ( 'NONE', #1120, 1000.000000000000000 ) ;
#1917 = DIRECTION ( 'NONE',  ( 1.000000000000000000, 0.0000000000000000000, 0.0000000000000000000 ) ) ;
#1918 = EDGE_CURVE ( 'NONE', #103, #369, #1313, .T. ) ;
#1919 = LINE ( 'NONE', #308, #762 ) ;
#1920 = ORIENTED_EDGE ( 'NONE', *, *, #1319, .T. ) ;
#1921 = AXIS2_PLACEMENT_3D ( 'NONE', #1731, #1408, #817 ) ;
#1922 = EDGE_LOOP ( 'NONE', ( #966, #912, #1022, #916 ) ) ;
#1923 = ADVANCED_FACE ( 'NONE', ( #1788 ), #1380, .T. ) ;
#1924 = DIRECTION ( 'NONE',  ( 0.0000000000000000000, 0.0000000000000000000, 1.000000000000000000 ) ) ;
#1925 = VERTEX_POINT ( 'NONE', #33 ) ;
#1926 = ORIENTED_EDGE ( 'NONE', *, *, #1501, .T. ) ;
#1927 = SURFACE_STYLE_USAGE ( .BOTH. , #724 ) ;
#1928 = ORIENTED_EDGE ( 'NONE', *, *, #728, .T. ) ;
#1929 = ORIENTED_EDGE ( 'NONE', *, *, #1944, .T. ) ;
#1930 = EDGE_LOOP ( 'NONE', ( #1366, #1268, #595, #1513 ) ) ;
#1931 = DIRECTION ( 'NONE',  ( -0.0000000000000000000, 0.0000000000000000000, 1.000000000000000000 ) ) ;
#1932 = FACE_OUTER_BOUND ( 'NONE', #341, .T. ) ;
#1933 = ADVANCED_FACE ( 'NONE', ( #638 ), #1829, .F. ) ;
#1934 =( NAMED_UNIT ( * ) PLANE_ANGLE_UNIT ( ) SI_UNIT ( $, .RADIAN. ) );
#1935 = EDGE_CURVE ( 'NONE', #797, #1411, #1377, .T. ) ;
#1936 = LINE ( 'NONE', #199, #1229 ) ;
#1937 = LINE ( 'NONE', #1169, #1140 ) ;
#1938 = EDGE_CURVE ( 'NONE', #1424, #511, #1445, .T. ) ;
#1939 = DIRECTION ( 'NONE',  ( 0.0000000000000000000, 0.0000000000000000000, -1.000000000000000000 ) ) ;
#1940 = CARTESIAN_POINT ( 'NONE',  ( -10.40000000000000200, 0.0000000000000000000, 1.099999999999998800 ) ) ;
#1941 = VECTOR ( 'NONE', #1712, 1000.000000000000000 ) ;
#1942 = VECTOR ( 'NONE', #1082, 1000.000000000000000 ) ;
#1943 = PLANE ( 'NONE',  #1181 ) ;
#1944 = EDGE_CURVE ( 'NONE', #725, #1025, #584, .T. ) ;
#1945 = ORIENTED_EDGE ( 'NONE', *, *, #1000, .T. ) ;
#1946 = ORIENTED_EDGE ( 'NONE', *, *, #1490, .F. ) ;
#1947 = PRODUCT_DEFINITION ( 'UNKNOWN', '', #664, #811 ) ;
#1948 = ORIENTED_EDGE ( 'NONE', *, *, #9, .T. ) ;
#1949 =( LENGTH_UNIT ( ) NAMED_UNIT ( * ) SI_UNIT ( .MILLI., .METRE. ) );
#1950 = ORIENTED_EDGE ( 'NONE', *, *, #1130, .T. ) ;
#1951 = ADVANCED_FACE ( 'NONE', ( #1932 ), #1678, .F. ) ;
#1952 = DIRECTION ( 'NONE',  ( -0.0000000000000000000, 1.000000000000000000, -0.0000000000000000000 ) ) ;
#1953 = DIRECTION ( 'NONE',  ( -0.0000000000000000000, 0.0000000000000000000, 1.000000000000000000 ) ) ;
#1954 = DIRECTION ( 'NONE',  ( 1.000000000000000000, 0.0000000000000000000, 0.0000000000000000000 ) ) ;
#1955 = FACE_OUTER_BOUND ( 'NONE', #1717, .T. ) ;
#1956 = CARTESIAN_POINT ( 'NONE',  ( 1.149999999999995200, -4.099999999999999600, -0.1499999999999999700 ) ) ;
#1957 = LINE ( 'NONE', #299, #1084 ) ;
#1958 = DIRECTION ( 'NONE',  ( -0.0000000000000000000, -1.000000000000000000, -0.0000000000000000000 ) ) ;
#1959 = AXIS2_PLACEMENT_3D ( 'NONE', #631, #1077, #1523 ) ;
#1960 = VECTOR ( 'NONE', #301, 1000.000000000000000 ) ;
#1961 = DIRECTION ( 'NONE',  ( -2.312964634635742600E-014, -0.0000000000000000000, 1.000000000000000000 ) ) ;
#1962 = FACE_OUTER_BOUND ( 'NONE', #517, .T. ) ;
#1963 = CARTESIAN_POINT ( 'NONE',  ( 1.149999999999995500, -8.783095189484534200, 0.1499999999999999700 ) ) ;
#1964 = VECTOR ( 'NONE', #1673, 1000.000000000000000 ) ;
#1965 = DIRECTION ( 'NONE',  ( 0.0000000000000000000, -0.0000000000000000000, -1.000000000000000000 ) ) ;
#1966 = ORIENTED_EDGE ( 'NONE', *, *, #1388, .F. ) ;
#1967 = VERTEX_POINT ( 'NONE', #45 ) ;
#1968 = PLANE ( 'NONE',  #451 ) ;
#1969 = EDGE_CURVE ( 'NONE', #1395, #266, #1467, .T. ) ;
#1970 = ORIENTED_EDGE ( 'NONE', *, *, #1200, .F. ) ;
#1971 = DIRECTION ( 'NONE',  ( -1.000000000000000000, 0.0000000000000000000, -0.0000000000000000000 ) ) ;
#1972 = ORIENTED_EDGE ( 'NONE', *, *, #798, .F. ) ;
#1973 = NEXT_ASSEMBLY_USAGE_OCCURRENCE ( 'NAUO1', ' ', ' ', #761, #1947, $ ) ;
ENDSEC;
END-ISO-10303-21;
